mtllib dust2.mtl
usemtl DustStone
s off
o Dust_II_Group_205
v -36.883579 11.826911 -5.887461
v -36.740449 11.605002 -5.887461
v -36.883579 11.605002 -5.887461
v -36.740449 11.826911 -5.887461
v -36.740449 8.720182 -5.887461
v -36.740449 8.942091 -5.731847
v -36.740449 8.720182 -5.731847
v -36.740449 8.942091 -5.887461
v -36.883579 8.942091 -5.887461
v -36.883579 8.720182 -5.887461
v -36.883579 8.720182 -5.731847
v -36.740449 11.826911 -5.731847
v -36.883579 11.605002 -5.731847
v -36.740449 11.605002 -5.731847
v -36.883579 11.826911 -5.731847
v -36.883579 8.942091 -5.731847
v -36.740449 11.605002 -5.731847
v -36.883579 8.942091 -5.731847
v -36.740449 8.942091 -5.731847
v -36.883579 11.605002 -5.731847
v -36.883579 11.605002 -5.887461
v -36.883579 8.942091 -5.887461
v -36.740449 8.942091 -5.887461
v -36.740449 11.605002 -5.887461
v -36.740449 8.720182 -5.887461
v -36.740449 8.720182 -5.887461
v -36.740449 8.942091 -5.887461
v -36.740449 8.720182 -5.887461
v -36.883579 8.720182 -5.887461
v -36.740449 8.720182 -5.887461
v -36.740449 8.720182 -5.731847
v -36.740449 8.942091 -5.731847
v -36.883579 8.720182 -5.731847
v -36.740449 8.720182 -5.731847
v -36.883579 8.720182 -5.731847
v -36.740449 8.942091 -5.731847
v -36.883579 11.826911 -5.887461
v -36.883579 11.605002 -5.731847
v -36.883579 11.826911 -5.731847
v -36.883579 11.605002 -5.731847
v -36.883579 11.826911 -5.887461
v -36.883579 11.605002 -5.887461
v -36.740449 11.605002 -5.887461
v -36.740449 11.826911 -5.731847
v -36.740449 11.605002 -5.731847
v -36.740449 11.826911 -5.731847
v -36.740449 11.605002 -5.887461
v -36.740449 11.826911 -5.887461
v -36.740449 11.826911 -5.731847
v -36.883579 11.826911 -5.887461
v -36.883579 11.826911 -5.731847
v -36.883579 11.826911 -5.887461
v -36.740449 11.826911 -5.731847
v -36.740449 11.826911 -5.887461
v -36.883579 8.942091 -5.887461
v -36.883579 8.720182 -5.731847
v -36.883579 8.942091 -5.731847
v -36.883579 8.720182 -5.731847
v -36.883579 8.942091 -5.887461
v -36.883579 8.720182 -5.887461
v -36.883579 8.942091 -5.731847
v -36.883579 11.605002 -5.731847
v -36.883579 8.942091 -5.731847
v -36.883579 11.605002 -5.887461
v -36.883579 8.942091 -5.887461
v -36.883579 11.605002 -5.887461
v -36.740449 8.942091 -5.887461
v -36.740449 11.605002 -5.731847
v -36.740449 8.942091 -5.731847
v -36.740449 11.605002 -5.731847
v -36.740449 8.942091 -5.887461
v -36.740449 11.605002 -5.887461
f 1 2 3
f 2 1 4
f 5 6 7
f 6 5 8
f 9 25 10
f 26 9 27
f 28 11 29
f 11 30 31
f 12 13 14
f 13 12 15
f 32 33 34
f 35 36 16
f 37 38 39
f 40 41 42
f 43 44 45
f 46 47 48
f 49 50 51
f 52 53 54
f 55 56 57
f 58 59 60
f 17 18 19
f 18 17 20
f 21 61 62
f 63 21 22
f 64 23 65
f 23 66 24
f 67 68 69
f 70 71 72
o Dust_II_Group_200
v -99.189820 16.213671 -86.282849
v -99.014696 16.290187 -86.231078
v -98.284500 16.900924 -86.861825
v -98.642543 16.290187 -85.649160
v -98.210470 16.900697 -86.745402
v -98.667902 16.213671 -85.466749
v -94.476605 19.395384 -88.147195
v -97.838318 16.900697 -86.163483
v -97.741783 16.973976 -86.225220
v -95.596313 18.602655 -87.597305
v -95.492590 18.681390 -87.663639
v -95.968465 18.602655 -88.179224
v -96.042797 18.602655 -88.295454
v -96.490655 18.602655 -88.995750
v -94.668471 19.307003 -88.190685
v -95.040624 19.307003 -88.772603
v -95.937377 18.682687 -88.362873
v -95.864742 18.681390 -88.245557
v -94.998522 19.395384 -88.963295
v -98.636126 16.973976 -87.623664
v -96.459179 18.682687 -89.178791
v -98.806301 16.900924 -87.677743
v -98.188268 16.973976 -86.923368
v -98.113936 16.973976 -86.807138
v -98.603570 16.094271 -85.507891
v -94.412273 19.275985 -88.188337
v -99.125488 16.094271 -86.323991
v -96.394847 18.563280 -89.219932
v -98.741970 16.781517 -87.718885
v -98.220169 16.781517 -86.902967
v -94.934191 19.275985 -89.004437
v -95.978466 18.483248 -88.336596
v -96.426323 18.483248 -89.036891
v -98.571794 16.854569 -87.664806
v -98.123936 16.854569 -86.964510
v -95.873046 18.563280 -88.404014
v -95.531981 18.483248 -87.638447
v -97.677452 16.854569 -86.266361
v -98.950364 16.170780 -86.272220
v -98.146139 16.781290 -86.786543
v -98.578212 16.170780 -85.690301
v -98.049604 16.854569 -86.848280
v -95.904133 18.483248 -88.220366
v -95.800411 18.561991 -88.286699
v -95.428258 18.561991 -87.704781
v -94.976292 19.187596 -88.813745
v -97.773986 16.781290 -86.204625
v -94.604140 19.187596 -88.231826
v -97.666734 16.834669 -86.273216
v -97.763262 16.761390 -86.211483
v -94.476605 19.395384 -88.147195
v -98.667902 16.213671 -85.466749
v -94.476605 19.395384 -88.147195
v -98.603570 16.094271 -85.507891
v -99.189820 16.213671 -86.282849
v -99.189820 16.213671 -86.282849
v -98.603570 16.094271 -85.507891
v -98.667902 16.213671 -85.466749
v -98.806301 16.900924 -87.677743
v -96.459179 18.682687 -89.178791
v -98.806301 16.900924 -87.677743
v -98.806301 16.900924 -87.677743
v -98.741970 16.781517 -87.718885
v -98.806301 16.900924 -87.677743
v -98.284500 16.900924 -86.861825
v -98.220169 16.781517 -86.902967
v -99.189820 16.213671 -86.282849
v -98.284500 16.900924 -86.861825
v -99.189820 16.213671 -86.282849
v -98.220169 16.781517 -86.902967
v -99.125488 16.094271 -86.323991
v -94.476605 19.395384 -88.147195
v -94.998522 19.395384 -88.963295
v -94.476605 19.395384 -88.147195
v -94.412273 19.275985 -88.188337
v -96.490655 18.602655 -88.995750
v -96.490655 18.602655 -88.995750
v -96.042797 18.602655 -88.295454
v -96.490655 18.602655 -88.995750
v -98.636126 16.973976 -87.623664
v -96.490655 18.602655 -88.995750
v -96.426323 18.483248 -89.036891
v -98.188268 16.973976 -86.923368
v -98.571794 16.854569 -87.664806
v -98.636126 16.973976 -87.623664
v -98.571794 16.854569 -87.664806
v -98.188268 16.973976 -86.923368
v -94.934191 19.275985 -89.004437
v -95.937377 18.682687 -88.362873
v -94.998522 19.395384 -88.963295
v -95.937377 18.682687 -88.362873
v -94.934191 19.275985 -89.004437
v -95.937377 18.682687 -88.362873
v -96.394847 18.563280 -89.219932
v -96.459179 18.682687 -89.178791
v -96.394847 18.563280 -89.219932
v -95.937377 18.682687 -88.362873
v -95.873046 18.563280 -88.404014
v -95.978466 18.483248 -88.336596
v -98.188268 16.973976 -86.923368
v -96.042797 18.602655 -88.295454
v -98.188268 16.973976 -86.923368
v -95.978466 18.483248 -88.336596
v -98.123936 16.854569 -86.964510
v -97.741783 16.973976 -86.225220
v -95.596313 18.602655 -87.597305
v -97.741783 16.973976 -86.225220
v -98.210470 16.900697 -86.745402
v -99.014696 16.290187 -86.231078
v -98.210470 16.900697 -86.745402
v -98.642543 16.290187 -85.649160
v -98.950364 16.170780 -86.272220
v -99.014696 16.290187 -86.231078
v -98.950364 16.170780 -86.272220
v -98.642543 16.290187 -85.649160
v -95.968465 18.602655 -88.179224
v -98.113936 16.973976 -86.807138
v -95.968465 18.602655 -88.179224
v -97.741783 16.973976 -86.225220
v -98.049604 16.854569 -86.848280
v -98.113936 16.973976 -86.807138
v -98.049604 16.854569 -86.848280
v -97.741783 16.973976 -86.225220
v -97.677452 16.854569 -86.266361
v -95.492590 18.681390 -87.663639
v -95.864742 18.681390 -88.245557
v -95.492590 18.681390 -87.663639
v -95.800411 18.561991 -88.286699
v -95.040624 19.307003 -88.772603
v -95.864742 18.681390 -88.245557
v -95.040624 19.307003 -88.772603
v -95.800411 18.561991 -88.286699
v -95.531981 18.483248 -87.638447
v -95.968465 18.602655 -88.179224
v -95.904133 18.483248 -88.220366
v -95.968465 18.602655 -88.179224
v -95.531981 18.483248 -87.638447
v -95.596313 18.602655 -87.597305
v -98.210470 16.900697 -86.745402
v -98.146139 16.781290 -86.786543
v -98.210470 16.900697 -86.745402
v -97.838318 16.900697 -86.163483
v -97.773986 16.781290 -86.204625
v -98.642543 16.290187 -85.649160
v -97.838318 16.900697 -86.163483
v -98.642543 16.290187 -85.649160
v -97.773986 16.781290 -86.204625
v -98.578212 16.170780 -85.690301
v -97.838318 16.900697 -86.163483
v -97.741783 16.973976 -86.225220
v -97.838318 16.900697 -86.163483
v -97.773986 16.781290 -86.204625
v -95.040624 19.307003 -88.772603
v -94.976292 19.187596 -88.813745
v -95.040624 19.307003 -88.772603
v -94.668471 19.307003 -88.190685
v -94.604140 19.187596 -88.231826
v -95.492590 18.681390 -87.663639
v -94.668471 19.307003 -88.190685
v -95.492590 18.681390 -87.663639
v -94.604140 19.187596 -88.231826
v -95.428258 18.561991 -87.704781
v -97.773986 16.781290 -86.204625
v -97.773986 16.781290 -86.204625
v -98.741970 16.781517 -87.718885
v -98.571794 16.854569 -87.664806
v -98.220169 16.781517 -86.902967
v -98.571794 16.854569 -87.664806
v -98.741970 16.781517 -87.718885
v -96.394847 18.563280 -89.219932
v -98.571794 16.854569 -87.664806
v -96.394847 18.563280 -89.219932
v -96.426323 18.483248 -89.036891
v -96.426323 18.483248 -89.036891
v -96.394847 18.563280 -89.219932
v -95.978466 18.483248 -88.336596
v -95.978466 18.483248 -88.336596
v -96.394847 18.563280 -89.219932
v -95.904133 18.483248 -88.220366
v -95.904133 18.483248 -88.220366
v -96.394847 18.563280 -89.219932
v -95.531981 18.483248 -87.638447
v -95.531981 18.483248 -87.638447
v -96.394847 18.563280 -89.219932
v -95.800411 18.561991 -88.286699
v -95.800411 18.561991 -88.286699
v -96.394847 18.563280 -89.219932
v -95.873046 18.563280 -88.404014
v -95.800411 18.561991 -88.286699
v -95.873046 18.563280 -88.404014
v -94.976292 19.187596 -88.813745
v -94.976292 19.187596 -88.813745
v -95.873046 18.563280 -88.404014
v -94.934191 19.275985 -89.004437
v -94.976292 19.187596 -88.813745
v -94.934191 19.275985 -89.004437
v -94.604140 19.187596 -88.231826
v -98.603570 16.094271 -85.507891
v -98.578212 16.170780 -85.690301
v -94.412273 19.275985 -88.188337
v -98.578212 16.170780 -85.690301
v -98.603570 16.094271 -85.507891
v -98.950364 16.170780 -86.272220
v -94.412273 19.275985 -88.188337
v -98.578212 16.170780 -85.690301
v -97.773986 16.781290 -86.204625
v -94.412273 19.275985 -88.188337
v -97.773986 16.781290 -86.204625
v -97.677452 16.854569 -86.266361
v -94.412273 19.275985 -88.188337
v -97.677452 16.854569 -86.266361
v -95.531981 18.483248 -87.638447
v -94.412273 19.275985 -88.188337
v -95.531981 18.483248 -87.638447
v -95.428258 18.561991 -87.704781
v -95.428258 18.561991 -87.704781
v -95.531981 18.483248 -87.638447
v -95.800411 18.561991 -88.286699
v -94.412273 19.275985 -88.188337
v -95.428258 18.561991 -87.704781
v -94.604140 19.187596 -88.231826
v -94.412273 19.275985 -88.188337
v -94.604140 19.187596 -88.231826
v -94.934191 19.275985 -89.004437
v -95.978466 18.483248 -88.336596
v -98.049604 16.854569 -86.848280
v -98.123936 16.854569 -86.964510
v -98.049604 16.854569 -86.848280
v -95.978466 18.483248 -88.336596
v -95.904133 18.483248 -88.220366
v -99.125488 16.094271 -86.323991
v -98.950364 16.170780 -86.272220
v -98.603570 16.094271 -85.507891
v -98.950364 16.170780 -86.272220
v -99.125488 16.094271 -86.323991
v -98.220169 16.781517 -86.902967
v -98.950364 16.170780 -86.272220
v -98.220169 16.781517 -86.902967
v -98.146139 16.781290 -86.786543
v -98.146139 16.781290 -86.786543
v -98.220169 16.781517 -86.902967
v -97.773986 16.781290 -86.204625
v -97.773986 16.781290 -86.204625
v -98.220169 16.781517 -86.902967
v -97.677452 16.854569 -86.266361
v -97.677452 16.854569 -86.266361
v -98.220169 16.781517 -86.902967
v -98.571794 16.854569 -87.664806
v -97.677452 16.854569 -86.266361
v -98.571794 16.854569 -87.664806
v -98.123936 16.854569 -86.964510
v -97.677452 16.854569 -86.266361
v -98.123936 16.854569 -86.964510
v -98.049604 16.854569 -86.848280
f 73 74 75
f 74 73 76
f 75 74 77
f 78 76 73
f 76 78 79
f 76 79 80
f 80 79 81
f 81 79 82
f 82 79 83
f 82 83 84
f 84 83 85
f 85 83 86
f 83 79 87
f 87 79 88
f 88 89 90
f 89 88 91
f 91 88 79
f 92 93 94
f 93 92 86
f 93 86 90
f 90 86 83
f 93 90 89
f 81 77 80
f 77 81 75
f 75 81 94
f 94 81 92
f 92 81 95
f 95 81 96
f 95 96 84
f 95 84 85
f 97 123 124
f 125 97 98
f 126 127 99
f 128 129 130
f 100 131 132
f 133 100 101
f 102 134 135
f 136 102 137
f 138 139 140
f 141 142 143
f 144 103 145
f 103 146 147
f 104 148 105
f 149 104 150
f 106 151 152
f 153 106 154
f 155 156 157
f 158 159 107
f 160 161 162
f 163 164 108
f 165 166 167
f 168 169 170
f 171 172 173
f 174 175 176
f 109 177 178
f 179 109 110
f 111 180 181
f 182 111 112
f 183 184 185
f 186 187 113
f 114 188 189
f 190 114 115
f 191 192 193
f 194 195 196
f 197 116 198
f 116 199 117
f 200 201 202
f 203 204 118
f 205 206 207
f 208 209 210
f 119 211 212
f 213 119 214
f 215 216 217
f 218 219 220
f 110 221 222
f 223 110 224
f 120 225 226
f 227 120 228
f 229 230 231
f 232 233 234
f 121 235 110
f 236 121 122
f 237 238 239
f 240 241 242
f 243 244 245
f 246 247 248
f 249 250 251
f 252 253 254
f 255 256 257
f 258 259 260
f 261 262 263
f 264 265 266
f 267 268 269
f 270 271 272
f 273 274 275
f 276 277 278
f 279 280 281
f 282 283 284
f 285 286 287
f 288 289 290
f 291 292 293
f 294 295 296
f 297 298 299
f 300 301 302
f 303 304 305
f 306 307 308
f 309 310 311
f 312 313 314
f 315 316 317
f 318 319 320
f 321 322 323
f 324 325 326
o Dust_II_Group_199
v -103.935676 18.364781 -81.674948
v -104.387917 18.147949 -80.696212
v -103.937576 18.104978 -81.670837
v -104.605724 18.168734 -80.224828
v -104.989075 18.205312 -79.395181
v -104.835911 19.025323 -79.726661
v -103.979590 18.945978 -81.579912
v -104.086843 19.224313 -81.347796
v -104.656570 19.276864 -80.114787
v -104.370314 19.336329 -80.734308
v -100.050404 17.960136 -87.704120
v -100.091010 18.560030 -88.010450
v -100.200510 17.960136 -87.773472
v -99.940907 18.560030 -87.941087
v -108.430637 19.276864 -81.858649
v -108.904201 19.336329 -82.829252
v -108.144381 19.336329 -82.478170
v -109.190451 19.276864 -82.209735
v -104.791307 19.520061 -91.730375
v -104.387293 19.439167 -92.266836
v -104.515958 19.439167 -92.326289
v -104.662643 19.520061 -91.670922
v -103.013462 18.074352 -81.685678
v -105.411208 17.891323 -90.050890
v -100.250109 17.891323 -87.666133
v -108.174555 18.074352 -84.070440
v -99.980625 19.008146 -88.249358
v -99.830515 19.008146 -88.179999
v -101.705737 18.593798 -92.543084
v -100.818278 18.592560 -92.211069
v -101.676016 18.592560 -92.607404
v -100.847999 18.593798 -92.146749
v -106.089885 18.168734 -80.910612
v -106.251235 18.184129 -80.561413
v -107.216198 18.184129 -81.007290
v -108.358514 18.166703 -82.014743
v -107.033570 18.166703 -81.402526
v -108.763141 18.205312 -81.139043
v -104.410546 18.739254 -90.395003
v -105.068854 19.116674 -91.129699
v -104.246621 19.116674 -90.749771
v -105.232786 18.739254 -90.774927
v -108.409958 19.543101 -83.560990
v -108.387820 19.045153 -83.946805
v -108.538619 19.543101 -83.620437
v -108.259156 19.045153 -83.887352
v -100.787798 17.953934 -88.436297
v -103.525137 17.674230 -92.311213
v -99.793955 17.674230 -90.587168
v -104.518980 17.953934 -90.160342
v -99.787043 18.618968 -90.602134
v -100.679364 18.739254 -88.670958
v -99.950751 19.093176 -90.247828
v -100.515443 19.116674 -89.025732
v -104.211880 19.130665 -92.646478
v -104.340535 19.130665 -92.705928
v -104.340458 18.618968 -92.706107
v -103.681933 19.093176 -91.971873
v -104.504166 19.093176 -92.351801
v -103.518219 18.618968 -92.326183
v -103.031600 18.104978 -81.252214
v -103.029693 18.364781 -81.256329
v -108.620724 19.224313 -83.442744
v -107.860910 19.224313 -83.091658
v -108.609978 19.025323 -81.470523
v -109.369798 19.025323 -81.821605
v -103.073613 18.945978 -81.161289
v -105.068693 19.531606 -91.130046
v -104.940038 19.531606 -91.070595
v -100.846787 18.759126 -92.149367
v -98.618293 18.757890 -91.197716
v -100.817070 18.757890 -92.213693
v -98.648010 18.759126 -91.133390
v -103.013288 18.097971 -81.686059
v -102.863184 18.097971 -81.616696
v -108.174387 18.097971 -84.070816
v -108.303048 18.097971 -84.130263
v -108.471463 18.104978 -83.765781
v -107.711643 18.104978 -83.414699
v -109.123484 19.734042 -82.354681
v -108.697617 19.721673 -82.938442
v -108.826277 19.721673 -82.997889
v -108.994819 19.734042 -82.295228
v -103.894156 18.128024 -93.334097
v -98.734959 17.868221 -90.945218
v -103.896052 17.868221 -93.329980
v -98.733056 18.128024 -90.949339
v -98.805984 17.739662 -90.791514
v -103.967077 17.739662 -93.176275
v -98.986035 17.510900 -90.401846
v -103.968808 17.503478 -93.172525
v -98.807709 17.503478 -90.787767
v -104.147128 17.510900 -92.786608
v -104.098019 19.110491 -91.071378
v -107.042284 17.647434 -81.383660
v -108.701615 18.166703 -82.173271
v -108.710328 17.647434 -82.154406
v -106.824476 17.626650 -81.855045
v -106.681573 18.133116 -82.164314
v -106.690297 17.613847 -82.145451
v -106.815763 18.145920 -81.873910
v -104.207013 17.649463 -80.017706
v -106.098599 17.649463 -80.891746
v -104.198293 18.168734 -80.036576
v -109.390450 19.480712 -81.776899
v -109.261790 19.480712 -81.717453
v -108.140709 18.145920 -82.486117
v -107.709742 18.364781 -83.418810
v -107.753663 18.945978 -83.323770
v -104.140114 18.538444 -78.853164
v -104.147100 19.368702 -79.232263
v -104.290220 18.538444 -78.922517
v -103.996994 19.368702 -79.162911
v -106.259952 17.664860 -80.542553
v -108.469557 18.364781 -83.769896
v -104.138481 18.691822 -92.805318
v -104.275789 17.510900 -92.846054
v -104.267141 18.691822 -92.864765
v -99.756906 19.357892 -88.733522
v -99.606802 19.357892 -88.664159
v -103.347744 19.638279 -80.962231
v -102.981816 19.261412 -81.359959
v -103.131916 19.261412 -81.429316
v -103.197640 19.638279 -80.892868
v -99.251662 19.336866 -89.826973
v -99.101556 19.336866 -89.757620
v -107.224912 17.664860 -80.988425
v -105.310046 19.117941 -90.607714
v -105.181388 19.117941 -90.548258
v -105.716613 18.133116 -81.718442
v -105.872074 18.147949 -81.381990
v -105.725333 17.613847 -81.699573
v -105.880797 17.628680 -81.363127
v -108.513477 18.945978 -83.674856
v -103.782143 19.662603 -79.627892
v -103.932243 19.662603 -79.697249
v -102.921272 18.861464 -81.490982
v -103.071376 18.861464 -81.560345
v -98.827627 18.644584 -90.350453
v -98.977733 18.644584 -90.419805
v -98.835925 17.510900 -90.332487
v -103.980482 18.147949 -80.507954
v -103.989205 17.628680 -80.489091
v -99.051145 19.032089 -90.260931
v -98.901042 19.032089 -90.191567
v -98.900594 18.618968 -90.192540
v -99.064302 19.093176 -89.838233
v -104.142534 18.207786 -78.847922
v -109.579978 18.538444 -81.366731
v -109.582398 18.207786 -81.361489
v -109.451313 18.538444 -81.307279
v -104.942763 18.640659 -77.510291
v -110.103863 18.640659 -79.895049
v -110.104725 18.522567 -79.893176
v -104.943626 18.522567 -77.508418
v -105.074737 18.548234 -77.224661
v -110.235836 18.548234 -79.609418
v -99.792922 18.739254 -88.261360
v -99.628994 19.116674 -88.616138
v -108.492523 17.626650 -82.625780
v -104.550084 22.698235 -90.873904
v -100.191964 22.553663 -88.785025
v -104.617075 22.553663 -90.829715
v -100.203903 22.698235 -88.865685
v -108.483803 18.145920 -82.644650
v -105.410691 17.962180 -90.052012
v -105.446131 18.487901 -90.313204
v -105.539352 17.962180 -90.111458
v -105.317470 18.487901 -90.253758
v -109.522955 18.205312 -81.490129
v -98.907513 17.674230 -90.177570
v -104.347377 17.674230 -92.691137
v -99.901349 17.953934 -88.026703
v -105.341213 17.953934 -90.540270
v -100.249592 17.962180 -87.667254
v -103.809103 18.759126 -93.518151
v -101.674808 18.757890 -92.610028
v -103.779386 18.757890 -93.582477
v -101.704525 18.759126 -92.545702
v -103.180860 19.224313 -80.929177
v -103.464337 19.336329 -80.315685
v -103.750593 19.276864 -79.696164
v -103.929935 19.025323 -79.308038
v -104.083096 18.205312 -78.976568
v -103.554704 23.425558 -89.555509
v -102.814942 23.423661 -89.452294
v -103.455739 23.423661 -89.748382
v -102.905790 23.425558 -89.255674
v -102.906922 23.118483 -89.253229
v -102.816068 23.116586 -89.449853
v -103.555829 23.118483 -89.553067
v -103.456869 23.116586 -89.745947
v -104.412442 23.425558 -89.951844
v -103.672681 23.423661 -89.848629
v -104.313478 23.423661 -90.144717
v -103.763535 23.425558 -89.652005
v -103.764660 23.118483 -89.649564
v -103.673806 23.116586 -89.846188
v -104.413568 23.118483 -89.949403
v -104.314607 23.116586 -90.142282
v -102.568299 23.425558 -89.099731
v -101.828537 23.423661 -88.996516
v -102.469334 23.423661 -89.292604
v -101.919391 23.425558 -88.799892
v -101.920517 23.118483 -88.797451
v -102.569424 23.118483 -89.097290
v -101.829663 23.116586 -88.994075
v -101.689115 23.425558 -88.693489
v -100.949353 23.423661 -88.590275
v -101.590150 23.423661 -88.886363
v -101.040201 23.425558 -88.393655
v -101.041333 23.118483 -88.391210
v -101.690240 23.118483 -88.691048
v -100.950479 23.116586 -88.587834
v -101.591276 23.116586 -88.883921
v -102.470460 23.116586 -89.290163
v -108.701615 18.166703 -82.173271
v -108.140709 18.145920 -82.486117
v -108.483803 18.145920 -82.644650
v -108.358514 18.166703 -82.014743
v -104.605724 18.168734 -80.224828
v -103.980482 18.147949 -80.507954
v -104.387917 18.147949 -80.696212
v -104.198293 18.168734 -80.036576
v -110.214865 21.412526 -79.654807
v -104.617075 22.553663 -90.829715
v -104.409801 21.170955 -92.218127
v -104.588337 23.114691 -90.507361
v -104.550084 22.698235 -90.873904
v -105.539352 17.962180 -90.111458
v -105.232786 18.739254 -90.774927
v -105.341213 17.953934 -90.540270
v -105.446131 18.487901 -90.313204
v -105.310046 19.117941 -90.607714
v -105.068854 19.116674 -91.129699
v -104.347377 17.674230 -92.691137
v -104.267141 18.691822 -92.864765
v -104.275789 17.510900 -92.846054
v -104.340458 18.618968 -92.706107
v -104.504166 19.093176 -92.351801
v -104.340535 19.130665 -92.705928
v -105.068693 19.531606 -91.130046
v -104.515958 19.439167 -92.326289
v -104.791307 19.520061 -91.730375
v -104.770040 23.118483 -90.114117
v -109.413497 23.215400 -80.064749
v -108.714558 23.200812 -81.577389
v -109.193475 23.210808 -80.540923
v -110.232454 19.010438 -79.616746
v -105.011913 19.007964 -77.360628
v -110.173012 19.007964 -79.745386
v -105.071355 19.010438 -77.231988
v -110.235836 18.548234 -79.609418
v -110.103863 18.640659 -79.895049
v -110.104725 18.522567 -79.893176
v -108.174555 18.074352 -84.070440
v -105.410691 17.962180 -90.052012
v -105.411208 17.891323 -90.050890
v -105.317470 18.487901 -90.253758
v -108.174387 18.097971 -84.070816
v -108.259156 19.045153 -83.887352
v -105.181388 19.117941 -90.548258
v -108.409958 19.543101 -83.560990
v -104.940038 19.531606 -91.070595
v -109.261790 19.480712 -81.717453
v -109.451313 18.538444 -81.307279
v -108.994819 19.734042 -82.295228
v -103.796311 20.506891 -93.545850
v -104.147128 17.510900 -92.786608
v -103.967077 17.739662 -93.176275
v -103.968808 17.503478 -93.172525
v -104.138481 18.691822 -92.805318
v -103.896052 17.868221 -93.329980
v -103.894156 18.128024 -93.334097
v -103.781806 18.427231 -93.577235
v -103.779386 18.757890 -93.582477
v -103.809103 18.759126 -93.518151
v -104.211880 19.130665 -92.646478
v -104.387293 19.439167 -92.266836
v -104.662643 19.520061 -91.670922
v -108.697617 19.721673 -82.938442
v -109.582398 18.207786 -81.361489
v -109.369798 19.025323 -81.821605
v -109.522955 18.205312 -81.490129
v -109.579978 18.538444 -81.366731
v -109.390450 19.480712 -81.776899
v -109.190451 19.276864 -82.209735
v -108.904201 19.336329 -82.829252
v -108.471463 18.104978 -83.765781
v -108.387820 19.045153 -83.946805
v -108.303048 18.097971 -84.130263
v -108.469557 18.364781 -83.769896
v -108.513477 18.945978 -83.674856
v -108.620724 19.224313 -83.442744
v -108.538619 19.543101 -83.620437
v -109.123484 19.734042 -82.354681
v -108.826277 19.721673 -82.997889
v -109.123652 23.485638 -80.692034
v -108.806455 23.618258 -81.378507
v -108.774059 23.471093 -81.448624
v -109.086571 23.631605 -80.772293
v -105.069506 23.210808 -78.635388
v -105.149402 23.485638 -78.855682
v -105.219231 23.210808 -78.704567
v -104.999683 23.485638 -78.786499
v -108.630670 23.471093 -81.382365
v -108.714558 23.200812 -81.577389
v -108.571163 23.200812 -81.511134
v -104.682488 23.618258 -79.472962
v -104.650087 23.471093 -79.543082
v -104.962598 23.631605 -78.866752
v -104.590589 23.200812 -79.671854
v -109.050080 23.210808 -80.474668
v -104.740314 23.200812 -79.741033
v -104.799816 23.471093 -79.612267
v -104.413568 23.118483 -89.949403
v -104.770040 23.118483 -90.114117
v -103.764660 23.118483 -89.649564
v -103.555829 23.118483 -89.553067
v -102.906922 23.118483 -89.253229
v -100.646077 23.118483 -88.208577
v -101.920517 23.118483 -88.797451
v -102.569424 23.118483 -89.097290
v -101.690240 23.118483 -88.691048
v -101.041333 23.118483 -88.391210
v -109.413497 23.215400 -80.064749
v -109.193475 23.210808 -80.540923
v -105.289530 23.215400 -78.159204
v -108.980257 23.485638 -80.625779
v -104.409801 21.170955 -92.218127
v -98.635218 20.506891 -91.161089
v -103.796311 20.506891 -93.545850
v -99.248708 21.170955 -89.833365
v -104.215642 23.114691 -90.335156
v -104.588337 23.114691 -90.507361
v -104.314607 23.116586 -90.142282
v -103.673806 23.116586 -89.846188
v -103.357904 23.114691 -89.938821
v -103.582958 23.114691 -90.042808
v -103.456869 23.116586 -89.745947
v -100.950479 23.116586 -88.587834
v -100.464369 23.114691 -88.601825
v -100.859625 23.114691 -88.784458
v -101.829663 23.116586 -88.994075
v -101.492315 23.114691 -89.076801
v -101.738808 23.114691 -89.190699
v -101.591276 23.116586 -88.883921
v -102.725218 23.114691 -89.646483
v -102.470460 23.116586 -89.290163
v -102.371499 23.114691 -89.483043
v -102.816068 23.116586 -89.449853
v -103.796311 20.506891 -93.545850
v -101.704525 18.759126 -92.545702
v -103.809103 18.759126 -93.518151
v -98.635218 20.506891 -91.161089
v -100.846787 18.759126 -92.149367
v -98.648010 18.759126 -91.133390
v -98.618293 18.757890 -91.197716
v -100.818278 18.592560 -92.211069
v -100.817070 18.757890 -92.213693
v -101.674808 18.757890 -92.610028
v -103.781806 18.427231 -93.577235
v -103.779386 18.757890 -93.582477
v -101.676016 18.592560 -92.607404
v -98.620707 18.427231 -91.192477
v -103.894156 18.128024 -93.334097
v -98.733056 18.128024 -90.949339
v -101.705737 18.593798 -92.543084
v -100.847999 18.593798 -92.146749
v -104.588337 23.114691 -90.507361
v -100.203903 22.698235 -88.865685
v -104.550084 22.698235 -90.873904
v -104.215642 23.114691 -90.335156
v -103.582958 23.114691 -90.042808
v -103.357904 23.114691 -89.938821
v -102.725218 23.114691 -89.646483
v -102.371499 23.114691 -89.483043
v -101.738808 23.114691 -89.190699
v -101.492315 23.114691 -89.076801
v -100.859625 23.114691 -88.784458
v -100.464369 23.114691 -88.601825
v -104.617075 22.553663 -90.829715
v -99.248708 21.170955 -89.833365
v -104.409801 21.170955 -92.218127
v -100.191964 22.553663 -88.785025
v -105.053771 21.412526 -77.270045
v -109.413497 23.215400 -80.064749
v -110.214865 21.412526 -79.654807
v -105.289530 23.215400 -78.159204
v -105.074737 18.548234 -77.224661
v -110.232454 19.010438 -79.616746
v -110.235836 18.548234 -79.609418
v -105.071355 19.010438 -77.231988
v -105.011913 19.007964 -77.360628
v -110.173012 19.007964 -79.745386
v -100.191964 22.553663 -88.785025
v -105.053771 21.412526 -77.270045
v -99.248708 21.170955 -89.833365
v -100.464369 23.114691 -88.601825
v -100.203903 22.698235 -88.865685
v -98.827627 18.644584 -90.350453
v -98.907513 17.674230 -90.177570
v -98.835925 17.510900 -90.332487
v -98.900594 18.618968 -90.192540
v -99.064302 19.093176 -89.838233
v -98.901042 19.032089 -90.191567
v -99.101556 19.336866 -89.757620
v -99.628994 19.116674 -88.616138
v -99.792922 18.739254 -88.261360
v -100.050404 17.960136 -87.704120
v -99.901349 17.953934 -88.026703
v -99.940907 18.560030 -87.941087
v -99.830515 19.008146 -88.179999
v -99.606802 19.357892 -88.664159
v -102.921272 18.861464 -81.490982
v -103.031600 18.104978 -81.252214
v -102.863184 18.097971 -81.616696
v -103.029693 18.364781 -81.256329
v -103.073613 18.945978 -81.161289
v -102.981816 19.261412 -81.359959
v -103.180860 19.224313 -80.929177
v -103.464337 19.336329 -80.315685
v -103.197640 19.638279 -80.892868
v -103.996994 19.368702 -79.162911
v -103.782143 19.662603 -79.627892
v -103.929935 19.025323 -79.308038
v -104.142534 18.207786 -78.847922
v -104.083096 18.205312 -78.976568
v -104.140114 18.538444 -78.853164
v -103.750593 19.276864 -79.696164
v -98.805984 17.739662 -90.791514
v -98.986035 17.510900 -90.401846
v -98.807709 17.503478 -90.787767
v -98.977733 18.644584 -90.419805
v -98.734959 17.868221 -90.945218
v -98.733056 18.128024 -90.949339
v -98.620707 18.427231 -91.192477
v -98.618293 18.757890 -91.197716
v -98.648010 18.759126 -91.133390
v -99.051145 19.032089 -90.260931
v -98.635218 20.506891 -91.161089
v -99.251662 19.336866 -89.826973
v -99.756906 19.357892 -88.733522
v -103.347744 19.638279 -80.962231
v -103.932243 19.662603 -79.697249
v -104.147100 19.368702 -79.232263
v -104.942763 18.640659 -77.510291
v -104.290220 18.538444 -78.922517
v -105.011913 19.007964 -77.360628
v -100.091010 18.560030 -88.010450
v -100.249592 17.962180 -87.667254
v -100.200510 17.960136 -87.773472
v -103.013462 18.074352 -81.685678
v -103.013288 18.097971 -81.686059
v -103.071376 18.861464 -81.560345
v -99.980625 19.008146 -88.249358
v -103.131916 19.261412 -81.429316
v -105.074737 18.548234 -77.224661
v -104.943626 18.522567 -77.508418
v -105.071355 19.010438 -77.231988
v -100.250109 17.891323 -87.666133
v -100.646077 23.118483 -88.208577
v -105.289530 23.215400 -78.159204
v -104.590589 23.200812 -79.671854
v -105.069506 23.210808 -78.635388
v -103.672681 23.423661 -89.848629
v -104.314607 23.116586 -90.142282
v -104.313478 23.423661 -90.144717
v -103.673806 23.116586 -89.846188
v -102.814942 23.423661 -89.452294
v -103.456869 23.116586 -89.745947
v -103.455739 23.423661 -89.748382
v -102.816068 23.116586 -89.449853
v -101.828537 23.423661 -88.996516
v -102.470460 23.116586 -89.290163
v -102.469334 23.423661 -89.292604
v -101.829663 23.116586 -88.994075
v -100.949353 23.423661 -88.590275
v -101.591276 23.116586 -88.883921
v -101.590150 23.423661 -88.886363
v -100.950479 23.116586 -88.587834
v -99.940907 18.560030 -87.941087
v -100.091010 18.560030 -88.010450
v -99.940907 18.560030 -87.941087
v -104.989075 18.205312 -79.395181
v -104.605724 18.168734 -80.224828
v -104.989075 18.205312 -79.395181
v -104.989075 18.205312 -79.395181
v -104.989075 18.205312 -79.395181
v -100.787798 17.953934 -88.436297
v -99.793955 17.674230 -90.587168
v -100.787798 17.953934 -88.436297
v -104.515958 19.439167 -92.326289
v -104.515958 19.439167 -92.326289
v -104.387293 19.439167 -92.266836
v -103.935676 18.364781 -81.674948
v -103.937576 18.104978 -81.670837
v -103.935676 18.364781 -81.674948
v -108.144381 19.336329 -82.478170
v -108.144381 19.336329 -82.478170
v -108.904201 19.336329 -82.829252
v -109.190451 19.276864 -82.209735
v -108.430637 19.276864 -81.858649
v -109.190451 19.276864 -82.209735
v -103.029693 18.364781 -81.256329
v -103.979590 18.945978 -81.579912
v -103.935676 18.364781 -81.674948
v -103.979590 18.945978 -81.579912
v -103.029693 18.364781 -81.256329
v -104.662643 19.520061 -91.670922
v -104.791307 19.520061 -91.730375
v -104.662643 19.520061 -91.670922
v -103.031600 18.104978 -81.252214
v -103.031600 18.104978 -81.252214
v -103.031600 18.104978 -81.252214
v -103.031600 18.104978 -81.252214
v -103.031600 18.104978 -81.252214
v -103.937576 18.104978 -81.670837
v -103.937576 18.104978 -81.670837
v -103.896052 17.868221 -93.329980
v -98.734959 17.868221 -90.945218
v -103.896052 17.868221 -93.329980
v -104.504166 19.093176 -92.351801
v -103.681933 19.093176 -91.971873
v -104.504166 19.093176 -92.351801
v -105.068854 19.116674 -91.129699
v -105.068854 19.116674 -91.129699
v -104.246621 19.116674 -90.749771
v -108.358514 18.166703 -82.014743
v -108.358514 18.166703 -82.014743
v -107.033570 18.166703 -81.402526
v -106.089885 18.168734 -80.910612
v -106.089885 18.168734 -80.910612
v -104.605724 18.168734 -80.224828
v -104.605724 18.168734 -80.224828
v -108.994819 19.734042 -82.295228
v -109.123484 19.734042 -82.354681
v -108.994819 19.734042 -82.295228
v -107.711643 18.104978 -83.414699
v -108.358514 18.166703 -82.014743
v -108.358514 18.166703 -82.014743
v -108.763141 18.205312 -81.139043
v -108.763141 18.205312 -81.139043
v -108.609978 19.025323 -81.470523
v -108.609978 19.025323 -81.470523
v -108.609978 19.025323 -81.470523
v -107.860910 19.224313 -83.091658
v -107.860910 19.224313 -83.091658
v -108.609978 19.025323 -81.470523
v -108.430637 19.276864 -81.858649
v -107.860910 19.224313 -83.091658
v -108.430637 19.276864 -81.858649
v -108.144381 19.336329 -82.478170
v -106.089885 18.168734 -80.910612
v -106.098599 17.649463 -80.891746
v -106.089885 18.168734 -80.910612
v -106.251235 18.184129 -80.561413
v -108.471463 18.104978 -83.765781
v -107.709742 18.364781 -83.418810
v -107.709742 18.364781 -83.418810
v -108.471463 18.104978 -83.765781
v -107.711643 18.104978 -83.414699
v -104.147128 17.510900 -92.786608
v -99.830515 19.008146 -88.179999
v -99.830515 19.008146 -88.179999
v -99.980625 19.008146 -88.249358
v -108.259156 19.045153 -83.887352
v -108.303048 18.097971 -84.130263
v -108.387820 19.045153 -83.946805
v -108.303048 18.097971 -84.130263
v -108.259156 19.045153 -83.887352
v -108.174387 18.097971 -84.070816
v -104.518980 17.953934 -90.160342
v -103.518219 18.618968 -92.326183
v -103.525137 17.674230 -92.311213
v -103.518219 18.618968 -92.326183
v -104.518980 17.953934 -90.160342
v -104.410546 18.739254 -90.395003
v -103.518219 18.618968 -92.326183
v -104.410546 18.739254 -90.395003
v -103.681933 19.093176 -91.971873
v -103.681933 19.093176 -91.971873
v -104.410546 18.739254 -90.395003
v -104.098019 19.110491 -91.071378
v -104.098019 19.110491 -91.071378
v -104.410546 18.739254 -90.395003
v -104.246621 19.116674 -90.749771
v -99.606802 19.357892 -88.664159
v -99.606802 19.357892 -88.664159
v -99.756906 19.357892 -88.733522
v -107.033570 18.166703 -81.402526
v -107.042284 17.647434 -81.383660
v -107.033570 18.166703 -81.402526
v -107.216198 18.184129 -81.007290
v -104.940038 19.531606 -91.070595
v -105.068693 19.531606 -91.130046
v -104.940038 19.531606 -91.070595
v -104.387917 18.147949 -80.696212
v -107.711643 18.104978 -83.414699
v -103.937576 18.104978 -81.670837
v -107.711643 18.104978 -83.414699
v -104.387917 18.147949 -80.696212
v -104.387917 18.147949 -80.696212
v -107.711643 18.104978 -83.414699
v -106.681573 18.133116 -82.164314
v -108.140709 18.145920 -82.486117
v -106.681573 18.133116 -82.164314
v -107.711643 18.104978 -83.414699
v -108.140709 18.145920 -82.486117
v -106.681573 18.133116 -82.164314
v -106.815763 18.145920 -81.873910
v -105.716613 18.133116 -81.718442
v -106.690297 17.613847 -82.145451
v -106.681573 18.133116 -82.164314
v -106.690297 17.613847 -82.145451
v -105.716613 18.133116 -81.718442
v -105.716613 18.133116 -81.718442
v -105.725333 17.613847 -81.699573
v -105.716613 18.133116 -81.718442
v -105.872074 18.147949 -81.381990
v -107.753663 18.945978 -83.323770
v -108.620724 19.224313 -83.442744
v -108.620724 19.224313 -83.442744
v -107.753663 18.945978 -83.323770
v -107.860910 19.224313 -83.091658
v -104.147100 19.368702 -79.232263
v -104.147100 19.368702 -79.232263
v -103.996994 19.368702 -79.162911
v -103.013288 18.097971 -81.686059
v -103.013288 18.097971 -81.686059
v -102.863184 18.097971 -81.616696
v -102.981816 19.261412 -81.359959
v -103.071376 18.861464 -81.560345
v -103.131916 19.261412 -81.429316
v -103.071376 18.861464 -81.560345
v -102.981816 19.261412 -81.359959
v -102.921272 18.861464 -81.490982
v -98.986035 17.510900 -90.401846
v -98.986035 17.510900 -90.401846
v -104.207013 17.649463 -80.017706
v -104.207013 17.649463 -80.017706
v -104.198293 18.168734 -80.036576
v -99.101556 19.336866 -89.757620
v -99.101556 19.336866 -89.757620
v -99.251662 19.336866 -89.826973
v -103.932243 19.662603 -79.697249
v -103.197640 19.638279 -80.892868
v -103.347744 19.638279 -80.962231
v -103.197640 19.638279 -80.892868
v -103.932243 19.662603 -79.697249
v -103.782143 19.662603 -79.627892
v -99.950751 19.093176 -90.247828
v -99.787043 18.618968 -90.602134
v -99.950751 19.093176 -90.247828
v -108.826277 19.721673 -82.997889
v -108.409958 19.543101 -83.560990
v -108.538619 19.543101 -83.620437
v -108.409958 19.543101 -83.560990
v -108.826277 19.721673 -82.997889
v -108.697617 19.721673 -82.938442
v -104.290220 18.538444 -78.922517
v -104.290220 18.538444 -78.922517
v -104.140114 18.538444 -78.853164
v -109.451313 18.538444 -81.307279
v -104.290220 18.538444 -78.922517
v -109.451313 18.538444 -81.307279
v -104.942763 18.640659 -77.510291
v -110.103863 18.640659 -79.895049
v -104.942763 18.640659 -77.510291
v -110.104725 18.522567 -79.893176
v -104.943626 18.522567 -77.508418
v -110.104725 18.522567 -79.893176
v -100.515443 19.116674 -89.025732
v -100.515443 19.116674 -89.025732
v -100.679364 18.739254 -88.670958
v -104.387917 18.147949 -80.696212
v -105.880797 17.628680 -81.363127
v -105.872074 18.147949 -81.381990
v -105.880797 17.628680 -81.363127
v -104.387917 18.147949 -80.696212
v -103.989205 17.628680 -80.489091
v -103.989205 17.628680 -80.489091
v -104.387917 18.147949 -80.696212
v -103.980482 18.147949 -80.507954
v -104.207013 17.649463 -80.017706
v -105.880797 17.628680 -81.363127
v -103.989205 17.628680 -80.489091
v -105.880797 17.628680 -81.363127
v -104.207013 17.649463 -80.017706
v -107.042284 17.647434 -81.383660
v -107.042284 17.647434 -81.383660
v -104.207013 17.649463 -80.017706
v -106.098599 17.649463 -80.891746
v -107.042284 17.647434 -81.383660
v -106.098599 17.649463 -80.891746
v -107.224912 17.664860 -80.988425
v -107.224912 17.664860 -80.988425
v -106.098599 17.649463 -80.891746
v -106.259952 17.664860 -80.542553
v -105.880797 17.628680 -81.363127
v -106.690297 17.613847 -82.145451
v -105.725333 17.613847 -81.699573
v -106.690297 17.613847 -82.145451
v -105.880797 17.628680 -81.363127
v -106.824476 17.626650 -81.855045
v -106.824476 17.626650 -81.855045
v -105.880797 17.628680 -81.363127
v -105.880797 17.628680 -81.363127
v -108.710328 17.647434 -82.154406
v -108.710328 17.647434 -82.154406
v -105.880797 17.628680 -81.363127
v -107.042284 17.647434 -81.383660
v -104.340535 19.130665 -92.705928
v -104.138481 18.691822 -92.805318
v -104.267141 18.691822 -92.864765
v -104.138481 18.691822 -92.805318
v -104.340535 19.130665 -92.705928
v -104.211880 19.130665 -92.646478
v -108.710328 17.647434 -82.154406
v -108.492523 17.626650 -82.625780
v -108.710328 17.647434 -82.154406
v -108.701615 18.166703 -82.173271
v -106.259952 17.664860 -80.542553
v -107.216198 18.184129 -81.007290
v -107.224912 17.664860 -80.988425
v -107.216198 18.184129 -81.007290
v -106.259952 17.664860 -80.542553
v -106.251235 18.184129 -80.561413
v -108.140709 18.145920 -82.486117
v -108.492523 17.626650 -82.625780
v -108.483803 18.145920 -82.644650
v -108.492523 17.626650 -82.625780
v -108.140709 18.145920 -82.486117
v -106.824476 17.626650 -81.855045
v -106.824476 17.626650 -81.855045
v -108.140709 18.145920 -82.486117
v -106.815763 18.145920 -81.873910
v -108.609978 19.025323 -81.470523
v -109.369798 19.025323 -81.821605
v -108.609978 19.025323 -81.470523
v -108.763141 18.205312 -81.139043
v -98.986035 17.510900 -90.401846
v -98.835925 17.510900 -90.332487
v -98.986035 17.510900 -90.401846
v -104.147128 17.510900 -92.786608
v -104.147128 17.510900 -92.786608
v -104.275789 17.510900 -92.846054
v -104.147128 17.510900 -92.786608
v -99.793955 17.674230 -90.587168
v -99.793955 17.674230 -90.587168
v -103.525137 17.674230 -92.311213
v -99.792922 18.739254 -88.261360
v -100.787798 17.953934 -88.436297
v -100.679364 18.739254 -88.670958
v -100.787798 17.953934 -88.436297
v -99.792922 18.739254 -88.261360
v -100.050404 17.960136 -87.704120
v -100.787798 17.953934 -88.436297
v -99.901349 17.953934 -88.026703
v -100.787798 17.953934 -88.436297
v -100.050404 17.960136 -87.704120
v -104.518980 17.953934 -90.160342
v -104.518980 17.953934 -90.160342
v -100.050404 17.960136 -87.704120
v -100.050404 17.960136 -87.704120
v -100.200510 17.960136 -87.773472
v -100.200510 17.960136 -87.773472
v -105.539352 17.962180 -90.111458
v -105.539352 17.962180 -90.111458
v -100.200510 17.960136 -87.773472
v -105.539352 17.962180 -90.111458
v -105.410691 17.962180 -90.052012
v -100.249592 17.962180 -87.667254
v -105.411208 17.891323 -90.050890
v -105.410691 17.962180 -90.052012
v -105.411208 17.891323 -90.050890
v -100.249592 17.962180 -87.667254
v -100.250109 17.891323 -87.666133
v -98.901042 19.032089 -90.191567
v -98.977733 18.644584 -90.419805
v -99.051145 19.032089 -90.260931
v -98.977733 18.644584 -90.419805
v -98.901042 19.032089 -90.191567
v -98.827627 18.644584 -90.350453
v -108.174555 18.074352 -84.070440
v -103.013288 18.097971 -81.686059
v -108.174387 18.097971 -84.070816
v -103.013288 18.097971 -81.686059
v -108.174555 18.074352 -84.070440
v -103.013462 18.074352 -81.685678
v -103.073613 18.945978 -81.161289
v -104.086843 19.224313 -81.347796
v -103.979590 18.945978 -81.579912
v -104.086843 19.224313 -81.347796
v -103.073613 18.945978 -81.161289
v -104.086843 19.224313 -81.347796
v -103.180860 19.224313 -80.929177
v -104.086843 19.224313 -81.347796
v -104.370314 19.336329 -80.734308
v -104.370314 19.336329 -80.734308
v -103.464337 19.336329 -80.315685
v -104.370314 19.336329 -80.734308
v -104.656570 19.276864 -80.114787
v -104.656570 19.276864 -80.114787
v -103.750593 19.276864 -79.696164
v -104.656570 19.276864 -80.114787
v -104.835911 19.025323 -79.726661
v -98.805984 17.739662 -90.791514
v -103.968808 17.503478 -93.172525
v -103.967077 17.739662 -93.176275
v -103.968808 17.503478 -93.172525
v -98.805984 17.739662 -90.791514
v -98.807709 17.503478 -90.787767
v -98.907513 17.674230 -90.177570
v -99.787043 18.618968 -90.602134
v -99.793955 17.674230 -90.587168
v -99.787043 18.618968 -90.602134
v -98.907513 17.674230 -90.177570
v -98.900594 18.618968 -90.192540
v -99.628994 19.116674 -88.616138
v -99.950751 19.093176 -90.247828
v -99.064302 19.093176 -89.838233
v -99.950751 19.093176 -90.247828
v -99.628994 19.116674 -88.616138
v -100.515443 19.116674 -89.025732
v -103.929935 19.025323 -79.308038
v -104.989075 18.205312 -79.395181
v -104.835911 19.025323 -79.726661
v -104.989075 18.205312 -79.395181
v -103.929935 19.025323 -79.308038
v -104.142534 18.207786 -78.847922
v -104.989075 18.205312 -79.395181
v -104.083096 18.205312 -78.976568
v -104.989075 18.205312 -79.395181
v -104.142534 18.207786 -78.847922
v -108.763141 18.205312 -81.139043
v -108.763141 18.205312 -81.139043
v -104.142534 18.207786 -78.847922
v -109.522955 18.205312 -81.490129
v -109.522955 18.205312 -81.490129
v -104.142534 18.207786 -78.847922
v -109.582398 18.207786 -81.361489
v -105.317470 18.487901 -90.253758
v -105.310046 19.117941 -90.607714
v -105.446131 18.487901 -90.313204
v -105.310046 19.117941 -90.607714
v -105.317470 18.487901 -90.253758
v -105.181388 19.117941 -90.548258
v -107.709742 18.364781 -83.418810
v -108.513477 18.945978 -83.674856
v -108.469557 18.364781 -83.769896
v -108.513477 18.945978 -83.674856
v -107.709742 18.364781 -83.418810
v -107.753663 18.945978 -83.323770
v -104.410546 18.739254 -90.395003
v -105.341213 17.953934 -90.540270
v -105.232786 18.739254 -90.774927
v -105.341213 17.953934 -90.540270
v -104.410546 18.739254 -90.395003
v -104.518980 17.953934 -90.160342
v -109.451313 18.538444 -81.307279
v -109.390450 19.480712 -81.776899
v -109.579978 18.538444 -81.366731
v -109.390450 19.480712 -81.776899
v -109.451313 18.538444 -81.307279
v -109.261790 19.480712 -81.717453
v -103.525137 17.674230 -92.311213
v -104.340458 18.618968 -92.706107
v -104.347377 17.674230 -92.691137
v -104.340458 18.618968 -92.706107
v -103.525137 17.674230 -92.311213
v -103.518219 18.618968 -92.326183
v -102.814942 23.423661 -89.452294
v -102.814942 23.423661 -89.452294
v -102.905790 23.425558 -89.255674
v -103.455739 23.423661 -89.748382
v -103.455739 23.423661 -89.748382
v -103.554704 23.425558 -89.555509
v -103.672681 23.423661 -89.848629
v -103.672681 23.423661 -89.848629
v -103.763535 23.425558 -89.652005
v -104.313478 23.423661 -90.144717
v -104.313478 23.423661 -90.144717
v -104.412442 23.425558 -89.951844
v -102.568299 23.425558 -89.099731
v -102.568299 23.425558 -89.099731
v -101.919391 23.425558 -88.799892
v -101.828537 23.423661 -88.996516
v -101.920517 23.118483 -88.797451
v -101.920517 23.118483 -88.797451
v -101.828537 23.423661 -88.996516
v -101.919391 23.425558 -88.799892
v -101.689115 23.425558 -88.693489
v -101.689115 23.425558 -88.693489
v -101.040201 23.425558 -88.393655
v -100.949353 23.423661 -88.590275
v -101.041333 23.118483 -88.391210
v -101.041333 23.118483 -88.391210
v -100.949353 23.423661 -88.590275
v -101.040201 23.425558 -88.393655
v -101.690240 23.118483 -88.691048
v -101.590150 23.423661 -88.886363
v -101.590150 23.423661 -88.886363
v -101.690240 23.118483 -88.691048
v -101.689115 23.425558 -88.693489
v -102.569424 23.118483 -89.097290
v -102.469334 23.423661 -89.292604
v -102.469334 23.423661 -89.292604
v -102.569424 23.118483 -89.097290
v -102.568299 23.425558 -89.099731
v -103.764660 23.118483 -89.649564
v -104.412442 23.425558 -89.951844
v -104.413568 23.118483 -89.949403
v -104.412442 23.425558 -89.951844
v -103.764660 23.118483 -89.649564
v -103.763535 23.425558 -89.652005
v -102.906922 23.118483 -89.253229
v -103.554704 23.425558 -89.555509
v -103.555829 23.118483 -89.553067
v -103.554704 23.425558 -89.555509
v -102.906922 23.118483 -89.253229
v -102.905790 23.425558 -89.255674
v -110.232454 19.010438 -79.616746
v -110.232454 19.010438 -79.616746
v -110.173012 19.007964 -79.745386
v -110.173012 19.007964 -79.745386
v -110.173012 19.007964 -79.745386
v -108.774059 23.471093 -81.448624
v -105.219231 23.210808 -78.704567
v -105.219231 23.210808 -78.704567
v -105.149402 23.485638 -78.855682
v -104.590589 23.200812 -79.671854
v -104.590589 23.200812 -79.671854
v -104.590589 23.200812 -79.671854
v -109.050080 23.210808 -80.474668
v -109.050080 23.210808 -80.474668
v -105.149402 23.485638 -78.855682
v -105.149402 23.485638 -78.855682
v -108.980257 23.485638 -80.625779
v -108.980257 23.485638 -80.625779
v -109.086571 23.631605 -80.772293
v -104.682488 23.618258 -79.472962
v -108.806455 23.618258 -81.378507
v -104.682488 23.618258 -79.472962
v -109.086571 23.631605 -80.772293
v -104.962598 23.631605 -78.866752
v -104.650087 23.471093 -79.543082
v -104.650087 23.471093 -79.543082
v -104.590589 23.200812 -79.671854
v -104.682488 23.618258 -79.472962
v -108.774059 23.471093 -81.448624
v -108.806455 23.618258 -81.378507
v -108.774059 23.471093 -81.448624
v -104.682488 23.618258 -79.472962
v -104.682488 23.618258 -79.472962
v -104.682488 23.618258 -79.472962
v -104.650087 23.471093 -79.543082
v -108.980257 23.485638 -80.625779
v -108.980257 23.485638 -80.625779
v -108.980257 23.485638 -80.625779
v -108.714558 23.200812 -81.577389
v -103.456869 23.116586 -89.745947
v -102.725218 23.114691 -89.646483
v -103.357904 23.114691 -89.938821
v -102.725218 23.114691 -89.646483
v -103.456869 23.116586 -89.745947
v -102.816068 23.116586 -89.449853
v -102.470460 23.116586 -89.290163
v -101.738808 23.114691 -89.190699
v -102.371499 23.114691 -89.483043
v -101.738808 23.114691 -89.190699
v -102.470460 23.116586 -89.290163
v -101.829663 23.116586 -88.994075
v -101.591276 23.116586 -88.883921
v -100.859625 23.114691 -88.784458
v -101.492315 23.114691 -89.076801
v -100.859625 23.114691 -88.784458
v -101.591276 23.116586 -88.883921
v -100.950479 23.116586 -88.587834
v -100.847999 18.593798 -92.146749
v -100.817070 18.757890 -92.213693
v -100.818278 18.592560 -92.211069
v -100.817070 18.757890 -92.213693
v -100.847999 18.593798 -92.146749
v -100.846787 18.759126 -92.149367
v -101.674808 18.757890 -92.610028
v -101.705737 18.593798 -92.543084
v -101.676016 18.592560 -92.607404
v -101.705737 18.593798 -92.543084
v -101.674808 18.757890 -92.610028
v -101.704525 18.759126 -92.545702
v -110.214865 21.412526 -79.654807
v -110.214865 21.412526 -79.654807
v -105.053771 21.412526 -77.270045
v -105.053771 21.412526 -77.270045
v -105.053771 21.412526 -77.270045
v -100.464369 23.114691 -88.601825
f 327 328 329
f 328 327 330
f 330 327 331
f 331 327 332
f 332 327 333
f 332 333 334
f 332 334 335
f 335 334 336
f 337 338 339
f 338 337 340
f 341 342 343
f 342 341 344
f 345 346 347
f 346 345 348
f 349 350 351
f 350 349 352
f 808 353 809
f 353 810 354
f 355 356 357
f 356 355 358
f 811 359 812
f 359 813 360
f 360 814 361
f 361 362 363
f 362 361 364
f 364 361 815
f 365 366 367
f 366 365 368
f 369 370 371
f 370 369 372
f 373 374 375
f 374 373 376
f 377 816 817
f 818 377 378
f 378 377 379
f 378 379 380
f 819 381 382
f 381 820 821
f 383 384 385
f 384 383 386
f 387 822 823
f 824 387 388
f 825 389 390
f 389 826 827
f 391 828 829
f 830 391 392
f 831 832 833
f 834 835 393
f 394 836 837
f 838 394 395
f 396 397 398
f 397 396 399
f 839 400 401
f 400 840 402
f 402 841 403
f 403 842 404
f 404 843 844
f 404 845 405
f 406 407 408
f 407 406 409
f 410 411 412
f 411 410 413
f 414 846 847
f 848 414 415
f 416 417 418
f 417 416 419
f 420 849 850
f 851 420 852
f 853 420 854
f 421 422 423
f 422 421 855
f 856 421 857
f 424 425 426
f 425 424 427
f 428 858 429
f 859 428 860
f 861 428 430
f 431 862 863
f 864 431 432
f 433 434 865
f 434 433 866
f 434 867 868
f 434 869 870
f 434 871 435
f 435 872 873
f 874 875 876
f 877 878 879
f 436 437 438
f 437 436 439
f 880 440 881
f 440 882 883
f 884 885 441
f 886 887 888
f 442 443 444
f 443 442 889
f 445 890 446
f 891 445 892
f 893 894 895
f 896 897 898
f 447 448 449
f 448 447 450
f 899 900 901
f 902 903 904
f 905 906 907
f 908 909 910
f 911 912 913
f 451 914 452
f 915 451 916
f 453 917 918
f 919 453 920
f 454 921 922
f 923 454 455
f 924 925 926
f 927 928 456
f 456 929 457
f 930 931 932
f 933 934 456
f 935 936 937
f 938 939 940
f 941 942 458
f 943 459 944
f 459 945 946
f 947 948 460
f 949 950 951
f 952 461 462
f 461 953 954
f 463 955 464
f 956 463 957
f 958 959 960
f 961 962 963
f 465 964 466
f 965 465 467
f 468 966 469
f 967 468 968
f 470 969 471
f 970 470 971
f 972 973 974
f 975 976 977
f 472 978 979
f 980 472 473
f 981 982 983
f 984 985 986
f 474 475 476
f 475 474 477
f 477 474 987
f 988 474 989
f 478 990 991
f 992 478 479
f 993 480 994
f 480 995 481
f 482 996 997
f 998 482 483
f 484 999 485
f 1000 484 1001
f 1002 1003 1004
f 1005 1006 1007
f 1008 1009 1010
f 1011 1012 1013
f 1014 1015 1016
f 1017 1018 1019
f 1020 1021 1022
f 1023 1024 1025
f 1026 1027 1028
f 1029 1030 1031
f 1032 1033 486
f 486 1034 1035
f 1036 1037 1038
f 1039 1040 1041
f 1042 1043 1044
f 487 488 489
f 488 487 490
f 1045 491 1046
f 491 1047 1048
f 1049 1050 1051
f 1052 1053 1054
f 492 493 494
f 493 492 495
f 1055 1056 1057
f 1058 1059 1060
f 1061 1062 1063
f 1064 496 1065
f 496 1066 1067
f 497 1068 1069
f 1070 497 1071
f 1072 498 1073
f 498 1074 497
f 498 497 1075
f 498 1076 1077
f 1078 1079 1080
f 1081 1082 499
f 1083 1084 1085
f 1086 1087 1088
f 1089 1090 500
f 500 1091 1092
f 500 1093 1094
f 1095 1096 501
f 1097 501 1098
f 502 503 504
f 503 502 505
f 1099 1100 1101
f 1102 1103 1104
f 1105 1106 1107
f 1108 1109 1110
f 1111 1112 1113
f 1114 1115 1116
f 1117 1118 1119
f 1120 1121 506
f 507 1122 1123
f 1124 507 1125
f 508 1126 1127
f 1128 508 1129
f 509 1130 1131
f 1132 509 1133
f 1134 1135 1136
f 1137 1138 1139
f 1140 1141 1142
f 1143 1144 1145
f 1146 1147 1148
f 1149 1150 1151
f 1152 1153 1154
f 1155 1156 510
f 1157 1158 1159
f 1160 1161 1162
f 1163 1164 1165
f 1166 1167 1168
f 1169 1170 1171
f 1172 1173 1174
f 1175 1176 1177
f 1178 1179 1180
f 1181 1182 1183
f 1184 1185 1186
f 1187 1188 1189
f 1190 1191 1192
f 1193 1194 1195
f 1196 1197 1198
f 511 512 513
f 512 511 514
f 1199 515 516
f 515 1200 1201
f 517 1202 518
f 1203 517 1204
f 519 520 521
f 520 519 522
f 1205 523 524
f 523 1206 1207
f 525 1208 526
f 1209 525 1210
f 527 528 529
f 528 527 530
f 531 1211 532
f 1212 531 1213
f 1214 1215 533
f 1216 1217 1218
f 534 535 536
f 535 534 537
f 538 1219 539
f 1220 538 1221
f 1222 1223 540
f 1224 1225 1226
f 1227 1228 541
f 1229 1230 1231
f 1232 1233 542
f 1234 1235 1236
f 1237 1238 1239
f 1240 1241 1242
f 1243 1244 1245
f 1246 1247 1248
f 543 544 545
f 544 543 546
f 547 548 549
f 548 547 550
f 551 552 553
f 552 551 554
f 552 554 555
f 556 557 558
f 557 556 559
f 557 559 560
f 557 560 561
f 562 563 564
f 563 562 565
f 563 565 566
f 563 566 567
f 567 566 561
f 567 561 560
f 567 560 568
f 567 568 569
f 569 568 570
f 551 571 554
f 571 551 572
f 571 572 573
f 573 572 574
f 575 576 577
f 576 575 578
f 579 580 581
f 580 579 1249
f 580 1250 1251
f 582 583 584
f 583 582 585
f 585 582 586
f 585 586 587
f 585 587 588
f 588 587 589
f 588 589 590
f 580 591 592
f 591 580 1252
f 591 1253 551
f 591 551 593
f 593 551 594
f 594 551 553
f 595 596 597
f 596 595 598
f 596 598 599
f 599 598 600
f 600 598 601
f 601 598 602
f 602 598 603
f 603 598 604
f 603 604 594
f 594 604 605
f 594 605 606
f 594 606 590
f 594 590 589
f 594 589 607
f 594 607 593
f 608 609 610
f 609 608 611
f 609 611 612
f 609 612 613
f 613 612 614
f 615 616 617
f 616 615 618
f 616 618 619
f 616 619 620
f 616 620 621
f 621 620 614
f 621 614 612
f 621 612 622
f 621 622 623
f 624 625 626
f 625 624 627
f 628 629 630
f 629 628 631
f 632 633 1254
f 633 632 634
f 635 631 636
f 631 635 637
f 636 628 638
f 628 636 631
f 639 640 634
f 640 639 630
f 1255 641 640
f 641 1256 1257
f 633 642 643
f 642 633 644
f 644 633 645
f 645 633 646
f 646 633 647
f 647 633 1258
f 1259 633 634
f 1260 634 640
f 646 648 649
f 648 646 650
f 650 646 651
f 651 646 647
f 652 639 653
f 639 652 630
f 630 652 628
f 628 652 654
f 632 1261 634
f 1262 632 655
f 1263 632 641
f 632 1264 1265
f 639 624 653
f 624 639 1266
f 1267 1268 1269
f 1270 1271 1272
f 1273 640 641
f 640 1274 1275
f 656 657 658
f 657 656 659
f 643 660 661
f 660 643 662
f 662 643 642
f 663 664 665
f 664 663 666
f 666 663 644
f 666 644 645
f 667 668 669
f 668 667 647
f 647 667 651
f 670 671 672
f 671 670 673
f 673 670 650
f 650 670 648
f 674 675 676
f 675 674 677
f 675 677 646
f 675 646 649
f 1276 1277 1278
f 1279 1280 632
f 632 1281 641
f 641 1282 1283
f 1284 627 624
f 627 1285 637
f 637 1286 629
f 637 629 631
f 653 626 1287
f 626 653 624
f 662 665 660
f 665 662 663
f 1288 1289 1290
f 1291 1292 1293
f 1294 1295 1296
f 1297 1298 1299
f 1300 1301 1302
f 1303 1304 1305
f 678 679 680
f 679 678 681
f 679 681 682
f 682 681 683
f 684 685 686
f 687 688 689
f 688 687 690
f 688 690 691
f 691 690 685
f 691 685 684
f 691 692 688
f 692 691 693
f 682 694 679
f 694 682 695
f 696 697 698
f 697 696 699
f 697 699 700
f 697 700 701
f 697 701 702
f 697 702 703
f 697 703 704
f 697 704 705
f 697 705 706
f 697 706 707
f 708 709 710
f 709 708 711
f 1306 1307 1308
f 1309 1310 1311
f 1312 1313 1314
f 1315 1316 1317
f 712 713 714
f 713 712 715
f 716 717 718
f 717 716 719
f 720 1318 721
f 1319 720 1320
f 722 723 724
f 723 722 725
f 725 722 726
f 727 728 729
f 728 727 730
f 730 727 731
f 731 727 732
f 731 732 733
f 731 733 734
f 735 736 737
f 736 735 738
f 738 735 739
f 739 735 734
f 739 734 740
f 740 734 733
f 741 742 743
f 742 741 744
f 744 741 745
f 745 741 746
f 745 746 747
f 747 746 748
f 748 746 749
f 748 749 750
f 750 749 751
f 752 753 754
f 753 752 755
f 755 752 750
f 750 752 756
f 750 756 748
f 757 758 759
f 758 757 760
f 760 757 761
f 760 761 762
f 760 762 763
f 760 763 764
f 760 764 765
f 760 765 766
f 766 765 767
f 766 767 768
f 768 767 769
f 769 767 770
f 770 767 771
f 772 773 774
f 773 772 775
f 775 772 723
f 723 772 771
f 723 771 767
f 723 767 724
f 776 777 778
f 777 776 779
f 779 776 780
f 780 776 781
f 781 776 782
f 781 782 783
f 783 782 769
f 783 769 770
f 773 784 785
f 784 773 786
f 786 773 775
f 779 787 777
f 1321 788 789
f 788 1322 1323
f 789 788 790
f 789 790 791
f 792 793 794
f 793 792 795
f 796 797 798
f 797 796 799
f 800 801 802
f 801 800 803
f 804 805 806
f 805 804 807
o Dust_II_Group_198
v -102.911833 14.933713 -86.363314
v -103.375706 15.088360 -87.199255
v -102.675143 15.088360 -86.875551
v -103.612396 14.933713 -86.687018
v -103.838996 16.904914 -86.196605
v -102.901746 17.059561 -86.385144
v -103.602310 17.059561 -86.708848
v -103.138432 16.904914 -85.872900
v -103.295424 15.475589 -85.533147
v -103.821465 15.064232 -86.234541
v -103.120906 15.064232 -85.910843
v -103.995984 15.475589 -85.856846
v -102.692673 16.929042 -86.837614
v -103.393237 16.929042 -87.161319
v -102.518154 16.517684 -87.215310
v -103.161592 16.020765 -87.662644
v -103.218718 16.517684 -87.539015
v -102.461028 16.020765 -87.338939
v -103.290379 16.538513 -85.544059
v -103.990943 16.538513 -85.867764
v -103.352550 15.972508 -85.409518
v -104.053110 15.972508 -85.733216
v -103.223763 15.454761 -87.528103
v -102.523200 15.454761 -87.204398
v -102.675143 15.088360 -86.875551
v -103.120906 15.064232 -85.910843
v -102.911833 14.933713 -86.363314
v -103.295424 15.475589 -85.533147
v -102.523200 15.454761 -87.204398
v -102.461028 16.020765 -87.338939
v -103.352550 15.972508 -85.409518
v -103.290379 16.538513 -85.544059
v -102.518154 16.517684 -87.215310
v -102.692673 16.929042 -86.837614
v -103.138432 16.904914 -85.872900
v -102.901746 17.059561 -86.385144
v -103.821465 15.064232 -86.234541
v -103.375706 15.088360 -87.199255
v -103.612396 14.933713 -86.687018
v -103.995984 15.475589 -85.856846
v -103.223763 15.454761 -87.528103
v -103.161592 16.020765 -87.662644
v -104.053110 15.972508 -85.733216
v -103.990943 16.538513 -85.867764
v -103.218718 16.517684 -87.539015
v -103.393237 16.929042 -87.161319
v -103.838996 16.904914 -86.196605
v -103.602310 17.059561 -86.708848
v -103.602310 17.059561 -86.708848
v -103.602310 17.059561 -86.708848
v -102.901746 17.059561 -86.385144
v -103.838996 16.904914 -86.196605
v -103.838996 16.904914 -86.196605
v -103.138432 16.904914 -85.872900
v -103.990943 16.538513 -85.867764
v -103.990943 16.538513 -85.867764
v -103.290379 16.538513 -85.544059
v -102.461028 16.020765 -87.338939
v -103.161592 16.020765 -87.662644
v -102.461028 16.020765 -87.338939
v -103.295424 15.475589 -85.533147
v -104.053110 15.972508 -85.733216
v -103.995984 15.475589 -85.856846
v -104.053110 15.972508 -85.733216
v -103.295424 15.475589 -85.533147
v -103.352550 15.972508 -85.409518
v -102.523200 15.454761 -87.204398
v -103.375706 15.088360 -87.199255
v -103.223763 15.454761 -87.528103
v -103.375706 15.088360 -87.199255
v -102.523200 15.454761 -87.204398
v -102.675143 15.088360 -86.875551
v -103.120906 15.064232 -85.910843
v -103.612396 14.933713 -86.687018
v -102.911833 14.933713 -86.363314
v -103.612396 14.933713 -86.687018
v -103.120906 15.064232 -85.910843
v -103.821465 15.064232 -86.234541
v -103.393237 16.929042 -87.161319
v -102.518154 16.517684 -87.215310
v -103.218718 16.517684 -87.539015
v -102.518154 16.517684 -87.215310
v -103.393237 16.929042 -87.161319
v -102.692673 16.929042 -86.837614
f 1324 1325 1326
f 1325 1324 1327
f 1328 1329 1330
f 1329 1328 1331
f 1332 1333 1334
f 1333 1332 1335
f 1372 1336 1337
f 1336 1373 1374
f 1338 1339 1340
f 1339 1338 1341
f 1342 1375 1343
f 1376 1342 1377
f 1344 1378 1345
f 1379 1344 1380
f 1381 1346 1382
f 1346 1383 1347
f 1384 1385 1386
f 1387 1388 1389
f 1390 1391 1392
f 1393 1394 1395
f 1396 1397 1398
f 1399 1400 1401
f 1402 1403 1404
f 1405 1406 1407
f 1348 1349 1350
f 1349 1348 1351
f 1351 1348 1352
f 1351 1352 1353
f 1351 1353 1354
f 1354 1353 1355
f 1355 1353 1356
f 1355 1356 1357
f 1355 1357 1358
f 1358 1357 1359
f 1360 1361 1362
f 1361 1360 1363
f 1361 1363 1364
f 1364 1363 1365
f 1365 1363 1366
f 1365 1366 1367
f 1365 1367 1368
f 1368 1367 1369
f 1369 1367 1370
f 1369 1370 1371
o Dust_II_Group_197
v -108.739711 16.889626 -95.521373
v -107.864629 16.478269 -95.575364
v -108.565192 16.478269 -95.899068
v -108.039148 16.889626 -95.197668
v -109.185470 16.865497 -94.556659
v -108.248221 17.020146 -94.745197
v -108.948784 17.020146 -95.068902
v -108.484907 16.865497 -94.232954
v -108.636854 16.499097 -93.904113
v -109.337417 16.499097 -94.227817
v -108.641899 15.436174 -93.893201
v -109.167940 15.024815 -94.594595
v -108.467380 15.024815 -94.270897
v -109.342458 15.436174 -94.216899
v -108.508066 15.981350 -96.022698
v -107.807503 15.981350 -95.698993
v -108.699025 15.933093 -93.769571
v -109.399584 15.933093 -94.093270
v -108.958871 14.894297 -95.047072
v -108.258307 14.894297 -94.723367
v -108.722181 15.048944 -95.559309
v -108.021617 15.048944 -95.235604
v -108.570238 15.415345 -95.888156
v -107.869674 15.415345 -95.564452
v -109.167940 15.024815 -94.594595
v -108.722181 15.048944 -95.559309
v -108.958871 14.894297 -95.047072
v -109.342458 15.436174 -94.216899
v -108.570238 15.415345 -95.888156
v -108.508066 15.981350 -96.022698
v -109.399584 15.933093 -94.093270
v -109.337417 16.499097 -94.227817
v -108.565192 16.478269 -95.899068
v -108.739711 16.889626 -95.521373
v -109.185470 16.865497 -94.556659
v -108.948784 17.020146 -95.068902
v -108.021617 15.048944 -95.235604
v -108.467380 15.024815 -94.270897
v -108.258307 14.894297 -94.723367
v -108.641899 15.436174 -93.893201
v -107.869674 15.415345 -95.564452
v -107.807503 15.981350 -95.698993
v -108.699025 15.933093 -93.769571
v -108.636854 16.499097 -93.904113
v -107.864629 16.478269 -95.575364
v -108.039148 16.889626 -95.197668
v -108.484907 16.865497 -94.232954
v -108.248221 17.020146 -94.745197
v -109.185470 16.865497 -94.556659
v -109.185470 16.865497 -94.556659
v -108.484907 16.865497 -94.232954
v -107.864629 16.478269 -95.575364
v -108.565192 16.478269 -95.899068
v -107.864629 16.478269 -95.575364
v -109.337417 16.499097 -94.227817
v -109.337417 16.499097 -94.227817
v -108.636854 16.499097 -93.904113
v -108.467380 15.024815 -94.270897
v -108.467380 15.024815 -94.270897
v -109.167940 15.024815 -94.594595
v -108.948784 17.020146 -95.068902
v -108.039148 16.889626 -95.197668
v -108.739711 16.889626 -95.521373
v -108.039148 16.889626 -95.197668
v -108.948784 17.020146 -95.068902
v -108.248221 17.020146 -94.745197
v -108.258307 14.894297 -94.723367
v -108.258307 14.894297 -94.723367
v -108.958871 14.894297 -95.047072
v -107.807503 15.981350 -95.698993
v -108.508066 15.981350 -96.022698
v -107.807503 15.981350 -95.698993
v -107.869674 15.415345 -95.564452
v -108.722181 15.048944 -95.559309
v -108.570238 15.415345 -95.888156
v -108.722181 15.048944 -95.559309
v -107.869674 15.415345 -95.564452
v -108.021617 15.048944 -95.235604
v -108.641899 15.436174 -93.893201
v -109.399584 15.933093 -94.093270
v -109.342458 15.436174 -94.216899
v -109.399584 15.933093 -94.093270
v -108.641899 15.436174 -93.893201
v -108.699025 15.933093 -93.769571
f 1408 1409 1410
f 1409 1408 1411
f 1412 1413 1414
f 1413 1412 1415
f 1416 1456 1417
f 1457 1416 1458
f 1418 1419 1420
f 1419 1418 1421
f 1459 1422 1460
f 1422 1461 1423
f 1424 1462 1425
f 1463 1424 1464
f 1465 1426 1427
f 1426 1466 1467
f 1468 1469 1470
f 1471 1472 1473
f 1474 1428 1429
f 1428 1475 1476
f 1477 1430 1478
f 1430 1479 1431
f 1480 1481 1482
f 1483 1484 1485
f 1486 1487 1488
f 1489 1490 1491
f 1432 1433 1434
f 1433 1432 1435
f 1433 1435 1436
f 1436 1435 1437
f 1437 1435 1438
f 1437 1438 1439
f 1437 1439 1440
f 1440 1439 1441
f 1441 1439 1442
f 1441 1442 1443
f 1444 1445 1446
f 1445 1444 1447
f 1447 1444 1448
f 1447 1448 1449
f 1447 1449 1450
f 1450 1449 1451
f 1451 1449 1452
f 1451 1452 1453
f 1451 1453 1454
f 1454 1453 1455
o Dust_II_Group_196
v -103.825485 14.894297 -97.558265
v -104.289358 15.048944 -98.394206
v -103.588795 15.048944 -98.070502
v -104.526048 14.894297 -97.881969
v -103.436852 15.415345 -98.399349
v -104.137415 15.415345 -98.723054
v -104.204031 16.499097 -96.739010
v -104.752648 16.865497 -97.391556
v -104.904595 16.499097 -97.062715
v -104.052084 16.865497 -97.067852
v -103.374681 15.981350 -98.533891
v -104.075244 15.981350 -98.857595
v -103.815399 17.020146 -97.580095
v -104.515962 17.020146 -97.903799
v -104.209077 15.436174 -96.728098
v -104.966762 15.933093 -96.928167
v -104.909636 15.436174 -97.051797
v -104.266203 15.933093 -96.604469
v -104.735117 15.024815 -97.429493
v -104.034558 15.024815 -97.105794
v -104.306889 16.889626 -98.356270
v -103.431807 16.478269 -98.410261
v -104.132370 16.478269 -98.733966
v -103.606325 16.889626 -98.032565
v -103.588795 15.048944 -98.070502
v -104.034558 15.024815 -97.105794
v -103.825485 14.894297 -97.558265
v -104.209077 15.436174 -96.728098
v -103.436852 15.415345 -98.399349
v -103.374681 15.981350 -98.533891
v -104.266203 15.933093 -96.604469
v -104.204031 16.499097 -96.739010
v -103.431807 16.478269 -98.410261
v -103.606325 16.889626 -98.032565
v -104.052084 16.865497 -97.067852
v -103.815399 17.020146 -97.580095
v -104.735117 15.024815 -97.429493
v -104.289358 15.048944 -98.394206
v -104.526048 14.894297 -97.881969
v -104.909636 15.436174 -97.051797
v -104.137415 15.415345 -98.723054
v -104.075244 15.981350 -98.857595
v -104.966762 15.933093 -96.928167
v -104.904595 16.499097 -97.062715
v -104.132370 16.478269 -98.733966
v -104.306889 16.889626 -98.356270
v -104.752648 16.865497 -97.391556
v -104.515962 17.020146 -97.903799
v -104.289358 15.048944 -98.394206
v -104.289358 15.048944 -98.394206
v -103.588795 15.048944 -98.070502
v -104.137415 15.415345 -98.723054
v -104.137415 15.415345 -98.723054
v -103.436852 15.415345 -98.399349
v -104.752648 16.865497 -97.391556
v -104.752648 16.865497 -97.391556
v -104.052084 16.865497 -97.067852
v -104.209077 15.436174 -96.728098
v -104.209077 15.436174 -96.728098
v -104.909636 15.436174 -97.051797
v -104.034558 15.024815 -97.105794
v -104.526048 14.894297 -97.881969
v -103.825485 14.894297 -97.558265
v -104.526048 14.894297 -97.881969
v -104.034558 15.024815 -97.105794
v -104.735117 15.024815 -97.429493
v -104.515962 17.020146 -97.903799
v -103.606325 16.889626 -98.032565
v -104.306889 16.889626 -98.356270
v -103.606325 16.889626 -98.032565
v -104.515962 17.020146 -97.903799
v -103.815399 17.020146 -97.580095
v -103.431807 16.478269 -98.410261
v -104.075244 15.981350 -98.857595
v -104.132370 16.478269 -98.733966
v -104.075244 15.981350 -98.857595
v -103.431807 16.478269 -98.410261
v -103.374681 15.981350 -98.533891
v -104.266203 15.933093 -96.604469
v -104.904595 16.499097 -97.062715
v -104.966762 15.933093 -96.928167
v -104.904595 16.499097 -97.062715
v -104.266203 15.933093 -96.604469
v -104.204031 16.499097 -96.739010
f 1492 1493 1494
f 1493 1492 1495
f 1496 1540 1497
f 1541 1496 1542
f 1498 1499 1500
f 1499 1498 1501
f 1502 1543 1503
f 1544 1502 1545
f 1546 1504 1505
f 1504 1547 1548
f 1506 1507 1508
f 1507 1506 1509
f 1549 1510 1511
f 1510 1550 1551
f 1552 1553 1554
f 1555 1556 1557
f 1512 1513 1514
f 1513 1512 1515
f 1558 1559 1560
f 1561 1562 1563
f 1564 1565 1566
f 1567 1568 1569
f 1570 1571 1572
f 1573 1574 1575
f 1516 1517 1518
f 1517 1516 1519
f 1519 1516 1520
f 1519 1520 1521
f 1519 1521 1522
f 1522 1521 1523
f 1523 1521 1524
f 1523 1524 1525
f 1523 1525 1526
f 1526 1525 1527
f 1528 1529 1530
f 1529 1528 1531
f 1529 1531 1532
f 1532 1531 1533
f 1533 1531 1534
f 1533 1534 1535
f 1533 1535 1536
f 1536 1535 1537
f 1537 1535 1538
f 1537 1538 1539
o Dust_II_Group_195
v -98.862602 15.475589 -88.368059
v -99.388643 15.064232 -89.069453
v -98.688083 15.064232 -88.745755
v -99.563162 15.475589 -88.691758
v -98.028206 16.020765 -90.173851
v -98.790941 15.454761 -90.363015
v -98.728770 16.020765 -90.497556
v -98.090377 15.454761 -90.039310
v -99.620288 15.972508 -88.568128
v -98.919728 15.972508 -88.244430
v -98.942884 15.088360 -90.034167
v -98.242320 15.088360 -89.710463
v -98.857557 16.538513 -88.378971
v -99.406173 16.904914 -89.031517
v -99.558120 16.538513 -88.702676
v -98.705610 16.904914 -88.707812
v -98.960414 16.929042 -89.996231
v -98.085332 16.517684 -90.050222
v -98.785896 16.517684 -90.373927
v -98.259851 16.929042 -89.672526
v -99.169487 17.059561 -89.543760
v -98.468924 17.059561 -89.220056
v -98.479010 14.933713 -89.198226
v -99.179574 14.933713 -89.521930
v -98.242320 15.088360 -89.710463
v -98.688083 15.064232 -88.745755
v -98.479010 14.933713 -89.198226
v -98.862602 15.475589 -88.368059
v -98.090377 15.454761 -90.039310
v -98.028206 16.020765 -90.173851
v -98.919728 15.972508 -88.244430
v -98.857557 16.538513 -88.378971
v -98.085332 16.517684 -90.050222
v -98.259851 16.929042 -89.672526
v -98.705610 16.904914 -88.707812
v -98.468924 17.059561 -89.220056
v -99.388643 15.064232 -89.069453
v -98.942884 15.088360 -90.034167
v -99.179574 14.933713 -89.521930
v -99.563162 15.475589 -88.691758
v -98.790941 15.454761 -90.363015
v -98.728770 16.020765 -90.497556
v -99.620288 15.972508 -88.568128
v -99.558120 16.538513 -88.702676
v -98.785896 16.517684 -90.373927
v -98.960414 16.929042 -89.996231
v -99.406173 16.904914 -89.031517
v -99.169487 17.059561 -89.543760
v -98.862602 15.475589 -88.368059
v -99.563162 15.475589 -88.691758
v -98.862602 15.475589 -88.368059
v -98.090377 15.454761 -90.039310
v -98.790941 15.454761 -90.363015
v -98.090377 15.454761 -90.039310
v -98.259851 16.929042 -89.672526
v -98.960414 16.929042 -89.996231
v -98.259851 16.929042 -89.672526
v -98.085332 16.517684 -90.050222
v -98.728770 16.020765 -90.497556
v -98.785896 16.517684 -90.373927
v -98.728770 16.020765 -90.497556
v -98.085332 16.517684 -90.050222
v -98.028206 16.020765 -90.173851
v -98.942884 15.088360 -90.034167
v -98.242320 15.088360 -89.710463
v -98.942884 15.088360 -90.034167
v -98.919728 15.972508 -88.244430
v -99.558120 16.538513 -88.702676
v -99.620288 15.972508 -88.568128
v -99.558120 16.538513 -88.702676
v -98.919728 15.972508 -88.244430
v -98.857557 16.538513 -88.378971
v -98.688083 15.064232 -88.745755
v -99.179574 14.933713 -89.521930
v -98.479010 14.933713 -89.198226
v -99.179574 14.933713 -89.521930
v -98.688083 15.064232 -88.745755
v -99.388643 15.064232 -89.069453
v -99.406173 16.904914 -89.031517
v -98.468924 17.059561 -89.220056
v -99.169487 17.059561 -89.543760
v -98.468924 17.059561 -89.220056
v -99.406173 16.904914 -89.031517
v -98.705610 16.904914 -88.707812
f 1576 1577 1578
f 1577 1576 1579
f 1580 1581 1582
f 1581 1580 1583
f 1624 1584 1625
f 1584 1626 1585
f 1627 1586 1628
f 1586 1629 1587
f 1588 1589 1590
f 1589 1588 1591
f 1592 1593 1594
f 1593 1592 1595
f 1596 1630 1631
f 1632 1596 1597
f 1633 1634 1635
f 1636 1637 1638
f 1598 1639 1640
f 1641 1598 1599
f 1642 1643 1644
f 1645 1646 1647
f 1648 1649 1650
f 1651 1652 1653
f 1654 1655 1656
f 1657 1658 1659
f 1600 1601 1602
f 1601 1600 1603
f 1603 1600 1604
f 1603 1604 1605
f 1603 1605 1606
f 1606 1605 1607
f 1607 1605 1608
f 1607 1608 1609
f 1607 1609 1610
f 1610 1609 1611
f 1612 1613 1614
f 1613 1612 1615
f 1613 1615 1616
f 1616 1615 1617
f 1617 1615 1618
f 1617 1618 1619
f 1617 1619 1620
f 1620 1619 1621
f 1621 1619 1622
f 1621 1622 1623
o Dust_II_Group_184
v -93.095061 16.775400 -65.371150
v -94.133306 16.775400 -64.332905
v -94.133306 16.775400 -65.371150
v -93.095061 16.775400 -64.332905
v -93.095061 17.813645 -64.332905
v -94.133306 17.813645 -65.371150
v -94.133306 17.813645 -64.332905
v -93.095061 17.813645 -65.371150
v -94.133306 17.813645 -65.371150
v -93.095061 16.775400 -65.371150
v -94.133306 16.775400 -65.371150
v -93.095061 17.813645 -65.371150
v -94.133306 16.775400 -64.332905
v -94.133306 17.813645 -64.332905
v -93.095061 17.813645 -64.332905
v -93.095061 16.775400 -64.332905
v -94.133306 17.813645 -65.371150
v -94.133306 17.813645 -65.371150
v -94.133306 16.775400 -65.371150
v -93.095061 16.775400 -65.371150
v -93.095061 16.775400 -65.371150
v -93.095061 17.813645 -65.371150
v -93.095061 17.813645 -64.332905
v -94.133306 16.775400 -64.332905
v -93.095061 16.775400 -64.332905
v -94.133306 16.775400 -64.332905
v -93.095061 17.813645 -64.332905
v -94.133306 17.813645 -64.332905
f 1660 1661 1662
f 1661 1660 1663
f 1664 1665 1666
f 1665 1664 1667
f 1668 1669 1670
f 1669 1668 1671
f 1676 1672 1673
f 1672 1677 1678
f 1679 1674 1675
f 1674 1680 1681
f 1682 1683 1684
f 1685 1686 1687
o Dust_II_Group_183
v 53.738440 22.589884 -80.840016
v 53.740935 22.605502 -80.864597
v 53.727397 22.605502 -80.851059
v 53.751978 22.589884 -80.853554
v 53.666020 22.498550 -80.923266
v 53.670791 22.491803 -80.918496
v 53.671869 22.498550 -80.929115
v 53.676639 22.491803 -80.924344
v 53.738440 22.589884 -80.840016
v 53.727397 22.605502 -80.851059
v 53.738440 22.589884 -80.840016
v 53.727397 22.605502 -80.851059
v 53.740935 22.605502 -80.864597
v 53.727397 22.605502 -80.851059
v 53.666020 22.498550 -80.923266
v 53.738440 22.589884 -80.840016
v 53.751978 22.589884 -80.853554
v 53.738440 22.589884 -80.840016
v 53.670791 22.491803 -80.918496
v 53.676639 22.491803 -80.924344
v 53.740935 22.605502 -80.864597
v 53.751978 22.589884 -80.853554
v 53.740935 22.605502 -80.864597
v 53.676639 22.491803 -80.924344
v 53.671869 22.498550 -80.929115
v 53.676639 22.491803 -80.924344
v 53.666020 22.498550 -80.923266
v 53.671869 22.498550 -80.929115
v 53.666020 22.498550 -80.923266
v 53.676639 22.491803 -80.924344
v 53.670791 22.491803 -80.918496
f 1688 1689 1690
f 1689 1688 1691
f 1692 1696 1697
f 1698 1692 1693
f 1694 1699 1700
f 1701 1694 1702
f 1703 1695 1704
f 1695 1705 1706
f 1707 1708 1709
f 1710 1711 1712
f 1713 1714 1715
f 1716 1717 1718
o Dust_II_Group_182
v 51.582929 26.629067 -85.218027
v 52.831620 27.054307 -84.717007
v 53.132761 26.629067 -85.151269
v 51.467297 26.629067 -82.533641
v 50.614247 25.814028 -83.927721
v 51.400538 25.814028 -82.419422
v 50.750195 26.629067 -83.909219
v 51.257427 23.879647 -85.639376
v 51.006127 24.467440 -83.806850
v 51.697227 24.467440 -85.008106
v 51.433151 24.963552 -82.503463
v 51.643020 24.467440 -82.785851
v 52.775389 24.467440 -82.737074
v 51.727505 24.467440 -84.747173
v 53.098250 24.963552 -85.120517
v 52.859874 24.467440 -84.698396
v 52.957675 28.913539 -83.988491
v 51.983732 28.913539 -83.426977
v 52.617277 28.913539 -83.396795
v 51.690593 28.913539 -84.048847
v 52.664540 28.913539 -84.610364
v 52.030996 28.913539 -84.640546
v 53.815195 24.963552 -83.745245
v 53.383816 24.467440 -83.693346
v 51.457270 20.891704 -84.988525
v 53.352005 21.577462 -85.504588
v 53.022506 20.891704 -84.921107
v 54.343015 21.577462 -83.603596
v 52.905728 20.891704 -82.210041
v 53.746733 20.891704 -83.531863
v 51.210197 21.577462 -85.596844
v 50.059393 21.577462 -83.788116
v 52.983453 24.467440 -84.946833
v 53.578579 24.467440 -83.684304
v 54.390928 23.879647 -83.645691
v 53.262165 27.054307 -83.803632
v 53.849859 26.629067 -83.775702
v 53.399708 23.879647 -85.547101
v 51.097596 23.879647 -81.928842
v 49.918453 22.753046 -83.855828
v 51.005321 22.753046 -81.770954
v 50.106373 23.879647 -83.830248
v 51.831676 27.054307 -82.978907
v 51.401124 27.054307 -83.892289
v 51.735642 28.526049 -83.123819
v 51.154842 27.971131 -84.072980
v 51.690194 27.971131 -83.046049
v 51.247408 28.526049 -84.060376
v 51.548758 24.963552 -85.187256
v 50.716206 24.963552 -83.878735
v 51.791109 27.392084 -84.930534
v 51.224267 27.392084 -84.039621
v 51.789319 27.462956 -84.945166
v 51.776522 27.971131 -85.050067
v 51.712396 27.392084 -83.103273
v 52.626263 27.054307 -83.262324
v 52.767372 27.392084 -83.057825
v 51.983732 28.815574 -83.426977
v 53.468887 27.971131 -83.973303
v 53.334210 27.392084 -83.948734
v 52.847215 27.971131 -82.996209
v 52.957675 28.815574 -83.988491
v 52.617277 28.815574 -83.396795
v 52.790849 28.526049 -83.078364
v 51.498559 27.054307 -83.979821
v 51.855287 27.054307 -83.295534
v 52.869577 28.526049 -84.906027
v 52.664540 28.815574 -84.610364
v 53.357814 28.526049 -83.969474
v 52.933535 27.971131 -85.000234
v 51.527328 25.814028 -85.362831
v 53.226703 25.814028 -85.289629
v 51.690593 28.815574 -84.048847
v 51.912809 27.054307 -84.630899
v 52.756752 28.099228 -84.985464
v 52.463371 28.113276 -84.995644
v 52.152494 28.131847 -85.005794
v 51.896099 28.100765 -85.022264
v 51.814370 28.526049 -84.951483
v 52.627572 28.352089 -84.946851
v 52.039975 28.352089 -84.972163
v 52.030996 28.815574 -84.640546
v 51.901100 27.054307 -84.761336
v 51.180579 22.753046 -85.839524
v 53.529570 22.753046 -85.738340
v 53.354313 22.753046 -81.669771
v 54.616436 22.753046 -83.653462
v 53.239873 23.879647 -81.836563
v 51.601260 24.467440 -82.544313
v 52.887487 24.467440 -82.483040
v 51.050400 21.577462 -81.887120
v 53.192207 21.577462 -81.794863
v 50.616265 20.891704 -83.666703
v 51.119078 24.467440 -83.790901
v 51.340492 20.891704 -82.277459
v 52.857152 27.465419 -84.899673
v 53.099917 25.814028 -82.346224
v 54.013002 25.814028 -83.781322
v 53.017129 26.629067 -82.466883
v 52.762196 27.054307 -82.934578
v 52.982648 24.963552 -82.436712
v 53.040501 27.054307 -83.913406
v 52.846077 27.392084 -84.885093
v 52.683781 27.054307 -84.597686
v 52.275998 27.308165 -84.836506
v 52.664540 28.913539 -84.610364
v 52.957675 28.815574 -83.988491
v 52.664540 28.815574 -84.610364
v 52.957675 28.913539 -83.988491
v 52.091448 29.844211 -83.631555
v 51.690593 28.913539 -84.048847
v 51.983732 28.913539 -83.426977
v 51.910814 29.844211 -84.014757
v 51.690593 28.815574 -84.048847
v 51.983732 28.815574 -83.426977
v 52.617277 28.815574 -83.396795
v 52.617277 28.913539 -83.396795
v 52.691590 29.844211 -83.977565
v 52.481836 29.844211 -83.612959
v 52.030996 28.815574 -84.640546
v 52.030996 28.913539 -84.640546
v 52.510963 29.844211 -84.360760
v 52.120575 29.844211 -84.379356
v 52.275998 27.308165 -84.836506
v 52.756756 27.392084 -84.888934
v 52.846077 27.392084 -84.885093
v 51.846602 27.392084 -84.928140
v 51.791109 27.392084 -84.930534
v 51.896099 28.100765 -85.022264
v 52.039975 28.352089 -84.972163
v 52.152494 28.131847 -85.005794
v 52.463371 28.113276 -84.995644
v 52.627572 28.352089 -84.946851
v 52.756752 28.099228 -84.985464
v 51.789319 27.462956 -84.945166
v 52.857152 27.465419 -84.899673
v 50.750195 26.629067 -83.909219
v 51.247408 28.526049 -84.060376
v 51.735642 28.526049 -83.123819
v 52.767372 27.392084 -83.057825
v 52.767372 27.392084 -83.057825
v 52.767372 27.392084 -83.057825
v 52.767372 27.392084 -83.057825
v 51.712396 27.392084 -83.103273
v 53.334210 27.392084 -83.948734
v 51.735642 28.526049 -83.123819
v 52.869577 28.526049 -84.906027
v 52.869577 28.526049 -84.906027
v 53.357814 28.526049 -83.969474
v 53.132761 26.629067 -85.151269
v 53.132761 26.629067 -85.151269
v 51.582929 26.629067 -85.218027
v 51.247408 28.526049 -84.060376
v 51.791109 27.392084 -84.930534
v 51.224267 27.392084 -84.039621
v 52.869577 28.526049 -84.906027
v 52.869577 28.526049 -84.906027
v 52.869577 28.526049 -84.906027
v 51.814370 28.526049 -84.951483
v 53.098250 24.963552 -85.120517
v 53.098250 24.963552 -85.120517
v 51.548758 24.963552 -85.187256
v 53.352005 21.577462 -85.504588
v 53.352005 21.577462 -85.504588
v 51.210197 21.577462 -85.596844
v 54.390928 23.879647 -83.645691
v 54.390928 23.879647 -83.645691
v 53.399708 23.879647 -85.547101
v 53.399708 23.879647 -85.547101
v 54.390928 23.879647 -83.645691
v 51.257427 23.879647 -85.639376
v 53.239873 23.879647 -81.836563
v 53.239873 23.879647 -81.836563
v 51.210197 21.577462 -85.596844
v 50.059393 21.577462 -83.788116
v 51.210197 21.577462 -85.596844
v 50.106373 23.879647 -83.830248
v 51.097596 23.879647 -81.928842
v 53.192207 21.577462 -81.794863
v 54.343015 21.577462 -83.603596
v 53.192207 21.577462 -81.794863
v 53.192207 21.577462 -81.794863
v 53.192207 21.577462 -81.794863
v 51.050400 21.577462 -81.887120
v 53.239873 23.879647 -81.836563
v 54.343015 21.577462 -83.603596
v 53.352005 21.577462 -85.504588
v 54.343015 21.577462 -83.603596
v 52.887487 24.467440 -82.483040
v 52.775389 24.467440 -82.737074
v 51.601260 24.467440 -82.544313
v 52.775389 24.467440 -82.737074
v 52.887487 24.467440 -82.483040
v 53.578579 24.467440 -83.684304
v 52.775389 24.467440 -82.737074
v 53.578579 24.467440 -83.684304
v 53.383816 24.467440 -83.693346
v 53.383816 24.467440 -83.693346
v 53.578579 24.467440 -83.684304
v 52.983453 24.467440 -84.946833
v 53.383816 24.467440 -83.693346
v 52.983453 24.467440 -84.946833
v 52.859874 24.467440 -84.698396
v 52.859874 24.467440 -84.698396
v 52.983453 24.467440 -84.946833
v 51.727505 24.467440 -84.747173
v 51.601260 24.467440 -82.544313
v 51.643020 24.467440 -82.785851
v 51.006127 24.467440 -83.806850
v 51.643020 24.467440 -82.785851
v 51.601260 24.467440 -82.544313
v 52.775389 24.467440 -82.737074
v 51.006127 24.467440 -83.806850
v 51.643020 24.467440 -82.785851
v 51.006127 24.467440 -83.806850
v 51.727505 24.467440 -84.747173
v 51.006127 24.467440 -83.806850
v 51.727505 24.467440 -84.747173
v 51.697227 24.467440 -85.008106
v 51.697227 24.467440 -85.008106
v 51.727505 24.467440 -84.747173
v 52.983453 24.467440 -84.946833
v 53.746733 20.891704 -83.531863
v 52.905728 20.891704 -82.210041
v 53.746733 20.891704 -83.531863
v 50.616265 20.891704 -83.666703
v 53.746733 20.891704 -83.531863
v 50.616265 20.891704 -83.666703
v 53.022506 20.891704 -84.921107
v 53.022506 20.891704 -84.921107
v 50.616265 20.891704 -83.666703
v 51.457270 20.891704 -84.988525
v 51.340492 20.891704 -82.277459
v 50.059393 21.577462 -83.788116
v 51.050400 21.577462 -81.887120
v 50.059393 21.577462 -83.788116
v 53.849859 26.629067 -83.775702
v 53.849859 26.629067 -83.775702
v 53.132761 26.629067 -85.151269
v 53.132761 26.629067 -85.151269
v 53.849859 26.629067 -83.775702
v 51.582929 26.629067 -85.218027
v 53.017129 26.629067 -82.466883
v 53.017129 26.629067 -82.466883
v 51.548758 24.963552 -85.187256
v 50.716206 24.963552 -83.878735
v 51.548758 24.963552 -85.187256
v 50.750195 26.629067 -83.909219
v 51.467297 26.629067 -82.533641
v 52.982648 24.963552 -82.436712
v 53.815195 24.963552 -83.745245
v 52.982648 24.963552 -82.436712
v 52.982648 24.963552 -82.436712
v 52.982648 24.963552 -82.436712
v 51.433151 24.963552 -82.503463
v 53.017129 26.629067 -82.466883
v 53.399708 23.879647 -85.547101
v 53.399708 23.879647 -85.547101
v 51.257427 23.879647 -85.639376
v 53.815195 24.963552 -83.745245
v 53.098250 24.963552 -85.120517
v 53.815195 24.963552 -83.745245
v 53.334210 27.392084 -83.948734
v 51.224267 27.392084 -84.039621
v 52.790849 28.526049 -83.078364
v 52.790849 28.526049 -83.078364
v 51.814370 28.526049 -84.951483
v 51.247408 28.526049 -84.060376
v 52.846077 27.392084 -84.885093
v 53.040501 27.054307 -83.913406
v 51.855287 27.054307 -83.295534
v 52.626263 27.054307 -83.262324
v 51.855287 27.054307 -83.295534
v 53.040501 27.054307 -83.913406
v 51.498559 27.054307 -83.979821
v 51.498559 27.054307 -83.979821
v 53.040501 27.054307 -83.913406
v 51.498559 27.054307 -83.979821
v 51.912809 27.054307 -84.630899
v 51.119078 24.467440 -83.790901
v 52.683781 27.054307 -84.597686
v 53.334210 27.392084 -83.948734
v 52.762196 27.054307 -82.934578
v 52.626263 27.054307 -83.262324
v 51.831676 27.054307 -82.978907
v 52.626263 27.054307 -83.262324
v 52.762196 27.054307 -82.934578
v 53.262165 27.054307 -83.803632
v 52.626263 27.054307 -83.262324
v 53.262165 27.054307 -83.803632
v 53.040501 27.054307 -83.913406
v 53.040501 27.054307 -83.913406
v 53.262165 27.054307 -83.803632
v 52.831620 27.054307 -84.717007
v 53.040501 27.054307 -83.913406
v 52.831620 27.054307 -84.717007
v 52.683781 27.054307 -84.597686
v 52.683781 27.054307 -84.597686
v 52.831620 27.054307 -84.717007
v 51.912809 27.054307 -84.630899
v 51.831676 27.054307 -82.978907
v 51.855287 27.054307 -83.295534
v 51.401124 27.054307 -83.892289
v 51.855287 27.054307 -83.295534
v 51.831676 27.054307 -82.978907
v 52.626263 27.054307 -83.262324
v 51.401124 27.054307 -83.892289
v 51.855287 27.054307 -83.295534
v 51.498559 27.054307 -83.979821
v 51.401124 27.054307 -83.892289
v 51.498559 27.054307 -83.979821
v 51.901100 27.054307 -84.761336
v 51.901100 27.054307 -84.761336
v 51.498559 27.054307 -83.979821
v 51.912809 27.054307 -84.630899
v 51.901100 27.054307 -84.761336
v 51.912809 27.054307 -84.630899
v 52.831620 27.054307 -84.717007
v 51.097596 23.879647 -81.928842
v 53.239873 23.879647 -81.836563
v 50.106373 23.879647 -83.830248
v 51.814370 28.526049 -84.951483
v 53.357814 28.526049 -83.969474
v 53.357814 28.526049 -83.969474
v 52.790849 28.526049 -83.078364
v 52.683781 27.054307 -84.597686
v 53.383816 24.467440 -83.693346
v 51.643020 24.467440 -82.785851
v 52.775389 24.467440 -82.737074
v 51.643020 24.467440 -82.785851
v 53.383816 24.467440 -83.693346
v 51.119078 24.467440 -83.790901
v 51.119078 24.467440 -83.790901
v 53.383816 24.467440 -83.693346
v 52.859874 24.467440 -84.698396
v 51.119078 24.467440 -83.790901
v 52.859874 24.467440 -84.698396
v 51.727505 24.467440 -84.747173
v 51.119078 24.467440 -83.790901
v 50.716206 24.963552 -83.878735
v 51.433151 24.963552 -82.503463
v 50.716206 24.963552 -83.878735
v 51.467297 26.629067 -82.533641
v 53.017129 26.629067 -82.466883
v 51.340492 20.891704 -82.277459
v 50.106373 23.879647 -83.830248
v 51.712396 27.392084 -83.103273
v 51.119078 24.467440 -83.790901
v 51.224267 27.392084 -84.039621
v 51.814370 28.526049 -84.951483
v 50.750195 26.629067 -83.909219
v 51.791109 27.392084 -84.930534
v 51.983732 28.913539 -83.426977
v 51.983732 28.913539 -83.426977
v 51.690593 28.913539 -84.048847
v 51.983732 28.913539 -83.426977
v 51.983732 28.913539 -83.426977
v 51.983732 28.815574 -83.426977
v 52.617277 28.913539 -83.396795
v 52.957675 28.913539 -83.988491
v 52.617277 28.913539 -83.396795
v 52.664540 28.913539 -84.610364
v 52.664540 28.815574 -84.610364
v 52.664540 28.913539 -84.610364
v 51.690593 28.913539 -84.048847
v 52.030996 28.815574 -84.640546
v 51.690593 28.815574 -84.048847
v 52.030996 28.815574 -84.640546
v 51.690593 28.913539 -84.048847
v 52.030996 28.913539 -84.640546
v 52.957675 28.913539 -83.988491
v 52.617277 28.815574 -83.396795
v 52.957675 28.815574 -83.988491
v 52.617277 28.815574 -83.396795
v 52.957675 28.913539 -83.988491
v 52.617277 28.913539 -83.396795
v 52.691590 29.844211 -83.977565
v 52.091448 29.844211 -83.631555
v 52.481836 29.844211 -83.612959
v 52.091448 29.844211 -83.631555
v 52.691590 29.844211 -83.977565
v 51.910814 29.844211 -84.014757
v 51.910814 29.844211 -84.014757
v 52.691590 29.844211 -83.977565
v 51.910814 29.844211 -84.014757
v 52.510963 29.844211 -84.360760
v 52.957675 28.913539 -83.988491
v 52.664540 28.913539 -84.610364
v 52.957675 28.913539 -83.988491
v 52.510963 29.844211 -84.360760
v 52.691590 29.844211 -83.977565
v 51.910814 29.844211 -84.014757
v 52.030996 28.913539 -84.640546
v 51.690593 28.913539 -84.048847
v 52.030996 28.913539 -84.640546
v 51.910814 29.844211 -84.014757
v 52.120575 29.844211 -84.379356
v 52.030996 28.913539 -84.640546
v 52.510963 29.844211 -84.360760
v 52.664540 28.913539 -84.610364
v 52.510963 29.844211 -84.360760
v 52.030996 28.913539 -84.640546
v 52.120575 29.844211 -84.379356
v 52.481836 29.844211 -83.612959
v 51.983732 28.913539 -83.426977
v 52.617277 28.913539 -83.396795
v 51.983732 28.913539 -83.426977
v 52.481836 29.844211 -83.612959
v 52.091448 29.844211 -83.631555
v 52.846077 27.392084 -84.885093
v 52.846077 27.392084 -84.885093
v 52.756756 27.392084 -84.888934
v 52.756756 27.392084 -84.888934
v 51.846602 27.392084 -84.928140
v 51.846602 27.392084 -84.928140
v 51.791109 27.392084 -84.930534
f 1719 1720 1721
f 1722 1723 1724
f 1723 1722 1725
f 1726 1727 1728
f 1729 1730 1731
f 1732 1733 1734
f 1735 1736 1737
f 1736 1735 1738
f 1738 1735 1739
f 1738 1739 1740
f 1741 1731 1742
f 1743 1744 1745
f 1746 1747 1748
f 1749 1743 1750
f 1751 1752 1753
f 1720 1754 1755
f 1726 1751 1756
f 1757 1758 1759
f 1758 1757 1760
f 1855 1761 1762
f 1763 1764 1765
f 1764 1763 1766
f 1767 1732 1768
f 1764 1769 1770
f 1769 1764 1771
f 1771 1764 1772
f 1773 1774 1775
f 1856 1857 1776
f 1777 1858 1778
f 1859 1777 1779
f 1765 1860 1779
f 1861 1765 1862
f 1780 1781 1782
f 1775 1774 1863
f 1773 1783 1784
f 1785 1786 1787
f 1776 1864 1782
f 1865 1777 1788
f 1777 1866 1867
f 1789 1868 1790
f 1869 1789 1870
f 1871 1776 1791
f 1872 1792 1873
f 1788 1793 1874
f 1793 1788 1772
f 1793 1772 1794
f 1794 1772 1795
f 1795 1772 1796
f 1796 1772 1797
f 1875 1798 1797
f 1798 1876 1793
f 1797 1798 1794
f 1797 1794 1799
f 1799 1794 1795
f 1797 1799 1796
f 1877 1791 1800
f 1719 1762 1801
f 1719 1801 1720
f 1878 1789 1790
f 1789 1879 1880
f 1726 1728 1751
f 1881 1802 1803
f 1802 1882 1883
f 1884 1804 1805
f 1804 1885 1806
f 1744 1748 1745
f 1886 1805 1803
f 1805 1887 1888
f 1760 1802 1758
f 1802 1760 1889
f 1752 1890 1753
f 1807 1891 1808
f 1749 1744 1743
f 1758 1892 1893
f 1894 1758 1802
f 1809 1747 1810
f 1895 1896 1807
f 1805 1897 1898
f 1899 1805 1804
f 1759 1900 1804
f 1901 1759 1902
f 1752 1808 1903
f 1810 1747 1746
f 1803 1904 1905
f 1906 1803 1805
f 1750 1743 1811
f 1907 1908 1909
f 1910 1911 1912
f 1913 1914 1915
f 1916 1917 1918
f 1919 1920 1921
f 1922 1923 1924
f 1925 1926 1927
f 1928 1929 1930
f 1931 1932 1812
f 1933 1812 1934
f 1935 1936 1937
f 1938 1939 1940
f 1813 1941 1942
f 1943 1813 1944
f 1945 1946 1947
f 1948 1949 1950
f 1809 1811 1951
f 1759 1952 1953
f 1954 1759 1758
f 1814 1772 1788
f 1772 1814 1771
f 1955 1815 1816
f 1815 1956 1817
f 1733 1742 1734
f 1957 1816 1790
f 1816 1958 1959
f 1725 1789 1723
f 1789 1725 1960
f 1754 1961 1755
f 1761 1962 1818
f 1767 1733 1732
f 1723 1963 1964
f 1965 1723 1789
f 1729 1731 1819
f 1966 1967 1761
f 1816 1968 1969
f 1970 1816 1815
f 1724 1971 1815
f 1972 1724 1973
f 1754 1818 1974
f 1802 1975 1803
f 1976 1802 1977
f 1819 1731 1741
f 1790 1978 1979
f 1980 1790 1816
f 1981 1820 1821
f 1982 1783 1773
f 1983 1765 1779
f 1765 1984 1763
f 1985 1986 1791
f 1814 1778 1987
f 1778 1814 1777
f 1777 1814 1788
f 1988 1989 1990
f 1991 1992 1993
f 1994 1995 1822
f 1996 1822 1997
f 1768 1732 1998
f 1773 1784 1774
f 1792 1821 1999
f 2000 1774 1820
f 2001 2002 2003
f 2004 2005 2006
f 2007 2008 2009
f 2010 2011 2012
f 2013 2014 2015
f 2016 2017 2018
f 2019 2020 2021
f 2022 2023 2024
f 2025 2026 2027
f 2028 2029 2030
f 2031 2032 2033
f 2034 2035 2036
f 1756 1751 1753
f 1807 2037 2038
f 1746 1748 1744
f 1750 1811 1809
f 1806 1759 1804
f 1759 1806 1757
f 1726 2039 1727
f 2040 1800 1786
f 1786 1780 1787
f 2041 1779 1777
f 1779 2042 2043
f 1821 1820 2044
f 2045 2046 2047
f 2048 2049 2050
f 2051 2052 2053
f 2054 2055 2056
f 1729 2057 1730
f 1724 2058 2059
f 2060 1724 1723
f 1721 1720 1755
f 1761 2061 2062
f 1809 2063 1747
f 1741 1742 1733
f 2064 1807 1727
f 1765 1770 2065
f 1770 1765 1764
f 1768 2066 1729
f 2067 1792 1783
f 1766 1772 1764
f 1772 1766 1797
f 1780 1782 1787
f 1776 1782 1781
f 2068 1786 1785
f 1817 1724 1815
f 1724 1817 1722
f 1719 2069 1762
f 1792 1823 1821
f 1823 1792 2070
f 1824 1825 1826
f 1825 1824 1827
f 1828 1829 1830
f 1829 1828 1831
f 2071 1832 1833
f 1832 2072 2073
f 2074 1834 1835
f 1834 2075 2076
f 1836 2077 2078
f 2079 1836 1837
f 1838 2080 2081
f 2082 1838 1839
f 2083 2084 2085
f 2086 2087 2088
f 2089 2090 2091
f 2092 2093 2094
f 2095 2096 2097
f 2098 2099 2100
f 2101 2102 1840
f 2103 1840 1841
f 2104 2105 2106
f 2107 2108 2109
f 2110 2111 2112
f 2113 2114 2115
f 2116 2117 2118
f 2119 2120 2121
f 2122 2123 2124
f 2125 2126 2127
f 1842 1843 1844
f 1843 1842 1845
f 1845 1842 1846
f 1847 1848 1849
f 1850 1851 1852
f 2128 1853 1854
f 1853 2129 2130
f 1853 2131 2132
f 1853 2133 2134
o Dust_II_Group_181
v -79.175331 24.597029 110.585579
v -79.199912 24.581411 110.583083
v -79.186374 24.581411 110.596622
v -79.188869 24.597029 110.572040
v -79.116163 24.486952 110.515580
v -79.111392 24.493699 110.510809
v -79.122011 24.486952 110.509731
v -79.117240 24.493699 110.504961
v -79.175331 24.597029 110.585579
v -79.186374 24.581411 110.596622
v -79.175331 24.597029 110.585579
v -79.186374 24.581411 110.596622
v -79.199912 24.581411 110.583083
v -79.186374 24.581411 110.596622
v -79.116163 24.486952 110.515580
v -79.175331 24.597029 110.585579
v -79.188869 24.597029 110.572040
v -79.175331 24.597029 110.585579
v -79.111392 24.493699 110.510809
v -79.117240 24.493699 110.504961
v -79.199912 24.581411 110.583083
v -79.188869 24.597029 110.572040
v -79.199912 24.581411 110.583083
v -79.117240 24.493699 110.504961
v -79.122011 24.486952 110.509731
v -79.117240 24.493699 110.504961
v -79.116163 24.486952 110.515580
v -79.122011 24.486952 110.509731
v -79.116163 24.486952 110.515580
v -79.117240 24.493699 110.504961
v -79.111392 24.493699 110.510809
f 2135 2136 2137
f 2136 2135 2138
f 2139 2143 2144
f 2145 2139 2140
f 2141 2146 2147
f 2148 2141 2149
f 2150 2142 2151
f 2142 2152 2153
f 2154 2155 2156
f 2157 2158 2159
f 2160 2161 2162
f 2163 2164 2165
o Dust_II_Group_180
v -76.971571 28.604977 113.255832
v -78.220255 29.030216 112.754819
v -78.521399 28.604977 113.189070
v -76.855939 28.604977 110.571446
v -76.002889 27.789938 111.965526
v -76.789177 27.789938 110.457222
v -76.138837 28.604977 111.947023
v -76.646069 25.855557 113.677181
v -76.394773 26.443350 111.844643
v -77.085869 26.443350 113.045910
v -76.821790 26.939462 110.541264
v -77.031666 26.443350 110.823660
v -78.164031 26.443350 110.774879
v -77.116147 26.443350 112.784978
v -78.486892 26.939462 113.158322
v -78.248512 26.443350 112.736197
v -78.346321 30.889448 112.026300
v -77.372374 30.889448 111.464782
v -78.005919 30.889448 111.434600
v -77.079239 30.889448 112.086655
v -78.053186 30.889448 112.648173
v -77.419641 30.889448 112.678354
v -79.203838 26.939462 111.783050
v -78.772458 26.443350 111.731151
v -76.845915 22.867614 113.026334
v -78.740643 23.553371 113.542389
v -78.411144 22.867614 112.958908
v -79.731654 23.553371 111.641397
v -78.294371 22.867614 110.247846
v -79.135375 22.867614 111.569668
v -76.598839 23.553371 113.634649
v -75.448031 23.553371 111.825916
v -78.372095 26.443350 112.984638
v -78.967218 26.443350 111.722105
v -79.779570 25.855557 111.683496
v -78.650807 29.030216 111.841437
v -79.238501 28.604977 111.813507
v -78.788350 25.855557 113.584906
v -76.486235 25.855557 109.966643
v -75.307094 24.728955 111.893633
v -76.393967 24.728955 109.808762
v -75.495015 25.855557 111.868053
v -77.220318 29.030216 111.016712
v -76.789766 29.030216 111.930094
v -77.124284 30.501959 111.161624
v -76.543488 29.947040 112.110788
v -77.078836 29.947040 111.083854
v -76.636046 30.501959 112.098177
v -76.937399 26.939462 113.225061
v -76.104844 26.939462 111.916536
v -77.179747 29.367993 112.968335
v -76.612912 29.367993 112.077430
v -77.177957 29.438865 112.982967
v -77.165160 29.947040 113.087868
v -77.101038 29.367993 111.141077
v -78.014906 29.030216 111.300129
v -78.156014 29.367993 111.095630
v -77.372374 30.791484 111.464782
v -78.857529 29.947040 112.011108
v -78.722856 29.367993 111.986542
v -78.235857 29.947040 111.034014
v -78.346321 30.791484 112.026300
v -78.005919 30.791484 111.434600
v -78.179491 30.501959 111.116169
v -76.887201 29.030216 112.017626
v -77.243929 29.030216 111.333339
v -78.258222 30.501959 112.943836
v -78.053186 30.791484 112.648173
v -78.746453 30.501959 112.007275
v -78.322173 29.947040 113.038035
v -76.915966 27.789938 113.400632
v -78.615345 27.789938 113.327434
v -77.079239 30.791484 112.086655
v -77.301450 29.030216 112.668704
v -78.145394 30.075137 113.023269
v -77.852013 30.089186 113.033449
v -77.541136 30.107756 113.043599
v -77.284745 30.076674 113.060073
v -77.203015 30.501959 112.989291
v -78.016210 30.327999 112.984653
v -77.428613 30.327999 113.009964
v -77.419641 30.791484 112.678354
v -77.289742 29.030216 112.799140
v -76.569217 24.728955 113.877325
v -78.918212 24.728955 113.776146
v -78.742955 24.728955 109.707575
v -80.005078 24.728955 111.691267
v -78.628516 25.855557 109.874368
v -76.989903 26.443350 110.582118
v -78.276129 26.443350 110.520845
v -76.439042 23.553371 109.924924
v -78.580853 23.553371 109.832672
v -76.004910 22.867614 111.704512
v -76.507720 26.443350 111.828706
v -76.729134 22.867614 110.315264
v -78.245798 29.441328 112.937482
v -78.488556 27.789938 110.384025
v -79.401640 27.789938 111.819123
v -78.405775 28.604977 110.504691
v -78.150838 29.030216 110.972383
v -78.371290 26.939462 110.474517
v -78.429147 29.030216 111.951215
v -78.234715 29.367993 112.922895
v -78.072420 29.030216 112.635502
v -77.664644 29.284074 112.874315
v -78.053186 30.889448 112.648173
v -78.346321 30.791484 112.026300
v -78.053186 30.791484 112.648173
v -78.346321 30.889448 112.026300
v -77.480087 31.820120 111.669356
v -77.079239 30.889448 112.086655
v -77.372374 30.889448 111.464782
v -77.299452 31.820120 112.052558
v -77.079239 30.791484 112.086655
v -77.372374 30.791484 111.464782
v -78.005919 30.791484 111.434600
v -78.005919 30.889448 111.434600
v -78.080228 31.820120 112.015367
v -77.870478 31.820120 111.650764
v -77.419641 30.791484 112.678354
v -77.419641 30.889448 112.678354
v -77.899601 31.820120 112.398562
v -77.509216 31.820120 112.417161
v -77.664644 29.284074 112.874315
v -78.145394 29.367993 112.926750
v -78.234715 29.367993 112.922895
v -77.235248 29.367993 112.965948
v -77.179747 29.367993 112.968335
v -77.284745 30.076674 113.060073
v -77.428613 30.327999 113.009964
v -77.541136 30.107756 113.043599
v -77.852013 30.089186 113.033449
v -78.016210 30.327999 112.984653
v -78.145394 30.075137 113.023269
v -77.177957 29.438865 112.982967
v -78.245798 29.441328 112.937482
v -76.138837 28.604977 111.947023
v -76.636046 30.501959 112.098177
v -77.124284 30.501959 111.161624
v -78.156014 29.367993 111.095630
v -78.156014 29.367993 111.095630
v -78.156014 29.367993 111.095630
v -78.156014 29.367993 111.095630
v -77.101038 29.367993 111.141077
v -78.722856 29.367993 111.986542
v -77.124284 30.501959 111.161624
v -78.258222 30.501959 112.943836
v -78.258222 30.501959 112.943836
v -78.746453 30.501959 112.007275
v -78.521399 28.604977 113.189070
v -78.521399 28.604977 113.189070
v -76.971571 28.604977 113.255832
v -76.636046 30.501959 112.098177
v -77.179747 29.367993 112.968335
v -76.612912 29.367993 112.077430
v -78.258222 30.501959 112.943836
v -78.258222 30.501959 112.943836
v -78.258222 30.501959 112.943836
v -77.203015 30.501959 112.989291
v -78.486892 26.939462 113.158322
v -78.486892 26.939462 113.158322
v -76.937399 26.939462 113.225061
v -78.740643 23.553371 113.542389
v -78.740643 23.553371 113.542389
v -76.598839 23.553371 113.634649
v -79.779570 25.855557 111.683496
v -79.779570 25.855557 111.683496
v -78.788350 25.855557 113.584906
v -78.788350 25.855557 113.584906
v -79.779570 25.855557 111.683496
v -76.646069 25.855557 113.677181
v -78.628516 25.855557 109.874368
v -78.628516 25.855557 109.874368
v -76.598839 23.553371 113.634649
v -75.448031 23.553371 111.825916
v -76.598839 23.553371 113.634649
v -75.495015 25.855557 111.868053
v -76.486235 25.855557 109.966643
v -78.580853 23.553371 109.832672
v -79.731654 23.553371 111.641397
v -78.580853 23.553371 109.832672
v -78.580853 23.553371 109.832672
v -78.580853 23.553371 109.832672
v -76.439042 23.553371 109.924924
v -78.628516 25.855557 109.874368
v -79.731654 23.553371 111.641397
v -78.740643 23.553371 113.542389
v -79.731654 23.553371 111.641397
v -78.276129 26.443350 110.520845
v -78.164031 26.443350 110.774879
v -76.989903 26.443350 110.582118
v -78.164031 26.443350 110.774879
v -78.276129 26.443350 110.520845
v -78.967218 26.443350 111.722105
v -78.164031 26.443350 110.774879
v -78.967218 26.443350 111.722105
v -78.772458 26.443350 111.731151
v -78.772458 26.443350 111.731151
v -78.967218 26.443350 111.722105
v -78.372095 26.443350 112.984638
v -78.772458 26.443350 111.731151
v -78.372095 26.443350 112.984638
v -78.248512 26.443350 112.736197
v -78.248512 26.443350 112.736197
v -78.372095 26.443350 112.984638
v -77.116147 26.443350 112.784978
v -76.989903 26.443350 110.582118
v -77.031666 26.443350 110.823660
v -76.394773 26.443350 111.844643
v -77.031666 26.443350 110.823660
v -76.989903 26.443350 110.582118
v -78.164031 26.443350 110.774879
v -76.394773 26.443350 111.844643
v -77.031666 26.443350 110.823660
v -76.394773 26.443350 111.844643
v -77.116147 26.443350 112.784978
v -76.394773 26.443350 111.844643
v -77.116147 26.443350 112.784978
v -77.085869 26.443350 113.045910
v -77.085869 26.443350 113.045910
v -77.116147 26.443350 112.784978
v -78.372095 26.443350 112.984638
v -79.135375 22.867614 111.569668
v -78.294371 22.867614 110.247846
v -79.135375 22.867614 111.569668
v -76.004910 22.867614 111.704512
v -79.135375 22.867614 111.569668
v -76.004910 22.867614 111.704512
v -78.411144 22.867614 112.958908
v -78.411144 22.867614 112.958908
v -76.004910 22.867614 111.704512
v -76.845915 22.867614 113.026334
v -76.729134 22.867614 110.315264
v -75.448031 23.553371 111.825916
v -76.439042 23.553371 109.924924
v -75.448031 23.553371 111.825916
v -79.238501 28.604977 111.813507
v -79.238501 28.604977 111.813507
v -78.521399 28.604977 113.189070
v -78.521399 28.604977 113.189070
v -79.238501 28.604977 111.813507
v -76.971571 28.604977 113.255832
v -78.405775 28.604977 110.504691
v -78.405775 28.604977 110.504691
v -76.937399 26.939462 113.225061
v -76.104844 26.939462 111.916536
v -76.937399 26.939462 113.225061
v -76.138837 28.604977 111.947023
v -76.855939 28.604977 110.571446
v -78.371290 26.939462 110.474517
v -79.203838 26.939462 111.783050
v -78.371290 26.939462 110.474517
v -78.371290 26.939462 110.474517
v -78.371290 26.939462 110.474517
v -76.821790 26.939462 110.541264
v -78.405775 28.604977 110.504691
v -78.788350 25.855557 113.584906
v -78.788350 25.855557 113.584906
v -76.646069 25.855557 113.677181
v -79.203838 26.939462 111.783050
v -78.486892 26.939462 113.158322
v -79.203838 26.939462 111.783050
v -78.722856 29.367993 111.986542
v -76.612912 29.367993 112.077430
v -78.179491 30.501959 111.116169
v -78.179491 30.501959 111.116169
v -77.203015 30.501959 112.989291
v -76.636046 30.501959 112.098177
v -78.234715 29.367993 112.922895
v -78.429147 29.030216 111.951215
v -77.243929 29.030216 111.333339
v -78.014906 29.030216 111.300129
v -77.243929 29.030216 111.333339
v -78.429147 29.030216 111.951215
v -76.887201 29.030216 112.017626
v -76.887201 29.030216 112.017626
v -78.429147 29.030216 111.951215
v -76.887201 29.030216 112.017626
v -77.301450 29.030216 112.668704
v -76.507720 26.443350 111.828706
v -78.072420 29.030216 112.635502
v -78.722856 29.367993 111.986542
v -78.150838 29.030216 110.972383
v -78.014906 29.030216 111.300129
v -77.220318 29.030216 111.016712
v -78.014906 29.030216 111.300129
v -78.150838 29.030216 110.972383
v -78.650807 29.030216 111.841437
v -78.014906 29.030216 111.300129
v -78.650807 29.030216 111.841437
v -78.429147 29.030216 111.951215
v -78.429147 29.030216 111.951215
v -78.650807 29.030216 111.841437
v -78.220255 29.030216 112.754819
v -78.429147 29.030216 111.951215
v -78.220255 29.030216 112.754819
v -78.072420 29.030216 112.635502
v -78.072420 29.030216 112.635502
v -78.220255 29.030216 112.754819
v -77.301450 29.030216 112.668704
v -77.220318 29.030216 111.016712
v -77.243929 29.030216 111.333339
v -76.789766 29.030216 111.930094
v -77.243929 29.030216 111.333339
v -77.220318 29.030216 111.016712
v -78.014906 29.030216 111.300129
v -76.789766 29.030216 111.930094
v -77.243929 29.030216 111.333339
v -76.887201 29.030216 112.017626
v -76.789766 29.030216 111.930094
v -76.887201 29.030216 112.017626
v -77.289742 29.030216 112.799140
v -77.289742 29.030216 112.799140
v -76.887201 29.030216 112.017626
v -77.301450 29.030216 112.668704
v -77.289742 29.030216 112.799140
v -77.301450 29.030216 112.668704
v -78.220255 29.030216 112.754819
v -76.486235 25.855557 109.966643
v -78.628516 25.855557 109.874368
v -75.495015 25.855557 111.868053
v -77.203015 30.501959 112.989291
v -78.746453 30.501959 112.007275
v -78.746453 30.501959 112.007275
v -78.179491 30.501959 111.116169
v -78.072420 29.030216 112.635502
v -78.772458 26.443350 111.731151
v -77.031666 26.443350 110.823660
v -78.164031 26.443350 110.774879
v -77.031666 26.443350 110.823660
v -78.772458 26.443350 111.731151
v -76.507720 26.443350 111.828706
v -76.507720 26.443350 111.828706
v -78.772458 26.443350 111.731151
v -78.248512 26.443350 112.736197
v -76.507720 26.443350 111.828706
v -78.248512 26.443350 112.736197
v -77.116147 26.443350 112.784978
v -76.507720 26.443350 111.828706
v -76.104844 26.939462 111.916536
v -76.821790 26.939462 110.541264
v -76.104844 26.939462 111.916536
v -76.855939 28.604977 110.571446
v -78.405775 28.604977 110.504691
v -76.729134 22.867614 110.315264
v -75.495015 25.855557 111.868053
v -77.101038 29.367993 111.141077
v -76.507720 26.443350 111.828706
v -76.612912 29.367993 112.077430
v -77.203015 30.501959 112.989291
v -76.138837 28.604977 111.947023
v -77.179747 29.367993 112.968335
v -77.372374 30.889448 111.464782
v -77.372374 30.889448 111.464782
v -77.079239 30.889448 112.086655
v -77.372374 30.889448 111.464782
v -77.372374 30.889448 111.464782
v -77.372374 30.791484 111.464782
v -78.005919 30.889448 111.434600
v -78.346321 30.889448 112.026300
v -78.005919 30.889448 111.434600
v -78.053186 30.889448 112.648173
v -78.053186 30.791484 112.648173
v -78.053186 30.889448 112.648173
v -77.079239 30.889448 112.086655
v -77.419641 30.791484 112.678354
v -77.079239 30.791484 112.086655
v -77.419641 30.791484 112.678354
v -77.079239 30.889448 112.086655
v -77.419641 30.889448 112.678354
v -78.346321 30.889448 112.026300
v -78.005919 30.791484 111.434600
v -78.346321 30.791484 112.026300
v -78.005919 30.791484 111.434600
v -78.346321 30.889448 112.026300
v -78.005919 30.889448 111.434600
v -78.080228 31.820120 112.015367
v -77.480087 31.820120 111.669356
v -77.870478 31.820120 111.650764
v -77.480087 31.820120 111.669356
v -78.080228 31.820120 112.015367
v -77.299452 31.820120 112.052558
v -77.299452 31.820120 112.052558
v -78.080228 31.820120 112.015367
v -77.299452 31.820120 112.052558
v -77.899601 31.820120 112.398562
v -78.346321 30.889448 112.026300
v -78.053186 30.889448 112.648173
v -78.346321 30.889448 112.026300
v -77.899601 31.820120 112.398562
v -78.080228 31.820120 112.015367
v -77.299452 31.820120 112.052558
v -77.419641 30.889448 112.678354
v -77.079239 30.889448 112.086655
v -77.419641 30.889448 112.678354
v -77.299452 31.820120 112.052558
v -77.509216 31.820120 112.417161
v -77.419641 30.889448 112.678354
v -77.899601 31.820120 112.398562
v -78.053186 30.889448 112.648173
v -77.899601 31.820120 112.398562
v -77.419641 30.889448 112.678354
v -77.509216 31.820120 112.417161
v -77.870478 31.820120 111.650764
v -77.372374 30.889448 111.464782
v -78.005919 30.889448 111.434600
v -77.372374 30.889448 111.464782
v -77.870478 31.820120 111.650764
v -77.480087 31.820120 111.669356
v -78.234715 29.367993 112.922895
v -78.234715 29.367993 112.922895
v -78.145394 29.367993 112.926750
v -78.145394 29.367993 112.926750
v -77.235248 29.367993 112.965948
v -77.235248 29.367993 112.965948
v -77.179747 29.367993 112.968335
f 2166 2167 2168
f 2169 2170 2171
f 2170 2169 2172
f 2173 2174 2175
f 2176 2177 2178
f 2179 2180 2181
f 2182 2183 2184
f 2183 2182 2185
f 2185 2182 2186
f 2185 2186 2187
f 2188 2178 2189
f 2190 2191 2192
f 2193 2194 2195
f 2196 2190 2197
f 2198 2199 2200
f 2167 2201 2202
f 2173 2198 2203
f 2204 2205 2206
f 2205 2204 2207
f 2302 2208 2209
f 2210 2211 2212
f 2211 2210 2213
f 2214 2179 2215
f 2211 2216 2217
f 2216 2211 2218
f 2218 2211 2219
f 2220 2221 2222
f 2303 2304 2223
f 2224 2305 2225
f 2306 2224 2226
f 2212 2307 2226
f 2308 2212 2309
f 2227 2228 2229
f 2222 2221 2310
f 2220 2230 2231
f 2232 2233 2234
f 2223 2311 2229
f 2312 2224 2235
f 2224 2313 2314
f 2236 2315 2237
f 2316 2236 2317
f 2318 2223 2238
f 2319 2239 2320
f 2235 2240 2321
f 2240 2235 2219
f 2240 2219 2241
f 2241 2219 2242
f 2242 2219 2243
f 2243 2219 2244
f 2322 2245 2244
f 2245 2323 2240
f 2244 2245 2241
f 2244 2241 2246
f 2246 2241 2242
f 2244 2246 2243
f 2324 2238 2247
f 2166 2209 2248
f 2166 2248 2167
f 2325 2236 2237
f 2236 2326 2327
f 2173 2175 2198
f 2328 2249 2250
f 2249 2329 2330
f 2331 2251 2252
f 2251 2332 2253
f 2191 2195 2192
f 2333 2252 2250
f 2252 2334 2335
f 2207 2249 2205
f 2249 2207 2336
f 2199 2337 2200
f 2254 2338 2255
f 2196 2191 2190
f 2205 2339 2340
f 2341 2205 2249
f 2256 2194 2257
f 2342 2343 2254
f 2252 2344 2345
f 2346 2252 2251
f 2206 2347 2251
f 2348 2206 2349
f 2199 2255 2350
f 2257 2194 2193
f 2250 2351 2352
f 2353 2250 2252
f 2197 2190 2258
f 2354 2355 2356
f 2357 2358 2359
f 2360 2361 2362
f 2363 2364 2365
f 2366 2367 2368
f 2369 2370 2371
f 2372 2373 2374
f 2375 2376 2377
f 2378 2379 2259
f 2380 2259 2381
f 2382 2383 2384
f 2385 2386 2387
f 2260 2388 2389
f 2390 2260 2391
f 2392 2393 2394
f 2395 2396 2397
f 2256 2258 2398
f 2206 2399 2400
f 2401 2206 2205
f 2261 2219 2235
f 2219 2261 2218
f 2402 2262 2263
f 2262 2403 2264
f 2180 2189 2181
f 2404 2263 2237
f 2263 2405 2406
f 2172 2236 2170
f 2236 2172 2407
f 2201 2408 2202
f 2208 2409 2265
f 2214 2180 2179
f 2170 2410 2411
f 2412 2170 2236
f 2176 2178 2266
f 2413 2414 2208
f 2263 2415 2416
f 2417 2263 2262
f 2171 2418 2262
f 2419 2171 2420
f 2201 2265 2421
f 2249 2422 2250
f 2423 2249 2424
f 2266 2178 2188
f 2237 2425 2426
f 2427 2237 2263
f 2428 2267 2268
f 2429 2230 2220
f 2430 2212 2226
f 2212 2431 2210
f 2432 2433 2238
f 2261 2225 2434
f 2225 2261 2224
f 2224 2261 2235
f 2435 2436 2437
f 2438 2439 2440
f 2441 2442 2269
f 2443 2269 2444
f 2215 2179 2445
f 2220 2231 2221
f 2239 2268 2446
f 2447 2221 2267
f 2448 2449 2450
f 2451 2452 2453
f 2454 2455 2456
f 2457 2458 2459
f 2460 2461 2462
f 2463 2464 2465
f 2466 2467 2468
f 2469 2470 2471
f 2472 2473 2474
f 2475 2476 2477
f 2478 2479 2480
f 2481 2482 2483
f 2203 2198 2200
f 2254 2484 2485
f 2193 2195 2191
f 2197 2258 2256
f 2253 2206 2251
f 2206 2253 2204
f 2173 2486 2174
f 2487 2247 2233
f 2233 2227 2234
f 2488 2226 2224
f 2226 2489 2490
f 2268 2267 2491
f 2492 2493 2494
f 2495 2496 2497
f 2498 2499 2500
f 2501 2502 2503
f 2176 2504 2177
f 2171 2505 2506
f 2507 2171 2170
f 2168 2167 2202
f 2208 2508 2509
f 2256 2510 2194
f 2188 2189 2180
f 2511 2254 2174
f 2212 2217 2512
f 2217 2212 2211
f 2215 2513 2176
f 2514 2239 2230
f 2213 2219 2211
f 2219 2213 2244
f 2227 2229 2234
f 2223 2229 2228
f 2515 2233 2232
f 2264 2171 2262
f 2171 2264 2169
f 2166 2516 2209
f 2239 2270 2268
f 2270 2239 2517
f 2271 2272 2273
f 2272 2271 2274
f 2275 2276 2277
f 2276 2275 2278
f 2518 2279 2280
f 2279 2519 2520
f 2521 2281 2282
f 2281 2522 2523
f 2283 2524 2525
f 2526 2283 2284
f 2285 2527 2528
f 2529 2285 2286
f 2530 2531 2532
f 2533 2534 2535
f 2536 2537 2538
f 2539 2540 2541
f 2542 2543 2544
f 2545 2546 2547
f 2548 2549 2287
f 2550 2287 2288
f 2551 2552 2553
f 2554 2555 2556
f 2557 2558 2559
f 2560 2561 2562
f 2563 2564 2565
f 2566 2567 2568
f 2569 2570 2571
f 2572 2573 2574
f 2289 2290 2291
f 2290 2289 2292
f 2292 2289 2293
f 2294 2295 2296
f 2297 2298 2299
f 2575 2300 2301
f 2300 2576 2577
f 2300 2578 2579
f 2300 2580 2581
o Dust_II_Group_179
v -80.241072 14.908761 39.356532
v -79.510239 14.431180 38.683824
v -80.241072 14.290187 38.859185
v -79.510239 15.049755 39.181171
v -78.768105 13.310133 41.344825
v -79.510239 12.550564 41.022839
v -78.768105 12.691559 40.847478
v -79.510239 13.169138 41.520186
v -80.977559 14.109447 40.350677
v -80.809827 13.020719 40.438085
v -80.809827 13.639293 40.935431
v -80.977559 13.490872 39.853333
v -80.241072 12.691559 40.847478
v -80.241072 13.310133 41.344825
v -78.210645 13.961027 39.268579
v -78.031619 14.109447 40.350677
v -78.031619 13.490872 39.853333
v -78.210645 14.579601 39.765926
v -80.809827 14.579601 39.765926
v -80.471023 14.109447 40.350677
v -80.361064 13.801234 40.734018
v -79.988218 13.585454 41.002393
v -79.509126 13.493028 41.117350
v -79.022637 13.585454 41.002393
v -78.657195 13.801234 40.734018
v -78.210645 13.639293 40.935431
v -78.539832 14.109447 40.350677
v -80.361064 14.417659 39.967339
v -79.988218 14.633438 39.698964
v -79.509126 14.725866 39.584007
v -78.768105 14.908761 39.356532
v -79.022637 14.633438 39.698964
v -78.657195 14.417659 39.967339
v -78.768105 14.290187 38.859185
v -78.210645 13.020719 40.438085
v -80.809827 13.961027 39.268579
v -80.471023 13.490872 39.853333
v -80.361064 13.799085 39.469992
v -79.988218 14.014864 39.201617
v -79.509126 14.107292 39.086660
v -79.022637 14.014864 39.201617
v -78.657195 13.799085 39.469992
v -78.539832 13.490872 39.853333
v -80.361064 13.182660 40.236671
v -79.988218 12.966880 40.505046
v -79.509126 12.874453 40.620003
v -79.022637 12.966880 40.505046
v -78.657195 13.182660 40.236671
v -79.988218 13.585454 41.002393
v -79.509126 12.874453 40.620003
v -79.988218 12.966880 40.505046
v -79.509126 13.493028 41.117350
v -80.361064 13.182660 40.236671
v -80.471023 14.109447 40.350677
v -80.361064 13.801234 40.734018
v -80.471023 13.490872 39.853333
v -79.509126 14.725866 39.584007
v -79.988218 14.014864 39.201617
v -79.509126 14.107292 39.086660
v -79.988218 14.633438 39.698964
v -78.657195 14.417659 39.967339
v -79.022637 14.014864 39.201617
v -78.657195 13.799085 39.469992
v -79.022637 14.633438 39.698964
v -78.539832 14.109447 40.350677
v -78.657195 13.182660 40.236671
v -78.657195 13.801234 40.734018
v -78.539832 13.490872 39.853333
v -80.361064 13.799085 39.469992
v -80.361064 14.417659 39.967339
v -79.022637 13.585454 41.002393
v -79.022637 12.966880 40.505046
v -80.809827 13.639293 40.935431
v -80.977559 14.109447 40.350677
v -80.809827 13.639293 40.935431
v -80.241072 13.310133 41.344825
v -80.241072 13.310133 41.344825
v -80.241072 13.310133 41.344825
v -80.241072 13.310133 41.344825
v -80.241072 13.310133 41.344825
v -79.510239 13.169138 41.520186
v -79.510239 13.169138 41.520186
v -79.510239 13.169138 41.520186
v -78.768105 13.310133 41.344825
v -78.768105 13.310133 41.344825
v -78.768105 13.310133 41.344825
v -78.768105 13.310133 41.344825
v -80.241072 14.908761 39.356532
v -80.241072 14.908761 39.356532
v -80.241072 14.908761 39.356532
v -80.241072 14.908761 39.356532
v -79.510239 15.049755 39.181171
v -79.510239 15.049755 39.181171
v -79.510239 15.049755 39.181171
v -78.210645 14.579601 39.765926
v -78.210645 14.579601 39.765926
v -78.210645 14.579601 39.765926
v -78.210645 14.579601 39.765926
v -78.031619 14.109447 40.350677
v -78.768105 14.908761 39.356532
v -78.768105 14.908761 39.356532
v -78.768105 14.908761 39.356532
v -78.031619 13.490872 39.853333
v -78.210645 13.639293 40.935431
v -78.210645 13.639293 40.935431
v -78.031619 13.490872 39.853333
v -78.031619 14.109447 40.350677
v -80.809827 14.579601 39.765926
v -80.809827 14.579601 39.765926
v -78.210645 13.639293 40.935431
v -78.210645 13.639293 40.935431
v -80.809827 13.961027 39.268579
v -80.809827 13.020719 40.438085
v -80.977559 13.490872 39.853333
v -80.809827 13.020719 40.438085
v -80.809827 13.961027 39.268579
v -80.241072 14.290187 38.859185
v -80.809827 13.020719 40.438085
v -80.241072 14.290187 38.859185
v -80.241072 14.290187 38.859185
v -80.241072 14.290187 38.859185
v -80.241072 14.290187 38.859185
v -79.510239 14.431180 38.683824
v -79.510239 14.431180 38.683824
v -79.510239 14.431180 38.683824
v -78.768105 14.290187 38.859185
v -78.768105 14.290187 38.859185
v -78.768105 14.290187 38.859185
v -78.768105 14.290187 38.859185
v -78.210645 13.961027 39.268579
v -78.210645 13.961027 39.268579
v -80.241072 12.691559 40.847478
v -80.809827 13.020719 40.438085
v -80.241072 12.691559 40.847478
v -80.241072 12.691559 40.847478
v -80.241072 12.691559 40.847478
v -79.510239 12.550564 41.022839
v -79.510239 12.550564 41.022839
v -79.510239 12.550564 41.022839
v -78.768105 12.691559 40.847478
v -78.768105 12.691559 40.847478
v -78.768105 12.691559 40.847478
v -78.768105 12.691559 40.847478
v -78.210645 13.020719 40.438085
v -78.210645 13.020719 40.438085
v -78.210645 13.020719 40.438085
v -78.210645 13.961027 39.268579
v -78.210645 13.020719 40.438085
v -78.210645 13.961027 39.268579
v -78.031619 13.490872 39.853333
v -80.809827 14.579601 39.765926
v -80.809827 14.579601 39.765926
v -79.022637 14.633438 39.698964
v -79.509126 14.107292 39.086660
v -79.022637 14.014864 39.201617
v -79.509126 14.107292 39.086660
v -79.022637 14.633438 39.698964
v -79.509126 14.725866 39.584007
v -79.988218 14.633438 39.698964
v -79.988218 14.014864 39.201617
v -79.988218 14.633438 39.698964
v -80.361064 13.801234 40.734018
v -79.988218 12.966880 40.505046
v -80.361064 13.182660 40.236671
v -79.988218 12.966880 40.505046
v -80.361064 13.801234 40.734018
v -79.988218 13.585454 41.002393
v -78.657195 14.417659 39.967339
v -78.539832 13.490872 39.853333
v -78.539832 14.109447 40.350677
v -78.539832 13.490872 39.853333
v -78.657195 14.417659 39.967339
v -78.657195 13.799085 39.469992
v -80.361064 13.799085 39.469992
v -80.471023 14.109447 40.350677
v -80.471023 13.490872 39.853333
v -80.471023 14.109447 40.350677
v -80.361064 13.799085 39.469992
v -80.361064 14.417659 39.967339
v -78.657195 13.182660 40.236671
v -78.657195 13.182660 40.236671
v -78.657195 13.801234 40.734018
v -79.509126 13.493028 41.117350
v -79.022637 12.966880 40.505046
v -79.509126 12.874453 40.620003
v -79.022637 12.966880 40.505046
v -79.509126 13.493028 41.117350
v -79.022637 13.585454 41.002393
f 2582 2583 2584
f 2583 2582 2585
f 2586 2587 2588
f 2587 2586 2589
f 2590 2591 2592
f 2591 2590 2593
f 2589 2594 2587
f 2594 2589 2595
f 2596 2597 2598
f 2597 2596 2599
f 2595 2591 2594
f 2591 2595 2592
f 2654 2600 2655
f 2600 2656 2657
f 2600 2658 2601
f 2601 2659 2602
f 2602 2660 2603
f 2603 2661 2662
f 2603 2663 2604
f 2604 2664 2665
f 2604 2666 2605
f 2605 2667 2606
f 2606 2668 2607
f 2606 2607 2608
f 2601 2669 2600
f 2670 2601 2609
f 2671 2609 2610
f 2672 2610 2673
f 2674 2610 2611
f 2675 2611 2612
f 2612 2611 2613
f 2612 2613 2614
f 2612 2614 2676
f 2677 2614 2608
f 2678 2608 2607
f 2679 2607 2680
f 2681 2596 2615
f 2596 2682 2599
f 2585 2615 2583
f 2615 2585 2683
f 2684 2685 2616
f 2686 2687 2688
f 2689 2593 2590
f 2593 2690 2617
f 2691 2588 2616
f 2588 2692 2586
f 2693 2694 2695
f 2696 2697 2698
f 2699 2700 2618
f 2618 2701 2619
f 2619 2702 2620
f 2620 2703 2704
f 2620 2705 2621
f 2621 2706 2707
f 2621 2708 2622
f 2622 2709 2623
f 2623 2710 2711
f 2623 2712 2624
f 2618 2713 2714
f 2715 2618 2625
f 2716 2625 2626
f 2717 2626 2718
f 2719 2626 2627
f 2720 2627 2721
f 2722 2627 2628
f 2723 2628 2629
f 2724 2629 2725
f 2726 2629 2624
f 2727 2624 2728
f 2729 2730 2731
f 2732 2584 2617
f 2584 2733 2582
f 2630 2631 2632
f 2631 2630 2633
f 2634 2635 2636
f 2635 2634 2637
f 2638 2639 2640
f 2639 2638 2641
f 2642 2643 2644
f 2643 2642 2645
f 2734 2735 2736
f 2737 2738 2739
f 2646 2647 2648
f 2647 2646 2649
f 2740 2650 2741
f 2650 2742 2651
f 2743 2744 2745
f 2746 2747 2748
f 2749 2750 2751
f 2752 2753 2754
f 2755 2756 2757
f 2758 2759 2760
f 2652 2761 2653
f 2762 2652 2763
f 2764 2765 2766
f 2767 2768 2769
o Dust_II_Group_178
v -96.069529 15.021948 30.628052
v -95.338696 14.228231 30.403037
v -96.069529 14.228231 30.628052
v -95.338696 15.021948 30.403037
v -94.596562 15.021948 33.179310
v -95.338696 14.228231 33.404323
v -94.596562 14.228231 33.179310
v -95.338696 15.021948 33.404323
v -96.806016 15.021948 31.903680
v -96.638284 14.228231 32.654002
v -96.638284 15.021948 32.654002
v -96.806016 14.228231 31.903680
v -96.069529 14.228231 33.179310
v -96.069529 15.021948 33.179310
v -94.039102 14.228231 31.153359
v -93.860076 15.021948 31.903680
v -93.860076 14.228231 31.903680
v -94.039102 15.021948 31.153359
v -96.638284 15.021948 31.153359
v -96.299480 15.021948 31.903680
v -96.189521 15.021948 32.395558
v -95.816675 15.021948 32.739922
v -95.337583 15.021948 32.887427
v -94.851094 15.021948 32.739922
v -94.485652 15.021948 32.395558
v -94.039102 15.021948 32.654002
v -94.368289 15.021948 31.903680
v -96.189521 15.021948 31.411802
v -95.816675 15.021948 31.067439
v -95.337583 15.021948 30.919935
v -94.596562 15.021948 30.628052
v -94.851094 15.021948 31.067439
v -94.485652 15.021948 31.411802
v -94.596562 14.228231 30.628052
v -94.039102 14.228231 32.654002
v -96.638284 14.228231 31.153359
v -96.299480 14.228231 31.903680
v -96.189521 14.228231 31.411802
v -95.816675 14.228231 31.067439
v -95.337583 14.228231 30.919935
v -94.851094 14.228231 31.067439
v -94.485652 14.228231 31.411802
v -94.368289 14.228231 31.903680
v -96.189521 14.228231 32.395558
v -95.816675 14.228231 32.739922
v -95.337583 14.228231 32.887427
v -94.851094 14.228231 32.739922
v -94.485652 14.228231 32.395558
v -95.816675 15.021948 32.739922
v -95.337583 14.228231 32.887427
v -95.816675 14.228231 32.739922
v -95.337583 15.021948 32.887427
v -96.189521 14.228231 32.395558
v -96.299480 15.021948 31.903680
v -96.189521 15.021948 32.395558
v -96.299480 14.228231 31.903680
v -95.337583 15.021948 30.919935
v -95.816675 14.228231 31.067439
v -95.337583 14.228231 30.919935
v -95.816675 15.021948 31.067439
v -94.485652 15.021948 31.411802
v -94.851094 14.228231 31.067439
v -94.485652 14.228231 31.411802
v -94.851094 15.021948 31.067439
v -94.368289 15.021948 31.903680
v -94.485652 14.228231 32.395558
v -94.485652 15.021948 32.395558
v -94.368289 14.228231 31.903680
v -96.189521 14.228231 31.411802
v -96.189521 15.021948 31.411802
v -94.851094 15.021948 32.739922
v -94.851094 14.228231 32.739922
v -96.638284 15.021948 32.654002
v -96.806016 15.021948 31.903680
v -96.638284 15.021948 32.654002
v -96.069529 15.021948 33.179310
v -96.069529 15.021948 33.179310
v -96.069529 15.021948 33.179310
v -96.069529 15.021948 33.179310
v -96.069529 15.021948 33.179310
v -95.338696 15.021948 33.404323
v -95.338696 15.021948 33.404323
v -95.338696 15.021948 33.404323
v -94.596562 15.021948 33.179310
v -94.596562 15.021948 33.179310
v -94.596562 15.021948 33.179310
v -94.596562 15.021948 33.179310
v -96.069529 15.021948 30.628052
v -96.069529 15.021948 30.628052
v -96.069529 15.021948 30.628052
v -96.069529 15.021948 30.628052
v -95.338696 15.021948 30.403037
v -95.338696 15.021948 30.403037
v -95.338696 15.021948 30.403037
v -94.039102 15.021948 31.153359
v -94.039102 15.021948 31.153359
v -94.039102 15.021948 31.153359
v -94.039102 15.021948 31.153359
v -93.860076 15.021948 31.903680
v -94.596562 15.021948 30.628052
v -94.596562 15.021948 30.628052
v -94.596562 15.021948 30.628052
v -93.860076 14.228231 31.903680
v -94.039102 15.021948 32.654002
v -94.039102 15.021948 32.654002
v -93.860076 14.228231 31.903680
v -93.860076 15.021948 31.903680
v -96.638284 15.021948 31.153359
v -96.638284 15.021948 31.153359
v -94.039102 15.021948 32.654002
v -94.039102 15.021948 32.654002
v -96.638284 14.228231 31.153359
v -96.638284 14.228231 32.654002
v -96.806016 14.228231 31.903680
v -96.638284 14.228231 32.654002
v -96.638284 14.228231 31.153359
v -96.069529 14.228231 30.628052
v -96.638284 14.228231 32.654002
v -96.069529 14.228231 30.628052
v -96.069529 14.228231 30.628052
v -96.069529 14.228231 30.628052
v -96.069529 14.228231 30.628052
v -95.338696 14.228231 30.403037
v -95.338696 14.228231 30.403037
v -95.338696 14.228231 30.403037
v -94.596562 14.228231 30.628052
v -94.596562 14.228231 30.628052
v -94.596562 14.228231 30.628052
v -94.596562 14.228231 30.628052
v -94.039102 14.228231 31.153359
v -94.039102 14.228231 31.153359
v -96.069529 14.228231 33.179310
v -96.638284 14.228231 32.654002
v -96.069529 14.228231 33.179310
v -96.069529 14.228231 33.179310
v -96.069529 14.228231 33.179310
v -95.338696 14.228231 33.404323
v -95.338696 14.228231 33.404323
v -95.338696 14.228231 33.404323
v -94.596562 14.228231 33.179310
v -94.596562 14.228231 33.179310
v -94.596562 14.228231 33.179310
v -94.596562 14.228231 33.179310
v -94.039102 14.228231 32.654002
v -94.039102 14.228231 32.654002
v -94.039102 14.228231 32.654002
v -94.039102 14.228231 31.153359
v -94.039102 14.228231 32.654002
v -94.039102 14.228231 31.153359
v -93.860076 14.228231 31.903680
v -96.638284 15.021948 31.153359
v -96.638284 15.021948 31.153359
v -94.851094 15.021948 31.067439
v -95.337583 14.228231 30.919935
v -94.851094 14.228231 31.067439
v -95.337583 14.228231 30.919935
v -94.851094 15.021948 31.067439
v -95.337583 15.021948 30.919935
v -95.816675 15.021948 31.067439
v -95.816675 14.228231 31.067439
v -95.816675 15.021948 31.067439
v -96.189521 15.021948 32.395558
v -95.816675 14.228231 32.739922
v -96.189521 14.228231 32.395558
v -95.816675 14.228231 32.739922
v -96.189521 15.021948 32.395558
v -95.816675 15.021948 32.739922
v -94.485652 15.021948 31.411802
v -94.368289 14.228231 31.903680
v -94.368289 15.021948 31.903680
v -94.368289 14.228231 31.903680
v -94.485652 15.021948 31.411802
v -94.485652 14.228231 31.411802
v -96.189521 14.228231 31.411802
v -96.299480 15.021948 31.903680
v -96.299480 14.228231 31.903680
v -96.299480 15.021948 31.903680
v -96.189521 14.228231 31.411802
v -96.189521 15.021948 31.411802
v -94.485652 14.228231 32.395558
v -94.485652 14.228231 32.395558
v -94.485652 15.021948 32.395558
v -95.337583 15.021948 32.887427
v -94.851094 14.228231 32.739922
v -95.337583 14.228231 32.887427
v -94.851094 14.228231 32.739922
v -95.337583 15.021948 32.887427
v -94.851094 15.021948 32.739922
f 2770 2771 2772
f 2771 2770 2773
f 2774 2775 2776
f 2775 2774 2777
f 2778 2779 2780
f 2779 2778 2781
f 2777 2782 2775
f 2782 2777 2783
f 2784 2785 2786
f 2785 2784 2787
f 2783 2779 2782
f 2779 2783 2780
f 2842 2788 2843
f 2788 2844 2845
f 2788 2846 2789
f 2789 2847 2790
f 2790 2848 2791
f 2791 2849 2850
f 2791 2851 2792
f 2792 2852 2853
f 2792 2854 2793
f 2793 2855 2794
f 2794 2856 2795
f 2794 2795 2796
f 2789 2857 2788
f 2858 2789 2797
f 2859 2797 2798
f 2860 2798 2861
f 2862 2798 2799
f 2863 2799 2800
f 2800 2799 2801
f 2800 2801 2802
f 2800 2802 2864
f 2865 2802 2796
f 2866 2796 2795
f 2867 2795 2868
f 2869 2784 2803
f 2784 2870 2787
f 2773 2803 2771
f 2803 2773 2871
f 2872 2873 2804
f 2874 2875 2876
f 2877 2781 2778
f 2781 2878 2805
f 2879 2776 2804
f 2776 2880 2774
f 2881 2882 2883
f 2884 2885 2886
f 2887 2888 2806
f 2806 2889 2807
f 2807 2890 2808
f 2808 2891 2892
f 2808 2893 2809
f 2809 2894 2895
f 2809 2896 2810
f 2810 2897 2811
f 2811 2898 2899
f 2811 2900 2812
f 2806 2901 2902
f 2903 2806 2813
f 2904 2813 2814
f 2905 2814 2906
f 2907 2814 2815
f 2908 2815 2909
f 2910 2815 2816
f 2911 2816 2817
f 2912 2817 2913
f 2914 2817 2812
f 2915 2812 2916
f 2917 2918 2919
f 2920 2772 2805
f 2772 2921 2770
f 2818 2819 2820
f 2819 2818 2821
f 2822 2823 2824
f 2823 2822 2825
f 2826 2827 2828
f 2827 2826 2829
f 2830 2831 2832
f 2831 2830 2833
f 2922 2923 2924
f 2925 2926 2927
f 2834 2835 2836
f 2835 2834 2837
f 2928 2838 2929
f 2838 2930 2839
f 2931 2932 2933
f 2934 2935 2936
f 2937 2938 2939
f 2940 2941 2942
f 2943 2944 2945
f 2946 2947 2948
f 2840 2949 2841
f 2950 2840 2951
f 2952 2953 2954
f 2955 2956 2957
o Dust_II_Group_177
v -87.634138 28.765684 78.019153
v -86.903306 27.971966 77.794146
v -87.634138 27.971966 78.019153
v -86.903306 28.765684 77.794146
v -86.161172 28.765684 80.570413
v -86.903306 27.971966 80.795427
v -86.161172 27.971966 80.570413
v -86.903306 28.765684 80.795427
v -88.370625 28.765684 79.294783
v -88.202893 27.971966 80.045105
v -88.202893 28.765684 80.045105
v -88.370625 27.971966 79.294783
v -87.634138 27.971966 80.570413
v -87.634138 28.765684 80.570413
v -85.603711 27.971966 78.544460
v -85.424685 28.765684 79.294783
v -85.424685 27.971966 79.294783
v -85.603711 28.765684 78.544460
v -88.202893 28.765684 78.544460
v -87.864089 28.765684 79.294783
v -87.754131 28.765684 79.786663
v -87.381284 28.765684 80.131025
v -86.902192 28.765684 80.278528
v -86.415703 28.765684 80.131025
v -86.050261 28.765684 79.786663
v -85.603711 28.765684 80.045105
v -85.932898 28.765684 79.294783
v -87.754131 28.765684 78.802910
v -87.381284 28.765684 78.458540
v -86.902192 28.765684 78.311038
v -86.161172 28.765684 78.019153
v -86.415703 28.765684 78.458540
v -86.050261 28.765684 78.802910
v -86.161172 27.971966 78.019153
v -85.603711 27.971966 80.045105
v -88.202893 27.971966 78.544460
v -87.864089 27.971966 79.294783
v -87.754131 27.971966 78.802910
v -87.381284 27.971966 78.458540
v -86.902192 27.971966 78.311038
v -86.415703 27.971966 78.458540
v -86.050261 27.971966 78.802910
v -85.932898 27.971966 79.294783
v -87.754131 27.971966 79.786663
v -87.381284 27.971966 80.131025
v -86.902192 27.971966 80.278528
v -86.415703 27.971966 80.131025
v -86.050261 27.971966 79.786663
v -87.381284 28.765684 80.131025
v -86.902192 27.971966 80.278528
v -87.381284 27.971966 80.131025
v -86.902192 28.765684 80.278528
v -87.754131 27.971966 79.786663
v -87.864089 28.765684 79.294783
v -87.754131 28.765684 79.786663
v -87.864089 27.971966 79.294783
v -86.902192 28.765684 78.311038
v -87.381284 27.971966 78.458540
v -86.902192 27.971966 78.311038
v -87.381284 28.765684 78.458540
v -86.050261 28.765684 78.802910
v -86.415703 27.971966 78.458540
v -86.050261 27.971966 78.802910
v -86.415703 28.765684 78.458540
v -85.932898 28.765684 79.294783
v -86.050261 27.971966 79.786663
v -86.050261 28.765684 79.786663
v -85.932898 27.971966 79.294783
v -87.754131 27.971966 78.802910
v -87.754131 28.765684 78.802910
v -86.415703 28.765684 80.131025
v -86.415703 27.971966 80.131025
v -88.202893 28.765684 80.045105
v -88.370625 28.765684 79.294783
v -88.202893 28.765684 80.045105
v -87.634138 28.765684 80.570413
v -87.634138 28.765684 80.570413
v -87.634138 28.765684 80.570413
v -87.634138 28.765684 80.570413
v -87.634138 28.765684 80.570413
v -86.903306 28.765684 80.795427
v -86.903306 28.765684 80.795427
v -86.903306 28.765684 80.795427
v -86.161172 28.765684 80.570413
v -86.161172 28.765684 80.570413
v -86.161172 28.765684 80.570413
v -86.161172 28.765684 80.570413
v -87.634138 28.765684 78.019153
v -87.634138 28.765684 78.019153
v -87.634138 28.765684 78.019153
v -87.634138 28.765684 78.019153
v -86.903306 28.765684 77.794146
v -86.903306 28.765684 77.794146
v -86.903306 28.765684 77.794146
v -85.603711 28.765684 78.544460
v -85.603711 28.765684 78.544460
v -85.603711 28.765684 78.544460
v -85.603711 28.765684 78.544460
v -85.424685 28.765684 79.294783
v -86.161172 28.765684 78.019153
v -86.161172 28.765684 78.019153
v -86.161172 28.765684 78.019153
v -85.424685 27.971966 79.294783
v -85.603711 28.765684 80.045105
v -85.603711 28.765684 80.045105
v -85.424685 27.971966 79.294783
v -85.424685 28.765684 79.294783
v -88.202893 28.765684 78.544460
v -88.202893 28.765684 78.544460
v -85.603711 28.765684 80.045105
v -85.603711 28.765684 80.045105
v -88.202893 27.971966 78.544460
v -88.202893 27.971966 80.045105
v -88.370625 27.971966 79.294783
v -88.202893 27.971966 80.045105
v -88.202893 27.971966 78.544460
v -87.634138 27.971966 78.019153
v -88.202893 27.971966 80.045105
v -87.634138 27.971966 78.019153
v -87.634138 27.971966 78.019153
v -87.634138 27.971966 78.019153
v -87.634138 27.971966 78.019153
v -86.903306 27.971966 77.794146
v -86.903306 27.971966 77.794146
v -86.903306 27.971966 77.794146
v -86.161172 27.971966 78.019153
v -86.161172 27.971966 78.019153
v -86.161172 27.971966 78.019153
v -86.161172 27.971966 78.019153
v -85.603711 27.971966 78.544460
v -85.603711 27.971966 78.544460
v -87.634138 27.971966 80.570413
v -88.202893 27.971966 80.045105
v -87.634138 27.971966 80.570413
v -87.634138 27.971966 80.570413
v -87.634138 27.971966 80.570413
v -86.903306 27.971966 80.795427
v -86.903306 27.971966 80.795427
v -86.903306 27.971966 80.795427
v -86.161172 27.971966 80.570413
v -86.161172 27.971966 80.570413
v -86.161172 27.971966 80.570413
v -86.161172 27.971966 80.570413
v -85.603711 27.971966 80.045105
v -85.603711 27.971966 80.045105
v -85.603711 27.971966 80.045105
v -85.603711 27.971966 78.544460
v -85.603711 27.971966 80.045105
v -85.603711 27.971966 78.544460
v -85.424685 27.971966 79.294783
v -88.202893 28.765684 78.544460
v -88.202893 28.765684 78.544460
v -86.415703 28.765684 78.458540
v -86.902192 27.971966 78.311038
v -86.415703 27.971966 78.458540
v -86.902192 27.971966 78.311038
v -86.415703 28.765684 78.458540
v -86.902192 28.765684 78.311038
v -87.381284 28.765684 78.458540
v -87.381284 27.971966 78.458540
v -87.381284 28.765684 78.458540
v -87.754131 28.765684 79.786663
v -87.381284 27.971966 80.131025
v -87.754131 27.971966 79.786663
v -87.381284 27.971966 80.131025
v -87.754131 28.765684 79.786663
v -87.381284 28.765684 80.131025
v -86.050261 28.765684 78.802910
v -85.932898 27.971966 79.294783
v -85.932898 28.765684 79.294783
v -85.932898 27.971966 79.294783
v -86.050261 28.765684 78.802910
v -86.050261 27.971966 78.802910
v -87.754131 27.971966 78.802910
v -87.864089 28.765684 79.294783
v -87.864089 27.971966 79.294783
v -87.864089 28.765684 79.294783
v -87.754131 27.971966 78.802910
v -87.754131 28.765684 78.802910
v -86.050261 27.971966 79.786663
v -86.050261 27.971966 79.786663
v -86.050261 28.765684 79.786663
v -86.902192 28.765684 80.278528
v -86.415703 27.971966 80.131025
v -86.902192 27.971966 80.278528
v -86.415703 27.971966 80.131025
v -86.902192 28.765684 80.278528
v -86.415703 28.765684 80.131025
f 2958 2959 2960
f 2959 2958 2961
f 2962 2963 2964
f 2963 2962 2965
f 2966 2967 2968
f 2967 2966 2969
f 2965 2970 2963
f 2970 2965 2971
f 2972 2973 2974
f 2973 2972 2975
f 2971 2967 2970
f 2967 2971 2968
f 3030 2976 3031
f 2976 3032 3033
f 2976 3034 2977
f 2977 3035 2978
f 2978 3036 2979
f 2979 3037 3038
f 2979 3039 2980
f 2980 3040 3041
f 2980 3042 2981
f 2981 3043 2982
f 2982 3044 2983
f 2982 2983 2984
f 2977 3045 2976
f 3046 2977 2985
f 3047 2985 2986
f 3048 2986 3049
f 3050 2986 2987
f 3051 2987 2988
f 2988 2987 2989
f 2988 2989 2990
f 2988 2990 3052
f 3053 2990 2984
f 3054 2984 2983
f 3055 2983 3056
f 3057 2972 2991
f 2972 3058 2975
f 2961 2991 2959
f 2991 2961 3059
f 3060 3061 2992
f 3062 3063 3064
f 3065 2969 2966
f 2969 3066 2993
f 3067 2964 2992
f 2964 3068 2962
f 3069 3070 3071
f 3072 3073 3074
f 3075 3076 2994
f 2994 3077 2995
f 2995 3078 2996
f 2996 3079 3080
f 2996 3081 2997
f 2997 3082 3083
f 2997 3084 2998
f 2998 3085 2999
f 2999 3086 3087
f 2999 3088 3000
f 2994 3089 3090
f 3091 2994 3001
f 3092 3001 3002
f 3093 3002 3094
f 3095 3002 3003
f 3096 3003 3097
f 3098 3003 3004
f 3099 3004 3005
f 3100 3005 3101
f 3102 3005 3000
f 3103 3000 3104
f 3105 3106 3107
f 3108 2960 2993
f 2960 3109 2958
f 3006 3007 3008
f 3007 3006 3009
f 3010 3011 3012
f 3011 3010 3013
f 3014 3015 3016
f 3015 3014 3017
f 3018 3019 3020
f 3019 3018 3021
f 3110 3111 3112
f 3113 3114 3115
f 3022 3023 3024
f 3023 3022 3025
f 3116 3026 3117
f 3026 3118 3027
f 3119 3120 3121
f 3122 3123 3124
f 3125 3126 3127
f 3128 3129 3130
f 3131 3132 3133
f 3134 3135 3136
f 3028 3137 3029
f 3138 3028 3139
f 3140 3141 3142
f 3143 3144 3145
o Dust_II_Group_176
v -106.712871 22.578406 76.410767
v -106.045920 21.784688 76.784851
v -106.712871 21.784688 76.410767
v -106.045920 22.578406 76.784851
v -107.544628 22.578406 79.236853
v -108.219367 21.784688 78.854595
v -107.544628 21.784688 79.236853
v -108.219367 22.578406 78.854595
v -108.144535 22.578406 76.757124
v -108.572228 21.784688 77.396031
v -108.572228 22.578406 77.396031
v -108.144535 21.784688 76.757124
v -108.560417 21.784688 78.170166
v -108.560417 22.578406 78.170166
v -105.693059 21.784688 78.243415
v -106.112961 22.578406 78.890489
v -106.112961 21.784688 78.890489
v -105.693059 22.578406 78.243415
v -107.485509 22.578406 76.361153
v -107.795215 22.578406 77.123947
v -108.075594 22.578406 77.542781
v -108.067853 22.578406 78.050263
v -107.844281 22.578406 78.498936
v -107.401968 22.578406 78.749519
v -106.900573 22.578406 78.776677
v -106.779775 22.578406 79.278287
v -106.463435 22.578406 78.522455
v -107.363182 22.578406 76.864365
v -106.856685 22.578406 76.896890
v -106.419477 22.578406 77.142113
v -105.697082 22.578406 77.477455
v -106.190804 22.578406 77.596136
v -106.188162 22.578406 78.098262
v -105.697082 21.784688 77.477455
v -106.779775 21.784688 79.278287
v -107.485509 21.784688 76.361153
v -107.795215 21.784688 77.123947
v -107.363182 21.784688 76.864365
v -106.856685 21.784688 76.896890
v -106.419477 21.784688 77.142113
v -106.190804 21.784688 77.596136
v -106.188162 21.784688 78.098262
v -106.463435 21.784688 78.522455
v -108.075594 21.784688 77.542781
v -108.067853 21.784688 78.050263
v -107.844281 21.784688 78.498936
v -107.401968 21.784688 78.749519
v -106.900573 21.784688 78.776677
v -108.067853 22.578406 78.050263
v -107.844281 21.784688 78.498936
v -108.067853 21.784688 78.050263
v -107.844281 22.578406 78.498936
v -108.075594 21.784688 77.542781
v -107.795215 22.578406 77.123947
v -108.075594 22.578406 77.542781
v -107.795215 21.784688 77.123947
v -106.419477 22.578406 77.142113
v -106.856685 21.784688 76.896890
v -106.419477 21.784688 77.142113
v -106.856685 22.578406 76.896890
v -106.188162 22.578406 78.098262
v -106.190804 21.784688 77.596136
v -106.188162 21.784688 78.098262
v -106.190804 22.578406 77.596136
v -106.463435 22.578406 78.522455
v -106.900573 21.784688 78.776677
v -106.900573 22.578406 78.776677
v -106.463435 21.784688 78.522455
v -107.363182 21.784688 76.864365
v -107.363182 22.578406 76.864365
v -107.401968 22.578406 78.749519
v -107.401968 21.784688 78.749519
v -108.572228 22.578406 77.396031
v -108.144535 22.578406 76.757124
v -108.572228 22.578406 77.396031
v -108.560417 22.578406 78.170166
v -108.560417 22.578406 78.170166
v -108.560417 22.578406 78.170166
v -108.560417 22.578406 78.170166
v -108.560417 22.578406 78.170166
v -108.219367 22.578406 78.854595
v -108.219367 22.578406 78.854595
v -108.219367 22.578406 78.854595
v -107.544628 22.578406 79.236853
v -107.544628 22.578406 79.236853
v -107.544628 22.578406 79.236853
v -107.544628 22.578406 79.236853
v -106.712871 22.578406 76.410767
v -106.712871 22.578406 76.410767
v -106.712871 22.578406 76.410767
v -106.712871 22.578406 76.410767
v -106.045920 22.578406 76.784851
v -106.045920 22.578406 76.784851
v -106.045920 22.578406 76.784851
v -105.693059 22.578406 78.243415
v -105.693059 22.578406 78.243415
v -105.693059 22.578406 78.243415
v -105.693059 22.578406 78.243415
v -106.112961 22.578406 78.890489
v -105.697082 22.578406 77.477455
v -105.697082 22.578406 77.477455
v -105.697082 22.578406 77.477455
v -106.112961 21.784688 78.890489
v -106.779775 22.578406 79.278287
v -106.779775 22.578406 79.278287
v -106.112961 21.784688 78.890489
v -106.112961 22.578406 78.890489
v -107.485509 22.578406 76.361153
v -107.485509 22.578406 76.361153
v -106.779775 22.578406 79.278287
v -106.779775 22.578406 79.278287
v -107.485509 21.784688 76.361153
v -108.572228 21.784688 77.396031
v -108.144535 21.784688 76.757124
v -108.572228 21.784688 77.396031
v -107.485509 21.784688 76.361153
v -106.712871 21.784688 76.410767
v -108.572228 21.784688 77.396031
v -106.712871 21.784688 76.410767
v -106.712871 21.784688 76.410767
v -106.712871 21.784688 76.410767
v -106.712871 21.784688 76.410767
v -106.045920 21.784688 76.784851
v -106.045920 21.784688 76.784851
v -106.045920 21.784688 76.784851
v -105.697082 21.784688 77.477455
v -105.697082 21.784688 77.477455
v -105.697082 21.784688 77.477455
v -105.697082 21.784688 77.477455
v -105.693059 21.784688 78.243415
v -105.693059 21.784688 78.243415
v -108.560417 21.784688 78.170166
v -108.572228 21.784688 77.396031
v -108.560417 21.784688 78.170166
v -108.560417 21.784688 78.170166
v -108.560417 21.784688 78.170166
v -108.219367 21.784688 78.854595
v -108.219367 21.784688 78.854595
v -108.219367 21.784688 78.854595
v -107.544628 21.784688 79.236853
v -107.544628 21.784688 79.236853
v -107.544628 21.784688 79.236853
v -107.544628 21.784688 79.236853
v -106.779775 21.784688 79.278287
v -106.779775 21.784688 79.278287
v -106.779775 21.784688 79.278287
v -105.693059 21.784688 78.243415
v -106.779775 21.784688 79.278287
v -105.693059 21.784688 78.243415
v -106.112961 21.784688 78.890489
v -107.485509 22.578406 76.361153
v -107.485509 22.578406 76.361153
v -106.190804 22.578406 77.596136
v -106.419477 21.784688 77.142113
v -106.190804 21.784688 77.596136
v -106.419477 21.784688 77.142113
v -106.190804 22.578406 77.596136
v -106.419477 22.578406 77.142113
v -106.856685 22.578406 76.896890
v -106.856685 21.784688 76.896890
v -106.856685 22.578406 76.896890
v -108.075594 22.578406 77.542781
v -108.067853 21.784688 78.050263
v -108.075594 21.784688 77.542781
v -108.067853 21.784688 78.050263
v -108.075594 22.578406 77.542781
v -108.067853 22.578406 78.050263
v -106.188162 22.578406 78.098262
v -106.463435 21.784688 78.522455
v -106.463435 22.578406 78.522455
v -106.463435 21.784688 78.522455
v -106.188162 22.578406 78.098262
v -106.188162 21.784688 78.098262
v -107.363182 21.784688 76.864365
v -107.795215 22.578406 77.123947
v -107.795215 21.784688 77.123947
v -107.795215 22.578406 77.123947
v -107.363182 21.784688 76.864365
v -107.363182 22.578406 76.864365
v -106.900573 21.784688 78.776677
v -106.900573 21.784688 78.776677
v -106.900573 22.578406 78.776677
v -107.844281 22.578406 78.498936
v -107.401968 21.784688 78.749519
v -107.844281 21.784688 78.498936
v -107.401968 21.784688 78.749519
v -107.844281 22.578406 78.498936
v -107.401968 22.578406 78.749519
f 3146 3147 3148
f 3147 3146 3149
f 3150 3151 3152
f 3151 3150 3153
f 3154 3155 3156
f 3155 3154 3157
f 3153 3158 3151
f 3158 3153 3159
f 3160 3161 3162
f 3161 3160 3163
f 3159 3155 3158
f 3155 3159 3156
f 3218 3164 3219
f 3164 3220 3221
f 3164 3222 3165
f 3165 3223 3166
f 3166 3224 3167
f 3167 3225 3226
f 3167 3227 3168
f 3168 3228 3229
f 3168 3230 3169
f 3169 3231 3170
f 3170 3232 3171
f 3170 3171 3172
f 3165 3233 3164
f 3234 3165 3173
f 3235 3173 3174
f 3236 3174 3237
f 3238 3174 3175
f 3239 3175 3176
f 3176 3175 3177
f 3176 3177 3178
f 3176 3178 3240
f 3241 3178 3172
f 3242 3172 3171
f 3243 3171 3244
f 3245 3160 3179
f 3160 3246 3163
f 3149 3179 3147
f 3179 3149 3247
f 3248 3249 3180
f 3250 3251 3252
f 3253 3157 3154
f 3157 3254 3181
f 3255 3152 3180
f 3152 3256 3150
f 3257 3258 3259
f 3260 3261 3262
f 3263 3264 3182
f 3182 3265 3183
f 3183 3266 3184
f 3184 3267 3268
f 3184 3269 3185
f 3185 3270 3271
f 3185 3272 3186
f 3186 3273 3187
f 3187 3274 3275
f 3187 3276 3188
f 3182 3277 3278
f 3279 3182 3189
f 3280 3189 3190
f 3281 3190 3282
f 3283 3190 3191
f 3284 3191 3285
f 3286 3191 3192
f 3287 3192 3193
f 3288 3193 3289
f 3290 3193 3188
f 3291 3188 3292
f 3293 3294 3295
f 3296 3148 3181
f 3148 3297 3146
f 3194 3195 3196
f 3195 3194 3197
f 3198 3199 3200
f 3199 3198 3201
f 3202 3203 3204
f 3203 3202 3205
f 3206 3207 3208
f 3207 3206 3209
f 3298 3299 3300
f 3301 3302 3303
f 3210 3211 3212
f 3211 3210 3213
f 3304 3214 3305
f 3214 3306 3215
f 3307 3308 3309
f 3310 3311 3312
f 3313 3314 3315
f 3316 3317 3318
f 3319 3320 3321
f 3322 3323 3324
f 3216 3325 3217
f 3326 3216 3327
f 3328 3329 3330
f 3331 3332 3333
o Dust_II_Group_175
v -106.625009 20.990969 76.383887
v -105.958058 20.197251 76.757971
v -106.625009 20.197251 76.383887
v -105.958058 20.990969 76.757971
v -107.456767 20.990969 79.209973
v -108.131506 20.197251 78.827715
v -107.456767 20.197251 79.209973
v -108.131506 20.990969 78.827715
v -108.056673 20.990969 76.730244
v -108.484366 20.197251 77.369151
v -108.484366 20.990969 77.369151
v -108.056673 20.197251 76.730244
v -108.472555 20.197251 78.143286
v -108.472555 20.990969 78.143286
v -105.605198 20.197251 78.216535
v -106.025100 20.990969 78.863610
v -106.025100 20.197251 78.863610
v -105.605198 20.990969 78.216535
v -107.397648 20.990969 76.334273
v -107.707354 20.990969 77.097067
v -107.987733 20.990969 77.515901
v -107.979992 20.990969 78.023384
v -107.756420 20.990969 78.472056
v -107.314106 20.990969 78.722639
v -106.812712 20.990969 78.749797
v -106.691913 20.990969 79.251407
v -106.375574 20.990969 78.495575
v -107.275321 20.990969 76.837485
v -106.768824 20.990969 76.870010
v -106.331616 20.990969 77.115233
v -105.609221 20.990969 77.450575
v -106.102942 20.990969 77.569256
v -106.100300 20.990969 78.071382
v -105.609221 20.197251 77.450575
v -106.691913 20.197251 79.251407
v -107.397648 20.197251 76.334273
v -107.707354 20.197251 77.097067
v -107.275321 20.197251 76.837485
v -106.768824 20.197251 76.870010
v -106.331616 20.197251 77.115233
v -106.102942 20.197251 77.569256
v -106.100300 20.197251 78.071382
v -106.375574 20.197251 78.495575
v -107.987733 20.197251 77.515901
v -107.979992 20.197251 78.023384
v -107.756420 20.197251 78.472056
v -107.314106 20.197251 78.722639
v -106.812712 20.197251 78.749797
v -107.979992 20.990969 78.023384
v -107.756420 20.197251 78.472056
v -107.979992 20.197251 78.023384
v -107.756420 20.990969 78.472056
v -107.987733 20.197251 77.515901
v -107.707354 20.990969 77.097067
v -107.987733 20.990969 77.515901
v -107.707354 20.197251 77.097067
v -106.331616 20.990969 77.115233
v -106.768824 20.197251 76.870010
v -106.331616 20.197251 77.115233
v -106.768824 20.990969 76.870010
v -106.100300 20.990969 78.071382
v -106.102942 20.197251 77.569256
v -106.100300 20.197251 78.071382
v -106.102942 20.990969 77.569256
v -106.375574 20.990969 78.495575
v -106.812712 20.197251 78.749797
v -106.812712 20.990969 78.749797
v -106.375574 20.197251 78.495575
v -107.275321 20.197251 76.837485
v -107.275321 20.990969 76.837485
v -107.314106 20.990969 78.722639
v -107.314106 20.197251 78.722639
v -108.484366 20.990969 77.369151
v -108.056673 20.990969 76.730244
v -108.484366 20.990969 77.369151
v -108.472555 20.990969 78.143286
v -108.472555 20.990969 78.143286
v -108.472555 20.990969 78.143286
v -108.472555 20.990969 78.143286
v -108.472555 20.990969 78.143286
v -108.131506 20.990969 78.827715
v -108.131506 20.990969 78.827715
v -108.131506 20.990969 78.827715
v -107.456767 20.990969 79.209973
v -107.456767 20.990969 79.209973
v -107.456767 20.990969 79.209973
v -107.456767 20.990969 79.209973
v -106.625009 20.990969 76.383887
v -106.625009 20.990969 76.383887
v -106.625009 20.990969 76.383887
v -106.625009 20.990969 76.383887
v -105.958058 20.990969 76.757971
v -105.958058 20.990969 76.757971
v -105.958058 20.990969 76.757971
v -105.605198 20.990969 78.216535
v -105.605198 20.990969 78.216535
v -105.605198 20.990969 78.216535
v -105.605198 20.990969 78.216535
v -106.025100 20.990969 78.863610
v -105.609221 20.990969 77.450575
v -105.609221 20.990969 77.450575
v -105.609221 20.990969 77.450575
v -106.025100 20.197251 78.863610
v -106.691913 20.990969 79.251407
v -106.691913 20.990969 79.251407
v -106.025100 20.197251 78.863610
v -106.025100 20.990969 78.863610
v -107.397648 20.990969 76.334273
v -107.397648 20.990969 76.334273
v -106.691913 20.990969 79.251407
v -106.691913 20.990969 79.251407
v -107.397648 20.197251 76.334273
v -108.484366 20.197251 77.369151
v -108.056673 20.197251 76.730244
v -108.484366 20.197251 77.369151
v -107.397648 20.197251 76.334273
v -106.625009 20.197251 76.383887
v -108.484366 20.197251 77.369151
v -106.625009 20.197251 76.383887
v -106.625009 20.197251 76.383887
v -106.625009 20.197251 76.383887
v -106.625009 20.197251 76.383887
v -105.958058 20.197251 76.757971
v -105.958058 20.197251 76.757971
v -105.958058 20.197251 76.757971
v -105.609221 20.197251 77.450575
v -105.609221 20.197251 77.450575
v -105.609221 20.197251 77.450575
v -105.609221 20.197251 77.450575
v -105.605198 20.197251 78.216535
v -105.605198 20.197251 78.216535
v -108.472555 20.197251 78.143286
v -108.484366 20.197251 77.369151
v -108.472555 20.197251 78.143286
v -108.472555 20.197251 78.143286
v -108.472555 20.197251 78.143286
v -108.131506 20.197251 78.827715
v -108.131506 20.197251 78.827715
v -108.131506 20.197251 78.827715
v -107.456767 20.197251 79.209973
v -107.456767 20.197251 79.209973
v -107.456767 20.197251 79.209973
v -107.456767 20.197251 79.209973
v -106.691913 20.197251 79.251407
v -106.691913 20.197251 79.251407
v -106.691913 20.197251 79.251407
v -105.605198 20.197251 78.216535
v -106.691913 20.197251 79.251407
v -105.605198 20.197251 78.216535
v -106.025100 20.197251 78.863610
v -107.397648 20.990969 76.334273
v -107.397648 20.990969 76.334273
v -106.102942 20.990969 77.569256
v -106.331616 20.197251 77.115233
v -106.102942 20.197251 77.569256
v -106.331616 20.197251 77.115233
v -106.102942 20.990969 77.569256
v -106.331616 20.990969 77.115233
v -106.768824 20.990969 76.870010
v -106.768824 20.197251 76.870010
v -106.768824 20.990969 76.870010
v -107.987733 20.990969 77.515901
v -107.979992 20.197251 78.023384
v -107.987733 20.197251 77.515901
v -107.979992 20.197251 78.023384
v -107.987733 20.990969 77.515901
v -107.979992 20.990969 78.023384
v -106.100300 20.990969 78.071382
v -106.375574 20.197251 78.495575
v -106.375574 20.990969 78.495575
v -106.375574 20.197251 78.495575
v -106.100300 20.990969 78.071382
v -106.100300 20.197251 78.071382
v -107.275321 20.197251 76.837485
v -107.707354 20.990969 77.097067
v -107.707354 20.197251 77.097067
v -107.707354 20.990969 77.097067
v -107.275321 20.197251 76.837485
v -107.275321 20.990969 76.837485
v -106.812712 20.197251 78.749797
v -106.812712 20.197251 78.749797
v -106.812712 20.990969 78.749797
v -107.756420 20.990969 78.472056
v -107.314106 20.197251 78.722639
v -107.756420 20.197251 78.472056
v -107.314106 20.197251 78.722639
v -107.756420 20.990969 78.472056
v -107.314106 20.990969 78.722639
f 3334 3335 3336
f 3335 3334 3337
f 3338 3339 3340
f 3339 3338 3341
f 3342 3343 3344
f 3343 3342 3345
f 3341 3346 3339
f 3346 3341 3347
f 3348 3349 3350
f 3349 3348 3351
f 3347 3343 3346
f 3343 3347 3344
f 3406 3352 3407
f 3352 3408 3409
f 3352 3410 3353
f 3353 3411 3354
f 3354 3412 3355
f 3355 3413 3414
f 3355 3415 3356
f 3356 3416 3417
f 3356 3418 3357
f 3357 3419 3358
f 3358 3420 3359
f 3358 3359 3360
f 3353 3421 3352
f 3422 3353 3361
f 3423 3361 3362
f 3424 3362 3425
f 3426 3362 3363
f 3427 3363 3364
f 3364 3363 3365
f 3364 3365 3366
f 3364 3366 3428
f 3429 3366 3360
f 3430 3360 3359
f 3431 3359 3432
f 3433 3348 3367
f 3348 3434 3351
f 3337 3367 3335
f 3367 3337 3435
f 3436 3437 3368
f 3438 3439 3440
f 3441 3345 3342
f 3345 3442 3369
f 3443 3340 3368
f 3340 3444 3338
f 3445 3446 3447
f 3448 3449 3450
f 3451 3452 3370
f 3370 3453 3371
f 3371 3454 3372
f 3372 3455 3456
f 3372 3457 3373
f 3373 3458 3459
f 3373 3460 3374
f 3374 3461 3375
f 3375 3462 3463
f 3375 3464 3376
f 3370 3465 3466
f 3467 3370 3377
f 3468 3377 3378
f 3469 3378 3470
f 3471 3378 3379
f 3472 3379 3473
f 3474 3379 3380
f 3475 3380 3381
f 3476 3381 3477
f 3478 3381 3376
f 3479 3376 3480
f 3481 3482 3483
f 3484 3336 3369
f 3336 3485 3334
f 3382 3383 3384
f 3383 3382 3385
f 3386 3387 3388
f 3387 3386 3389
f 3390 3391 3392
f 3391 3390 3393
f 3394 3395 3396
f 3395 3394 3397
f 3486 3487 3488
f 3489 3490 3491
f 3398 3399 3400
f 3399 3398 3401
f 3492 3402 3493
f 3402 3494 3403
f 3495 3496 3497
f 3498 3499 3500
f 3501 3502 3503
f 3504 3505 3506
f 3507 3508 3509
f 3510 3511 3512
f 3404 3513 3405
f 3514 3404 3515
f 3516 3517 3518
f 3519 3520 3521
o Dust_II_Group_174
v -110.693903 23.362515 82.040422
v -109.665833 23.759624 82.051175
v -110.190288 23.659674 81.503713
v -110.169449 23.462466 82.587884
v -109.219738 20.812107 82.011618
v -109.249164 21.010951 80.920297
v -108.716123 21.109265 81.474909
v -109.752780 20.713792 81.457006
v -111.076794 22.301186 81.093523
v -110.341482 21.886819 80.380279
v -110.845097 21.589661 80.916988
v -110.573179 22.598345 80.556814
v -109.836099 21.323143 80.542408
v -110.339714 21.025985 81.079118
v -108.573516 22.883757 82.591195
v -108.836847 21.873436 82.958517
v -108.333232 22.170594 82.421808
v -109.077132 22.586598 83.127904
v -111.053431 22.964003 81.482423
v -110.691647 22.227634 81.414198
v -110.539757 21.761193 81.298469
v -110.208455 21.391675 81.404752
v -109.823695 21.187024 81.652473
v -109.474273 21.251469 82.016039
v -109.244216 21.513786 82.377147
v -108.868797 21.212261 82.562464
v -109.223265 21.947226 82.636784
v -110.676330 22.662152 81.669145
v -110.440646 22.923391 82.034941
v -110.096844 22.988914 82.393821
v -109.573927 23.148637 82.972923
v -109.706462 22.783190 82.646224
v -109.380790 22.414746 82.747824
v -109.070312 23.445796 82.436214
v -108.365181 21.509419 82.025755
v -110.549816 23.261162 80.945713
v -110.188032 22.524793 80.877489
v -110.172715 22.959310 81.132436
v -109.937030 23.220550 81.498232
v -109.593229 23.286073 81.857112
v -109.202847 23.080349 82.109515
v -108.877174 22.711905 82.211115
v -108.719656 22.244384 82.100072
v -110.036142 22.058351 80.761760
v -109.704840 21.688834 80.868043
v -109.320080 21.484183 81.115764
v -108.970658 21.548627 81.479330
v -108.740601 21.810945 81.840438
v -110.208455 21.391675 81.404752
v -109.320080 21.484183 81.115764
v -109.704840 21.688834 80.868043
v -109.823695 21.187024 81.652473
v -110.036142 22.058351 80.761760
v -110.691647 22.227634 81.414198
v -110.539757 21.761193 81.298469
v -110.188032 22.524793 80.877489
v -110.096844 22.988914 82.393821
v -109.937030 23.220550 81.498232
v -109.593229 23.286073 81.857112
v -110.440646 22.923391 82.034941
v -109.380790 22.414746 82.747824
v -109.202847 23.080349 82.109515
v -108.877174 22.711905 82.211115
v -109.706462 22.783190 82.646224
v -109.223265 21.947226 82.636784
v -108.740601 21.810945 81.840438
v -109.244216 21.513786 82.377147
v -108.719656 22.244384 82.100072
v -110.172715 22.959310 81.132436
v -110.676330 22.662152 81.669145
v -109.474273 21.251469 82.016039
v -108.970658 21.548627 81.479330
v -110.845097 21.589661 80.916988
v -111.076794 22.301186 81.093523
v -110.845097 21.589661 80.916988
v -110.339714 21.025985 81.079118
v -110.339714 21.025985 81.079118
v -110.339714 21.025985 81.079118
v -110.339714 21.025985 81.079118
v -110.339714 21.025985 81.079118
v -109.752780 20.713792 81.457006
v -109.752780 20.713792 81.457006
v -109.752780 20.713792 81.457006
v -109.219738 20.812107 82.011618
v -109.219738 20.812107 82.011618
v -109.219738 20.812107 82.011618
v -109.219738 20.812107 82.011618
v -110.693903 23.362515 82.040422
v -110.693903 23.362515 82.040422
v -110.693903 23.362515 82.040422
v -110.693903 23.362515 82.040422
v -110.169449 23.462466 82.587884
v -110.169449 23.462466 82.587884
v -110.169449 23.462466 82.587884
v -109.077132 22.586598 83.127904
v -109.077132 22.586598 83.127904
v -109.077132 22.586598 83.127904
v -109.077132 22.586598 83.127904
v -108.836847 21.873436 82.958517
v -109.573927 23.148637 82.972923
v -109.573927 23.148637 82.972923
v -109.573927 23.148637 82.972923
v -108.333232 22.170594 82.421808
v -108.868797 21.212261 82.562464
v -108.868797 21.212261 82.562464
v -108.333232 22.170594 82.421808
v -108.836847 21.873436 82.958517
v -111.053431 22.964003 81.482423
v -111.053431 22.964003 81.482423
v -108.868797 21.212261 82.562464
v -108.868797 21.212261 82.562464
v -110.549816 23.261162 80.945713
v -110.341482 21.886819 80.380279
v -110.573179 22.598345 80.556814
v -110.341482 21.886819 80.380279
v -110.549816 23.261162 80.945713
v -110.190288 23.659674 81.503713
v -110.341482 21.886819 80.380279
v -110.190288 23.659674 81.503713
v -110.190288 23.659674 81.503713
v -110.190288 23.659674 81.503713
v -110.190288 23.659674 81.503713
v -109.665833 23.759624 82.051175
v -109.665833 23.759624 82.051175
v -109.665833 23.759624 82.051175
v -109.070312 23.445796 82.436214
v -109.070312 23.445796 82.436214
v -109.070312 23.445796 82.436214
v -109.070312 23.445796 82.436214
v -108.573516 22.883757 82.591195
v -108.573516 22.883757 82.591195
v -109.836099 21.323143 80.542408
v -110.341482 21.886819 80.380279
v -109.836099 21.323143 80.542408
v -109.836099 21.323143 80.542408
v -109.836099 21.323143 80.542408
v -109.249164 21.010951 80.920297
v -109.249164 21.010951 80.920297
v -109.249164 21.010951 80.920297
v -108.716123 21.109265 81.474909
v -108.716123 21.109265 81.474909
v -108.716123 21.109265 81.474909
v -108.716123 21.109265 81.474909
v -108.365181 21.509419 82.025755
v -108.365181 21.509419 82.025755
v -108.365181 21.509419 82.025755
v -108.573516 22.883757 82.591195
v -108.365181 21.509419 82.025755
v -108.573516 22.883757 82.591195
v -108.333232 22.170594 82.421808
v -111.053431 22.964003 81.482423
v -111.053431 22.964003 81.482423
v -109.706462 22.783190 82.646224
v -109.593229 23.286073 81.857112
v -109.202847 23.080349 82.109515
v -109.593229 23.286073 81.857112
v -109.706462 22.783190 82.646224
v -110.096844 22.988914 82.393821
v -110.440646 22.923391 82.034941
v -109.937030 23.220550 81.498232
v -110.440646 22.923391 82.034941
v -110.539757 21.761193 81.298469
v -109.704840 21.688834 80.868043
v -110.036142 22.058351 80.761760
v -109.704840 21.688834 80.868043
v -110.539757 21.761193 81.298469
v -110.208455 21.391675 81.404752
v -109.380790 22.414746 82.747824
v -108.719656 22.244384 82.100072
v -109.223265 21.947226 82.636784
v -108.719656 22.244384 82.100072
v -109.380790 22.414746 82.747824
v -108.877174 22.711905 82.211115
v -110.172715 22.959310 81.132436
v -110.691647 22.227634 81.414198
v -110.188032 22.524793 80.877489
v -110.691647 22.227634 81.414198
v -110.172715 22.959310 81.132436
v -110.676330 22.662152 81.669145
v -108.740601 21.810945 81.840438
v -108.740601 21.810945 81.840438
v -109.244216 21.513786 82.377147
v -109.823695 21.187024 81.652473
v -108.970658 21.548627 81.479330
v -109.320080 21.484183 81.115764
v -108.970658 21.548627 81.479330
v -109.823695 21.187024 81.652473
v -109.474273 21.251469 82.016039
f 3522 3523 3524
f 3523 3522 3525
f 3526 3527 3528
f 3527 3526 3529
f 3530 3531 3532
f 3531 3530 3533
f 3529 3534 3527
f 3534 3529 3535
f 3536 3537 3538
f 3537 3536 3539
f 3535 3531 3534
f 3531 3535 3532
f 3594 3540 3595
f 3540 3596 3597
f 3540 3598 3541
f 3541 3599 3542
f 3542 3600 3543
f 3543 3601 3602
f 3543 3603 3544
f 3544 3604 3605
f 3544 3606 3545
f 3545 3607 3546
f 3546 3608 3547
f 3546 3547 3548
f 3541 3609 3540
f 3610 3541 3549
f 3611 3549 3550
f 3612 3550 3613
f 3614 3550 3551
f 3615 3551 3552
f 3552 3551 3553
f 3552 3553 3554
f 3552 3554 3616
f 3617 3554 3548
f 3618 3548 3547
f 3619 3547 3620
f 3621 3536 3555
f 3536 3622 3539
f 3525 3555 3523
f 3555 3525 3623
f 3624 3625 3556
f 3626 3627 3628
f 3629 3533 3530
f 3533 3630 3557
f 3631 3528 3556
f 3528 3632 3526
f 3633 3634 3635
f 3636 3637 3638
f 3639 3640 3558
f 3558 3641 3559
f 3559 3642 3560
f 3560 3643 3644
f 3560 3645 3561
f 3561 3646 3647
f 3561 3648 3562
f 3562 3649 3563
f 3563 3650 3651
f 3563 3652 3564
f 3558 3653 3654
f 3655 3558 3565
f 3656 3565 3566
f 3657 3566 3658
f 3659 3566 3567
f 3660 3567 3661
f 3662 3567 3568
f 3663 3568 3569
f 3664 3569 3665
f 3666 3569 3564
f 3667 3564 3668
f 3669 3670 3671
f 3672 3524 3557
f 3524 3673 3522
f 3570 3571 3572
f 3571 3570 3573
f 3574 3575 3576
f 3575 3574 3577
f 3578 3579 3580
f 3579 3578 3581
f 3582 3583 3584
f 3583 3582 3585
f 3674 3675 3676
f 3677 3678 3679
f 3586 3587 3588
f 3587 3586 3589
f 3680 3590 3681
f 3590 3682 3591
f 3683 3684 3685
f 3686 3687 3688
f 3689 3690 3691
f 3692 3693 3694
f 3695 3696 3697
f 3698 3699 3700
f 3592 3701 3593
f 3702 3592 3703
f 3704 3705 3706
f 3707 3708 3709
o Dust_II_Group_173
v -106.722978 21.784688 76.442115
v -106.056027 20.990969 76.816199
v -106.722978 20.990969 76.442115
v -106.056027 21.784688 76.816199
v -107.554736 21.784688 79.268201
v -108.229475 20.990969 78.885942
v -107.554736 20.990969 79.268201
v -108.229475 21.784688 78.885942
v -108.154642 21.784688 76.788472
v -108.582335 20.990969 77.427378
v -108.582335 21.784688 77.427378
v -108.154642 20.990969 76.788472
v -108.570524 20.990969 78.201514
v -108.570524 21.784688 78.201514
v -105.703166 20.990969 78.274763
v -106.123069 21.784688 78.921837
v -106.123069 20.990969 78.921837
v -105.703166 21.784688 78.274763
v -107.495617 21.784688 76.392500
v -107.805323 21.784688 77.155295
v -108.085701 21.784688 77.574128
v -108.077960 21.784688 78.081611
v -107.854388 21.784688 78.530284
v -107.412075 21.784688 78.780867
v -106.910681 21.784688 78.808025
v -106.789882 21.784688 79.309634
v -106.473542 21.784688 78.553803
v -107.373290 21.784688 76.895713
v -106.866793 21.784688 76.928237
v -106.429585 21.784688 77.173461
v -105.707190 21.784688 77.508802
v -106.200911 21.784688 77.627483
v -106.198269 21.784688 78.129609
v -105.707190 20.990969 77.508802
v -106.789882 20.990969 79.309634
v -107.495617 20.990969 76.392500
v -107.805323 20.990969 77.155295
v -107.373290 20.990969 76.895713
v -106.866793 20.990969 76.928237
v -106.429585 20.990969 77.173461
v -106.200911 20.990969 77.627483
v -106.198269 20.990969 78.129609
v -106.473542 20.990969 78.553803
v -108.085701 20.990969 77.574128
v -108.077960 20.990969 78.081611
v -107.854388 20.990969 78.530284
v -107.412075 20.990969 78.780867
v -106.910681 20.990969 78.808025
v -108.077960 21.784688 78.081611
v -107.854388 20.990969 78.530284
v -108.077960 20.990969 78.081611
v -107.854388 21.784688 78.530284
v -108.085701 20.990969 77.574128
v -107.805323 21.784688 77.155295
v -108.085701 21.784688 77.574128
v -107.805323 20.990969 77.155295
v -106.429585 21.784688 77.173461
v -106.866793 20.990969 76.928237
v -106.429585 20.990969 77.173461
v -106.866793 21.784688 76.928237
v -106.198269 21.784688 78.129609
v -106.200911 20.990969 77.627483
v -106.198269 20.990969 78.129609
v -106.200911 21.784688 77.627483
v -106.473542 21.784688 78.553803
v -106.910681 20.990969 78.808025
v -106.910681 21.784688 78.808025
v -106.473542 20.990969 78.553803
v -107.373290 20.990969 76.895713
v -107.373290 21.784688 76.895713
v -107.412075 21.784688 78.780867
v -107.412075 20.990969 78.780867
v -108.582335 21.784688 77.427378
v -108.154642 21.784688 76.788472
v -108.582335 21.784688 77.427378
v -108.570524 21.784688 78.201514
v -108.570524 21.784688 78.201514
v -108.570524 21.784688 78.201514
v -108.570524 21.784688 78.201514
v -108.570524 21.784688 78.201514
v -108.229475 21.784688 78.885942
v -108.229475 21.784688 78.885942
v -108.229475 21.784688 78.885942
v -107.554736 21.784688 79.268201
v -107.554736 21.784688 79.268201
v -107.554736 21.784688 79.268201
v -107.554736 21.784688 79.268201
v -106.722978 21.784688 76.442115
v -106.722978 21.784688 76.442115
v -106.722978 21.784688 76.442115
v -106.722978 21.784688 76.442115
v -106.056027 21.784688 76.816199
v -106.056027 21.784688 76.816199
v -106.056027 21.784688 76.816199
v -105.703166 21.784688 78.274763
v -105.703166 21.784688 78.274763
v -105.703166 21.784688 78.274763
v -105.703166 21.784688 78.274763
v -106.123069 21.784688 78.921837
v -105.707190 21.784688 77.508802
v -105.707190 21.784688 77.508802
v -105.707190 21.784688 77.508802
v -106.123069 20.990969 78.921837
v -106.789882 21.784688 79.309634
v -106.789882 21.784688 79.309634
v -106.123069 20.990969 78.921837
v -106.123069 21.784688 78.921837
v -107.495617 21.784688 76.392500
v -107.495617 21.784688 76.392500
v -106.789882 21.784688 79.309634
v -106.789882 21.784688 79.309634
v -107.495617 20.990969 76.392500
v -108.582335 20.990969 77.427378
v -108.154642 20.990969 76.788472
v -108.582335 20.990969 77.427378
v -107.495617 20.990969 76.392500
v -106.722978 20.990969 76.442115
v -108.582335 20.990969 77.427378
v -106.722978 20.990969 76.442115
v -106.722978 20.990969 76.442115
v -106.722978 20.990969 76.442115
v -106.722978 20.990969 76.442115
v -106.056027 20.990969 76.816199
v -106.056027 20.990969 76.816199
v -106.056027 20.990969 76.816199
v -105.707190 20.990969 77.508802
v -105.707190 20.990969 77.508802
v -105.707190 20.990969 77.508802
v -105.707190 20.990969 77.508802
v -105.703166 20.990969 78.274763
v -105.703166 20.990969 78.274763
v -108.570524 20.990969 78.201514
v -108.582335 20.990969 77.427378
v -108.570524 20.990969 78.201514
v -108.570524 20.990969 78.201514
v -108.570524 20.990969 78.201514
v -108.229475 20.990969 78.885942
v -108.229475 20.990969 78.885942
v -108.229475 20.990969 78.885942
v -107.554736 20.990969 79.268201
v -107.554736 20.990969 79.268201
v -107.554736 20.990969 79.268201
v -107.554736 20.990969 79.268201
v -106.789882 20.990969 79.309634
v -106.789882 20.990969 79.309634
v -106.789882 20.990969 79.309634
v -105.703166 20.990969 78.274763
v -106.789882 20.990969 79.309634
v -105.703166 20.990969 78.274763
v -106.123069 20.990969 78.921837
v -107.495617 21.784688 76.392500
v -107.495617 21.784688 76.392500
v -106.200911 21.784688 77.627483
v -106.429585 20.990969 77.173461
v -106.200911 20.990969 77.627483
v -106.429585 20.990969 77.173461
v -106.200911 21.784688 77.627483
v -106.429585 21.784688 77.173461
v -106.866793 21.784688 76.928237
v -106.866793 20.990969 76.928237
v -106.866793 21.784688 76.928237
v -108.085701 21.784688 77.574128
v -108.077960 20.990969 78.081611
v -108.085701 20.990969 77.574128
v -108.077960 20.990969 78.081611
v -108.085701 21.784688 77.574128
v -108.077960 21.784688 78.081611
v -106.198269 21.784688 78.129609
v -106.473542 20.990969 78.553803
v -106.473542 21.784688 78.553803
v -106.473542 20.990969 78.553803
v -106.198269 21.784688 78.129609
v -106.198269 20.990969 78.129609
v -107.373290 20.990969 76.895713
v -107.805323 21.784688 77.155295
v -107.805323 20.990969 77.155295
v -107.805323 21.784688 77.155295
v -107.373290 20.990969 76.895713
v -107.373290 21.784688 76.895713
v -106.910681 20.990969 78.808025
v -106.910681 20.990969 78.808025
v -106.910681 21.784688 78.808025
v -107.854388 21.784688 78.530284
v -107.412075 20.990969 78.780867
v -107.854388 20.990969 78.530284
v -107.412075 20.990969 78.780867
v -107.854388 21.784688 78.530284
v -107.412075 21.784688 78.780867
f 3710 3711 3712
f 3711 3710 3713
f 3714 3715 3716
f 3715 3714 3717
f 3718 3719 3720
f 3719 3718 3721
f 3717 3722 3715
f 3722 3717 3723
f 3724 3725 3726
f 3725 3724 3727
f 3723 3719 3722
f 3719 3723 3720
f 3782 3728 3783
f 3728 3784 3785
f 3728 3786 3729
f 3729 3787 3730
f 3730 3788 3731
f 3731 3789 3790
f 3731 3791 3732
f 3732 3792 3793
f 3732 3794 3733
f 3733 3795 3734
f 3734 3796 3735
f 3734 3735 3736
f 3729 3797 3728
f 3798 3729 3737
f 3799 3737 3738
f 3800 3738 3801
f 3802 3738 3739
f 3803 3739 3740
f 3740 3739 3741
f 3740 3741 3742
f 3740 3742 3804
f 3805 3742 3736
f 3806 3736 3735
f 3807 3735 3808
f 3809 3724 3743
f 3724 3810 3727
f 3713 3743 3711
f 3743 3713 3811
f 3812 3813 3744
f 3814 3815 3816
f 3817 3721 3718
f 3721 3818 3745
f 3819 3716 3744
f 3716 3820 3714
f 3821 3822 3823
f 3824 3825 3826
f 3827 3828 3746
f 3746 3829 3747
f 3747 3830 3748
f 3748 3831 3832
f 3748 3833 3749
f 3749 3834 3835
f 3749 3836 3750
f 3750 3837 3751
f 3751 3838 3839
f 3751 3840 3752
f 3746 3841 3842
f 3843 3746 3753
f 3844 3753 3754
f 3845 3754 3846
f 3847 3754 3755
f 3848 3755 3849
f 3850 3755 3756
f 3851 3756 3757
f 3852 3757 3853
f 3854 3757 3752
f 3855 3752 3856
f 3857 3858 3859
f 3860 3712 3745
f 3712 3861 3710
f 3758 3759 3760
f 3759 3758 3761
f 3762 3763 3764
f 3763 3762 3765
f 3766 3767 3768
f 3767 3766 3769
f 3770 3771 3772
f 3771 3770 3773
f 3862 3863 3864
f 3865 3866 3867
f 3774 3775 3776
f 3775 3774 3777
f 3868 3778 3869
f 3778 3870 3779
f 3871 3872 3873
f 3874 3875 3876
f 3877 3878 3879
f 3880 3881 3882
f 3883 3884 3885
f 3886 3887 3888
f 3780 3889 3781
f 3890 3780 3891
f 3892 3893 3894
f 3895 3896 3897
o Dust_II_Group_172
v -26.812980 6.771121 -63.813743
v -26.146034 5.977403 -63.439661
v -26.812980 5.977403 -63.813743
v -26.146034 6.771121 -63.439661
v -27.644742 6.771121 -60.987659
v -28.319478 5.977403 -61.369916
v -27.644742 5.977403 -60.987659
v -28.319478 6.771121 -61.369916
v -28.244649 6.771121 -63.467388
v -28.672343 5.977403 -62.828483
v -28.672343 6.771121 -62.828483
v -28.244649 5.977403 -63.467388
v -28.660529 5.977403 -62.054346
v -28.660529 6.771121 -62.054346
v -25.793168 5.977403 -61.981095
v -26.213072 6.771121 -61.334022
v -26.213072 5.977403 -61.334022
v -25.793168 6.771121 -61.981095
v -27.585618 6.771121 -63.863358
v -27.895329 6.771121 -63.100565
v -28.175706 6.771121 -62.681731
v -28.167962 6.771121 -62.174247
v -27.944393 6.771121 -61.725576
v -27.502080 6.771121 -61.474992
v -27.000682 6.771121 -61.447833
v -26.879890 6.771121 -60.946227
v -26.563545 6.771121 -61.702056
v -27.463298 6.771121 -63.360148
v -26.956798 6.771121 -63.327622
v -26.519590 6.771121 -63.082399
v -25.797193 6.771121 -62.747056
v -26.290913 6.771121 -62.628375
v -26.288274 6.771121 -62.126250
v -25.797193 5.977403 -62.747056
v -26.879890 5.977403 -60.946227
v -27.585618 5.977403 -63.863358
v -27.895329 5.977403 -63.100565
v -27.463298 5.977403 -63.360148
v -26.956798 5.977403 -63.327622
v -26.519590 5.977403 -63.082399
v -26.290913 5.977403 -62.628375
v -26.288274 5.977403 -62.126250
v -26.563545 5.977403 -61.702056
v -28.175706 5.977403 -62.681731
v -28.167962 5.977403 -62.174247
v -27.944393 5.977403 -61.725576
v -27.502080 5.977403 -61.474992
v -27.000682 5.977403 -61.447833
v -28.167962 6.771121 -62.174247
v -27.944393 5.977403 -61.725576
v -28.167962 5.977403 -62.174247
v -27.944393 6.771121 -61.725576
v -28.175706 5.977403 -62.681731
v -27.895329 6.771121 -63.100565
v -28.175706 6.771121 -62.681731
v -27.895329 5.977403 -63.100565
v -26.519590 6.771121 -63.082399
v -26.956798 5.977403 -63.327622
v -26.519590 5.977403 -63.082399
v -26.956798 6.771121 -63.327622
v -26.288274 6.771121 -62.126250
v -26.290913 5.977403 -62.628375
v -26.288274 5.977403 -62.126250
v -26.290913 6.771121 -62.628375
v -26.563545 6.771121 -61.702056
v -27.000682 5.977403 -61.447833
v -27.000682 6.771121 -61.447833
v -26.563545 5.977403 -61.702056
v -27.463298 5.977403 -63.360148
v -27.463298 6.771121 -63.360148
v -27.502080 6.771121 -61.474992
v -27.502080 5.977403 -61.474992
v -28.672343 6.771121 -62.828483
v -28.244649 6.771121 -63.467388
v -28.672343 6.771121 -62.828483
v -28.660529 6.771121 -62.054346
v -28.660529 6.771121 -62.054346
v -28.660529 6.771121 -62.054346
v -28.660529 6.771121 -62.054346
v -28.660529 6.771121 -62.054346
v -28.319478 6.771121 -61.369916
v -28.319478 6.771121 -61.369916
v -28.319478 6.771121 -61.369916
v -27.644742 6.771121 -60.987659
v -27.644742 6.771121 -60.987659
v -27.644742 6.771121 -60.987659
v -27.644742 6.771121 -60.987659
v -26.812980 6.771121 -63.813743
v -26.812980 6.771121 -63.813743
v -26.812980 6.771121 -63.813743
v -26.812980 6.771121 -63.813743
v -26.146034 6.771121 -63.439661
v -26.146034 6.771121 -63.439661
v -26.146034 6.771121 -63.439661
v -25.793168 6.771121 -61.981095
v -25.793168 6.771121 -61.981095
v -25.793168 6.771121 -61.981095
v -25.793168 6.771121 -61.981095
v -26.213072 6.771121 -61.334022
v -25.797193 6.771121 -62.747056
v -25.797193 6.771121 -62.747056
v -25.797193 6.771121 -62.747056
v -26.213072 5.977403 -61.334022
v -26.879890 6.771121 -60.946227
v -26.879890 6.771121 -60.946227
v -26.213072 5.977403 -61.334022
v -26.213072 6.771121 -61.334022
v -27.585618 6.771121 -63.863358
v -27.585618 6.771121 -63.863358
v -26.879890 6.771121 -60.946227
v -26.879890 6.771121 -60.946227
v -27.585618 5.977403 -63.863358
v -28.672343 5.977403 -62.828483
v -28.244649 5.977403 -63.467388
v -28.672343 5.977403 -62.828483
v -27.585618 5.977403 -63.863358
v -26.812980 5.977403 -63.813743
v -28.672343 5.977403 -62.828483
v -26.812980 5.977403 -63.813743
v -26.812980 5.977403 -63.813743
v -26.812980 5.977403 -63.813743
v -26.812980 5.977403 -63.813743
v -26.146034 5.977403 -63.439661
v -26.146034 5.977403 -63.439661
v -26.146034 5.977403 -63.439661
v -25.797193 5.977403 -62.747056
v -25.797193 5.977403 -62.747056
v -25.797193 5.977403 -62.747056
v -25.797193 5.977403 -62.747056
v -25.793168 5.977403 -61.981095
v -25.793168 5.977403 -61.981095
v -28.660529 5.977403 -62.054346
v -28.672343 5.977403 -62.828483
v -28.660529 5.977403 -62.054346
v -28.660529 5.977403 -62.054346
v -28.660529 5.977403 -62.054346
v -28.319478 5.977403 -61.369916
v -28.319478 5.977403 -61.369916
v -28.319478 5.977403 -61.369916
v -27.644742 5.977403 -60.987659
v -27.644742 5.977403 -60.987659
v -27.644742 5.977403 -60.987659
v -27.644742 5.977403 -60.987659
v -26.879890 5.977403 -60.946227
v -26.879890 5.977403 -60.946227
v -26.879890 5.977403 -60.946227
v -25.793168 5.977403 -61.981095
v -26.879890 5.977403 -60.946227
v -25.793168 5.977403 -61.981095
v -26.213072 5.977403 -61.334022
v -27.585618 6.771121 -63.863358
v -27.585618 6.771121 -63.863358
v -26.290913 6.771121 -62.628375
v -26.519590 5.977403 -63.082399
v -26.290913 5.977403 -62.628375
v -26.519590 5.977403 -63.082399
v -26.290913 6.771121 -62.628375
v -26.519590 6.771121 -63.082399
v -26.956798 6.771121 -63.327622
v -26.956798 5.977403 -63.327622
v -26.956798 6.771121 -63.327622
v -28.175706 6.771121 -62.681731
v -28.167962 5.977403 -62.174247
v -28.175706 5.977403 -62.681731
v -28.167962 5.977403 -62.174247
v -28.175706 6.771121 -62.681731
v -28.167962 6.771121 -62.174247
v -26.288274 6.771121 -62.126250
v -26.563545 5.977403 -61.702056
v -26.563545 6.771121 -61.702056
v -26.563545 5.977403 -61.702056
v -26.288274 6.771121 -62.126250
v -26.288274 5.977403 -62.126250
v -27.463298 5.977403 -63.360148
v -27.895329 6.771121 -63.100565
v -27.895329 5.977403 -63.100565
v -27.895329 6.771121 -63.100565
v -27.463298 5.977403 -63.360148
v -27.463298 6.771121 -63.360148
v -27.000682 5.977403 -61.447833
v -27.000682 5.977403 -61.447833
v -27.000682 6.771121 -61.447833
v -27.944393 6.771121 -61.725576
v -27.502080 5.977403 -61.474992
v -27.944393 5.977403 -61.725576
v -27.502080 5.977403 -61.474992
v -27.944393 6.771121 -61.725576
v -27.502080 6.771121 -61.474992
f 3898 3899 3900
f 3899 3898 3901
f 3902 3903 3904
f 3903 3902 3905
f 3906 3907 3908
f 3907 3906 3909
f 3905 3910 3903
f 3910 3905 3911
f 3912 3913 3914
f 3913 3912 3915
f 3911 3907 3910
f 3907 3911 3908
f 3970 3916 3971
f 3916 3972 3973
f 3916 3974 3917
f 3917 3975 3918
f 3918 3976 3919
f 3919 3977 3978
f 3919 3979 3920
f 3920 3980 3981
f 3920 3982 3921
f 3921 3983 3922
f 3922 3984 3923
f 3922 3923 3924
f 3917 3985 3916
f 3986 3917 3925
f 3987 3925 3926
f 3988 3926 3989
f 3990 3926 3927
f 3991 3927 3928
f 3928 3927 3929
f 3928 3929 3930
f 3928 3930 3992
f 3993 3930 3924
f 3994 3924 3923
f 3995 3923 3996
f 3997 3912 3931
f 3912 3998 3915
f 3901 3931 3899
f 3931 3901 3999
f 4000 4001 3932
f 4002 4003 4004
f 4005 3909 3906
f 3909 4006 3933
f 4007 3904 3932
f 3904 4008 3902
f 4009 4010 4011
f 4012 4013 4014
f 4015 4016 3934
f 3934 4017 3935
f 3935 4018 3936
f 3936 4019 4020
f 3936 4021 3937
f 3937 4022 4023
f 3937 4024 3938
f 3938 4025 3939
f 3939 4026 4027
f 3939 4028 3940
f 3934 4029 4030
f 4031 3934 3941
f 4032 3941 3942
f 4033 3942 4034
f 4035 3942 3943
f 4036 3943 4037
f 4038 3943 3944
f 4039 3944 3945
f 4040 3945 4041
f 4042 3945 3940
f 4043 3940 4044
f 4045 4046 4047
f 4048 3900 3933
f 3900 4049 3898
f 3946 3947 3948
f 3947 3946 3949
f 3950 3951 3952
f 3951 3950 3953
f 3954 3955 3956
f 3955 3954 3957
f 3958 3959 3960
f 3959 3958 3961
f 4050 4051 4052
f 4053 4054 4055
f 3962 3963 3964
f 3963 3962 3965
f 4056 3966 4057
f 3966 4058 3967
f 4059 4060 4061
f 4062 4063 4064
f 4065 4066 4067
f 4068 4069 4070
f 4071 4072 4073
f 4074 4075 4076
f 3968 4077 3969
f 4078 3968 4079
f 4080 4081 4082
f 4083 4084 4085
o Dust_II_Group_171
v -26.725118 5.183686 -63.840623
v -26.058172 4.389968 -63.466541
v -26.725118 4.389968 -63.840623
v -26.058172 5.183686 -63.466541
v -27.556881 5.183686 -61.014539
v -28.231616 4.389968 -61.396796
v -27.556881 4.389968 -61.014539
v -28.231616 5.183686 -61.396796
v -28.156787 5.183686 -63.494268
v -28.584482 4.389968 -62.855362
v -28.584482 5.183686 -62.855362
v -28.156787 4.389968 -63.494268
v -28.572668 4.389968 -62.081226
v -28.572668 5.183686 -62.081226
v -25.705307 4.389968 -62.007975
v -26.125211 5.183686 -61.360901
v -26.125211 4.389968 -61.360901
v -25.705307 5.183686 -62.007975
v -27.497757 5.183686 -63.890238
v -27.807468 5.183686 -63.127445
v -28.087845 5.183686 -62.708611
v -28.080101 5.183686 -62.201127
v -27.856532 5.183686 -61.752456
v -27.414219 5.183686 -61.501872
v -26.912821 5.183686 -61.474713
v -26.792029 5.183686 -60.973107
v -26.475684 5.183686 -61.728936
v -27.375437 5.183686 -63.387028
v -26.868936 5.183686 -63.354502
v -26.431728 5.183686 -63.109279
v -25.709332 5.183686 -62.773936
v -26.203051 5.183686 -62.655254
v -26.200413 5.183686 -62.153130
v -25.709332 4.389968 -62.773936
v -26.792029 4.389968 -60.973107
v -27.497757 4.389968 -63.890238
v -27.807468 4.389968 -63.127445
v -27.375437 4.389968 -63.387028
v -26.868936 4.389968 -63.354502
v -26.431728 4.389968 -63.109279
v -26.203051 4.389968 -62.655254
v -26.200413 4.389968 -62.153130
v -26.475684 4.389968 -61.728936
v -28.087845 4.389968 -62.708611
v -28.080101 4.389968 -62.201127
v -27.856532 4.389968 -61.752456
v -27.414219 4.389968 -61.501872
v -26.912821 4.389968 -61.474713
v -28.080101 5.183686 -62.201127
v -27.856532 4.389968 -61.752456
v -28.080101 4.389968 -62.201127
v -27.856532 5.183686 -61.752456
v -28.087845 4.389968 -62.708611
v -27.807468 5.183686 -63.127445
v -28.087845 5.183686 -62.708611
v -27.807468 4.389968 -63.127445
v -26.431728 5.183686 -63.109279
v -26.868936 4.389968 -63.354502
v -26.431728 4.389968 -63.109279
v -26.868936 5.183686 -63.354502
v -26.200413 5.183686 -62.153130
v -26.203051 4.389968 -62.655254
v -26.200413 4.389968 -62.153130
v -26.203051 5.183686 -62.655254
v -26.475684 5.183686 -61.728936
v -26.912821 4.389968 -61.474713
v -26.912821 5.183686 -61.474713
v -26.475684 4.389968 -61.728936
v -27.375437 4.389968 -63.387028
v -27.375437 5.183686 -63.387028
v -27.414219 5.183686 -61.501872
v -27.414219 4.389968 -61.501872
v -28.584482 5.183686 -62.855362
v -28.156787 5.183686 -63.494268
v -28.584482 5.183686 -62.855362
v -28.572668 5.183686 -62.081226
v -28.572668 5.183686 -62.081226
v -28.572668 5.183686 -62.081226
v -28.572668 5.183686 -62.081226
v -28.572668 5.183686 -62.081226
v -28.231616 5.183686 -61.396796
v -28.231616 5.183686 -61.396796
v -28.231616 5.183686 -61.396796
v -27.556881 5.183686 -61.014539
v -27.556881 5.183686 -61.014539
v -27.556881 5.183686 -61.014539
v -27.556881 5.183686 -61.014539
v -26.725118 5.183686 -63.840623
v -26.725118 5.183686 -63.840623
v -26.725118 5.183686 -63.840623
v -26.725118 5.183686 -63.840623
v -26.058172 5.183686 -63.466541
v -26.058172 5.183686 -63.466541
v -26.058172 5.183686 -63.466541
v -25.705307 5.183686 -62.007975
v -25.705307 5.183686 -62.007975
v -25.705307 5.183686 -62.007975
v -25.705307 5.183686 -62.007975
v -26.125211 5.183686 -61.360901
v -25.709332 5.183686 -62.773936
v -25.709332 5.183686 -62.773936
v -25.709332 5.183686 -62.773936
v -26.125211 4.389968 -61.360901
v -26.792029 5.183686 -60.973107
v -26.792029 5.183686 -60.973107
v -26.125211 4.389968 -61.360901
v -26.125211 5.183686 -61.360901
v -27.497757 5.183686 -63.890238
v -27.497757 5.183686 -63.890238
v -26.792029 5.183686 -60.973107
v -26.792029 5.183686 -60.973107
v -27.497757 4.389968 -63.890238
v -28.584482 4.389968 -62.855362
v -28.156787 4.389968 -63.494268
v -28.584482 4.389968 -62.855362
v -27.497757 4.389968 -63.890238
v -26.725118 4.389968 -63.840623
v -28.584482 4.389968 -62.855362
v -26.725118 4.389968 -63.840623
v -26.725118 4.389968 -63.840623
v -26.725118 4.389968 -63.840623
v -26.725118 4.389968 -63.840623
v -26.058172 4.389968 -63.466541
v -26.058172 4.389968 -63.466541
v -26.058172 4.389968 -63.466541
v -25.709332 4.389968 -62.773936
v -25.709332 4.389968 -62.773936
v -25.709332 4.389968 -62.773936
v -25.709332 4.389968 -62.773936
v -25.705307 4.389968 -62.007975
v -25.705307 4.389968 -62.007975
v -28.572668 4.389968 -62.081226
v -28.584482 4.389968 -62.855362
v -28.572668 4.389968 -62.081226
v -28.572668 4.389968 -62.081226
v -28.572668 4.389968 -62.081226
v -28.231616 4.389968 -61.396796
v -28.231616 4.389968 -61.396796
v -28.231616 4.389968 -61.396796
v -27.556881 4.389968 -61.014539
v -27.556881 4.389968 -61.014539
v -27.556881 4.389968 -61.014539
v -27.556881 4.389968 -61.014539
v -26.792029 4.389968 -60.973107
v -26.792029 4.389968 -60.973107
v -26.792029 4.389968 -60.973107
v -25.705307 4.389968 -62.007975
v -26.792029 4.389968 -60.973107
v -25.705307 4.389968 -62.007975
v -26.125211 4.389968 -61.360901
v -27.497757 5.183686 -63.890238
v -27.497757 5.183686 -63.890238
v -26.203051 5.183686 -62.655254
v -26.431728 4.389968 -63.109279
v -26.203051 4.389968 -62.655254
v -26.431728 4.389968 -63.109279
v -26.203051 5.183686 -62.655254
v -26.431728 5.183686 -63.109279
v -26.868936 5.183686 -63.354502
v -26.868936 4.389968 -63.354502
v -26.868936 5.183686 -63.354502
v -28.087845 5.183686 -62.708611
v -28.080101 4.389968 -62.201127
v -28.087845 4.389968 -62.708611
v -28.080101 4.389968 -62.201127
v -28.087845 5.183686 -62.708611
v -28.080101 5.183686 -62.201127
v -26.200413 5.183686 -62.153130
v -26.475684 4.389968 -61.728936
v -26.475684 5.183686 -61.728936
v -26.475684 4.389968 -61.728936
v -26.200413 5.183686 -62.153130
v -26.200413 4.389968 -62.153130
v -27.375437 4.389968 -63.387028
v -27.807468 5.183686 -63.127445
v -27.807468 4.389968 -63.127445
v -27.807468 5.183686 -63.127445
v -27.375437 4.389968 -63.387028
v -27.375437 5.183686 -63.387028
v -26.912821 4.389968 -61.474713
v -26.912821 4.389968 -61.474713
v -26.912821 5.183686 -61.474713
v -27.856532 5.183686 -61.752456
v -27.414219 4.389968 -61.501872
v -27.856532 4.389968 -61.752456
v -27.414219 4.389968 -61.501872
v -27.856532 5.183686 -61.752456
v -27.414219 5.183686 -61.501872
f 4086 4087 4088
f 4087 4086 4089
f 4090 4091 4092
f 4091 4090 4093
f 4094 4095 4096
f 4095 4094 4097
f 4093 4098 4091
f 4098 4093 4099
f 4100 4101 4102
f 4101 4100 4103
f 4099 4095 4098
f 4095 4099 4096
f 4158 4104 4159
f 4104 4160 4161
f 4104 4162 4105
f 4105 4163 4106
f 4106 4164 4107
f 4107 4165 4166
f 4107 4167 4108
f 4108 4168 4169
f 4108 4170 4109
f 4109 4171 4110
f 4110 4172 4111
f 4110 4111 4112
f 4105 4173 4104
f 4174 4105 4113
f 4175 4113 4114
f 4176 4114 4177
f 4178 4114 4115
f 4179 4115 4116
f 4116 4115 4117
f 4116 4117 4118
f 4116 4118 4180
f 4181 4118 4112
f 4182 4112 4111
f 4183 4111 4184
f 4185 4100 4119
f 4100 4186 4103
f 4089 4119 4087
f 4119 4089 4187
f 4188 4189 4120
f 4190 4191 4192
f 4193 4097 4094
f 4097 4194 4121
f 4195 4092 4120
f 4092 4196 4090
f 4197 4198 4199
f 4200 4201 4202
f 4203 4204 4122
f 4122 4205 4123
f 4123 4206 4124
f 4124 4207 4208
f 4124 4209 4125
f 4125 4210 4211
f 4125 4212 4126
f 4126 4213 4127
f 4127 4214 4215
f 4127 4216 4128
f 4122 4217 4218
f 4219 4122 4129
f 4220 4129 4130
f 4221 4130 4222
f 4223 4130 4131
f 4224 4131 4225
f 4226 4131 4132
f 4227 4132 4133
f 4228 4133 4229
f 4230 4133 4128
f 4231 4128 4232
f 4233 4234 4235
f 4236 4088 4121
f 4088 4237 4086
f 4134 4135 4136
f 4135 4134 4137
f 4138 4139 4140
f 4139 4138 4141
f 4142 4143 4144
f 4143 4142 4145
f 4146 4147 4148
f 4147 4146 4149
f 4238 4239 4240
f 4241 4242 4243
f 4150 4151 4152
f 4151 4150 4153
f 4244 4154 4245
f 4154 4246 4155
f 4247 4248 4249
f 4250 4251 4252
f 4253 4254 4255
f 4256 4257 4258
f 4259 4260 4261
f 4262 4263 4264
f 4156 4265 4157
f 4266 4156 4267
f 4268 4269 4270
f 4271 4272 4273
o Dust_II_Group_170
v -30.794016 7.555233 -58.184090
v -29.765948 7.952342 -58.173337
v -30.290402 7.852391 -58.720799
v -30.269561 7.655184 -57.636627
v -29.319850 5.004824 -58.212894
v -29.349275 5.203669 -59.304213
v -28.816235 5.301982 -58.749604
v -29.852890 4.906510 -58.767504
v -31.176906 6.493903 -59.130989
v -30.441592 6.079537 -59.844232
v -30.945206 5.782379 -59.307522
v -30.673292 6.791062 -59.667699
v -29.936207 5.515861 -59.682103
v -30.439823 5.218702 -59.145393
v -28.673630 7.076474 -57.633318
v -28.936960 6.066153 -57.265995
v -28.433344 6.363311 -57.802704
v -29.177245 6.779315 -57.096609
v -31.153542 7.156721 -58.742088
v -30.791760 6.420352 -58.810313
v -30.639867 5.953910 -58.926042
v -30.308564 5.584394 -58.819758
v -29.923809 5.379742 -58.572039
v -29.574382 5.444187 -58.208471
v -29.344325 5.706505 -57.847363
v -28.968909 5.404979 -57.662047
v -29.323380 6.139943 -57.587729
v -30.776442 6.854869 -58.555367
v -30.540758 7.116109 -58.189571
v -30.196958 7.181632 -57.830692
v -29.674043 7.341354 -57.251591
v -29.806575 6.975908 -57.578288
v -29.480902 6.607464 -57.476688
v -29.170427 7.638513 -57.788300
v -28.465294 5.702137 -58.198756
v -30.649926 7.453880 -59.278797
v -30.288144 6.717511 -59.347022
v -30.272827 7.152028 -59.092076
v -30.037142 7.413267 -58.726280
v -29.693343 7.478791 -58.367400
v -29.302960 7.273067 -58.114997
v -28.977286 6.904622 -58.013398
v -28.819765 6.437102 -58.124439
v -30.136252 6.251069 -59.462752
v -29.804949 5.881552 -59.356467
v -29.420194 5.676900 -59.108748
v -29.070767 5.741346 -58.745180
v -28.840710 6.003663 -58.384072
v -30.308564 5.584394 -58.819758
v -29.420194 5.676900 -59.108748
v -29.804949 5.881552 -59.356467
v -29.923809 5.379742 -58.572039
v -30.136252 6.251069 -59.462752
v -30.791760 6.420352 -58.810313
v -30.639867 5.953910 -58.926042
v -30.288144 6.717511 -59.347022
v -30.196958 7.181632 -57.830692
v -30.037142 7.413267 -58.726280
v -29.693343 7.478791 -58.367400
v -30.540758 7.116109 -58.189571
v -29.480902 6.607464 -57.476688
v -29.302960 7.273067 -58.114997
v -28.977286 6.904622 -58.013398
v -29.806575 6.975908 -57.578288
v -29.323380 6.139943 -57.587729
v -28.840710 6.003663 -58.384072
v -29.344325 5.706505 -57.847363
v -28.819765 6.437102 -58.124439
v -30.272827 7.152028 -59.092076
v -30.776442 6.854869 -58.555367
v -29.574382 5.444187 -58.208471
v -29.070767 5.741346 -58.745180
v -30.945206 5.782379 -59.307522
v -31.176906 6.493903 -59.130989
v -30.945206 5.782379 -59.307522
v -30.439823 5.218702 -59.145393
v -30.439823 5.218702 -59.145393
v -30.439823 5.218702 -59.145393
v -30.439823 5.218702 -59.145393
v -30.439823 5.218702 -59.145393
v -29.852890 4.906510 -58.767504
v -29.852890 4.906510 -58.767504
v -29.852890 4.906510 -58.767504
v -29.319850 5.004824 -58.212894
v -29.319850 5.004824 -58.212894
v -29.319850 5.004824 -58.212894
v -29.319850 5.004824 -58.212894
v -30.794016 7.555233 -58.184090
v -30.794016 7.555233 -58.184090
v -30.794016 7.555233 -58.184090
v -30.794016 7.555233 -58.184090
v -30.269561 7.655184 -57.636627
v -30.269561 7.655184 -57.636627
v -30.269561 7.655184 -57.636627
v -29.177245 6.779315 -57.096609
v -29.177245 6.779315 -57.096609
v -29.177245 6.779315 -57.096609
v -29.177245 6.779315 -57.096609
v -28.936960 6.066153 -57.265995
v -29.674043 7.341354 -57.251591
v -29.674043 7.341354 -57.251591
v -29.674043 7.341354 -57.251591
v -28.433344 6.363311 -57.802704
v -28.968909 5.404979 -57.662047
v -28.968909 5.404979 -57.662047
v -28.433344 6.363311 -57.802704
v -28.936960 6.066153 -57.265995
v -31.153542 7.156721 -58.742088
v -31.153542 7.156721 -58.742088
v -28.968909 5.404979 -57.662047
v -28.968909 5.404979 -57.662047
v -30.649926 7.453880 -59.278797
v -30.441592 6.079537 -59.844232
v -30.673292 6.791062 -59.667699
v -30.441592 6.079537 -59.844232
v -30.649926 7.453880 -59.278797
v -30.290402 7.852391 -58.720799
v -30.441592 6.079537 -59.844232
v -30.290402 7.852391 -58.720799
v -30.290402 7.852391 -58.720799
v -30.290402 7.852391 -58.720799
v -30.290402 7.852391 -58.720799
v -29.765948 7.952342 -58.173337
v -29.765948 7.952342 -58.173337
v -29.765948 7.952342 -58.173337
v -29.170427 7.638513 -57.788300
v -29.170427 7.638513 -57.788300
v -29.170427 7.638513 -57.788300
v -29.170427 7.638513 -57.788300
v -28.673630 7.076474 -57.633318
v -28.673630 7.076474 -57.633318
v -29.936207 5.515861 -59.682103
v -30.441592 6.079537 -59.844232
v -29.936207 5.515861 -59.682103
v -29.936207 5.515861 -59.682103
v -29.936207 5.515861 -59.682103
v -29.349275 5.203669 -59.304213
v -29.349275 5.203669 -59.304213
v -29.349275 5.203669 -59.304213
v -28.816235 5.301982 -58.749604
v -28.816235 5.301982 -58.749604
v -28.816235 5.301982 -58.749604
v -28.816235 5.301982 -58.749604
v -28.465294 5.702137 -58.198756
v -28.465294 5.702137 -58.198756
v -28.465294 5.702137 -58.198756
v -28.673630 7.076474 -57.633318
v -28.465294 5.702137 -58.198756
v -28.673630 7.076474 -57.633318
v -28.433344 6.363311 -57.802704
v -31.153542 7.156721 -58.742088
v -31.153542 7.156721 -58.742088
v -29.806575 6.975908 -57.578288
v -29.693343 7.478791 -58.367400
v -29.302960 7.273067 -58.114997
v -29.693343 7.478791 -58.367400
v -29.806575 6.975908 -57.578288
v -30.196958 7.181632 -57.830692
v -30.540758 7.116109 -58.189571
v -30.037142 7.413267 -58.726280
v -30.540758 7.116109 -58.189571
v -30.639867 5.953910 -58.926042
v -29.804949 5.881552 -59.356467
v -30.136252 6.251069 -59.462752
v -29.804949 5.881552 -59.356467
v -30.639867 5.953910 -58.926042
v -30.308564 5.584394 -58.819758
v -29.480902 6.607464 -57.476688
v -28.819765 6.437102 -58.124439
v -29.323380 6.139943 -57.587729
v -28.819765 6.437102 -58.124439
v -29.480902 6.607464 -57.476688
v -28.977286 6.904622 -58.013398
v -30.272827 7.152028 -59.092076
v -30.791760 6.420352 -58.810313
v -30.288144 6.717511 -59.347022
v -30.791760 6.420352 -58.810313
v -30.272827 7.152028 -59.092076
v -30.776442 6.854869 -58.555367
v -28.840710 6.003663 -58.384072
v -28.840710 6.003663 -58.384072
v -29.344325 5.706505 -57.847363
v -29.923809 5.379742 -58.572039
v -29.070767 5.741346 -58.745180
v -29.420194 5.676900 -59.108748
v -29.070767 5.741346 -58.745180
v -29.923809 5.379742 -58.572039
v -29.574382 5.444187 -58.208471
f 4274 4275 4276
f 4275 4274 4277
f 4278 4279 4280
f 4279 4278 4281
f 4282 4283 4284
f 4283 4282 4285
f 4281 4286 4279
f 4286 4281 4287
f 4288 4289 4290
f 4289 4288 4291
f 4287 4283 4286
f 4283 4287 4284
f 4346 4292 4347
f 4292 4348 4349
f 4292 4350 4293
f 4293 4351 4294
f 4294 4352 4295
f 4295 4353 4354
f 4295 4355 4296
f 4296 4356 4357
f 4296 4358 4297
f 4297 4359 4298
f 4298 4360 4299
f 4298 4299 4300
f 4293 4361 4292
f 4362 4293 4301
f 4363 4301 4302
f 4364 4302 4365
f 4366 4302 4303
f 4367 4303 4304
f 4304 4303 4305
f 4304 4305 4306
f 4304 4306 4368
f 4369 4306 4300
f 4370 4300 4299
f 4371 4299 4372
f 4373 4288 4307
f 4288 4374 4291
f 4277 4307 4275
f 4307 4277 4375
f 4376 4377 4308
f 4378 4379 4380
f 4381 4285 4282
f 4285 4382 4309
f 4383 4280 4308
f 4280 4384 4278
f 4385 4386 4387
f 4388 4389 4390
f 4391 4392 4310
f 4310 4393 4311
f 4311 4394 4312
f 4312 4395 4396
f 4312 4397 4313
f 4313 4398 4399
f 4313 4400 4314
f 4314 4401 4315
f 4315 4402 4403
f 4315 4404 4316
f 4310 4405 4406
f 4407 4310 4317
f 4408 4317 4318
f 4409 4318 4410
f 4411 4318 4319
f 4412 4319 4413
f 4414 4319 4320
f 4415 4320 4321
f 4416 4321 4417
f 4418 4321 4316
f 4419 4316 4420
f 4421 4422 4423
f 4424 4276 4309
f 4276 4425 4274
f 4322 4323 4324
f 4323 4322 4325
f 4326 4327 4328
f 4327 4326 4329
f 4330 4331 4332
f 4331 4330 4333
f 4334 4335 4336
f 4335 4334 4337
f 4426 4427 4428
f 4429 4430 4431
f 4338 4339 4340
f 4339 4338 4341
f 4432 4342 4433
f 4342 4434 4343
f 4435 4436 4437
f 4438 4439 4440
f 4441 4442 4443
f 4444 4445 4446
f 4447 4448 4449
f 4450 4451 4452
f 4344 4453 4345
f 4454 4344 4455
f 4456 4457 4458
f 4459 4460 4461
o Dust_II_Group_169
v -26.823087 5.977403 -63.782395
v -26.156141 5.183686 -63.408314
v -26.823087 5.183686 -63.782395
v -26.156141 5.977403 -63.408314
v -27.654850 5.977403 -60.956311
v -28.329585 5.183686 -61.338569
v -27.654850 5.183686 -60.956311
v -28.329585 5.977403 -61.338569
v -28.254756 5.977403 -63.436040
v -28.682451 5.183686 -62.797135
v -28.682451 5.977403 -62.797135
v -28.254756 5.183686 -63.436040
v -28.670636 5.183686 -62.022998
v -28.670636 5.977403 -62.022998
v -25.803275 5.183686 -61.949747
v -26.223179 5.977403 -61.302674
v -26.223179 5.183686 -61.302674
v -25.803275 5.977403 -61.949747
v -27.595726 5.977403 -63.832010
v -27.905437 5.977403 -63.069218
v -28.185814 5.977403 -62.650383
v -28.178069 5.977403 -62.142899
v -27.954501 5.977403 -61.694228
v -27.512187 5.977403 -61.443645
v -27.010790 5.977403 -61.416486
v -26.889998 5.977403 -60.914879
v -26.573653 5.977403 -61.670708
v -27.473406 5.977403 -63.328800
v -26.966905 5.977403 -63.296275
v -26.529697 5.977403 -63.051051
v -25.807300 5.977403 -62.715709
v -26.301020 5.977403 -62.597027
v -26.298382 5.977403 -62.094902
v -25.807300 5.183686 -62.715709
v -26.889998 5.183686 -60.914879
v -27.595726 5.183686 -63.832010
v -27.905437 5.183686 -63.069218
v -27.473406 5.183686 -63.328800
v -26.966905 5.183686 -63.296275
v -26.529697 5.183686 -63.051051
v -26.301020 5.183686 -62.597027
v -26.298382 5.183686 -62.094902
v -26.573653 5.183686 -61.670708
v -28.185814 5.183686 -62.650383
v -28.178069 5.183686 -62.142899
v -27.954501 5.183686 -61.694228
v -27.512187 5.183686 -61.443645
v -27.010790 5.183686 -61.416486
v -28.178069 5.977403 -62.142899
v -27.954501 5.183686 -61.694228
v -28.178069 5.183686 -62.142899
v -27.954501 5.977403 -61.694228
v -28.185814 5.183686 -62.650383
v -27.905437 5.977403 -63.069218
v -28.185814 5.977403 -62.650383
v -27.905437 5.183686 -63.069218
v -26.529697 5.977403 -63.051051
v -26.966905 5.183686 -63.296275
v -26.529697 5.183686 -63.051051
v -26.966905 5.977403 -63.296275
v -26.298382 5.977403 -62.094902
v -26.301020 5.183686 -62.597027
v -26.298382 5.183686 -62.094902
v -26.301020 5.977403 -62.597027
v -26.573653 5.977403 -61.670708
v -27.010790 5.183686 -61.416486
v -27.010790 5.977403 -61.416486
v -26.573653 5.183686 -61.670708
v -27.473406 5.183686 -63.328800
v -27.473406 5.977403 -63.328800
v -27.512187 5.977403 -61.443645
v -27.512187 5.183686 -61.443645
v -28.682451 5.977403 -62.797135
v -28.254756 5.977403 -63.436040
v -28.682451 5.977403 -62.797135
v -28.670636 5.977403 -62.022998
v -28.670636 5.977403 -62.022998
v -28.670636 5.977403 -62.022998
v -28.670636 5.977403 -62.022998
v -28.670636 5.977403 -62.022998
v -28.329585 5.977403 -61.338569
v -28.329585 5.977403 -61.338569
v -28.329585 5.977403 -61.338569
v -27.654850 5.977403 -60.956311
v -27.654850 5.977403 -60.956311
v -27.654850 5.977403 -60.956311
v -27.654850 5.977403 -60.956311
v -26.823087 5.977403 -63.782395
v -26.823087 5.977403 -63.782395
v -26.823087 5.977403 -63.782395
v -26.823087 5.977403 -63.782395
v -26.156141 5.977403 -63.408314
v -26.156141 5.977403 -63.408314
v -26.156141 5.977403 -63.408314
v -25.803275 5.977403 -61.949747
v -25.803275 5.977403 -61.949747
v -25.803275 5.977403 -61.949747
v -25.803275 5.977403 -61.949747
v -26.223179 5.977403 -61.302674
v -25.807300 5.977403 -62.715709
v -25.807300 5.977403 -62.715709
v -25.807300 5.977403 -62.715709
v -26.223179 5.183686 -61.302674
v -26.889998 5.977403 -60.914879
v -26.889998 5.977403 -60.914879
v -26.223179 5.183686 -61.302674
v -26.223179 5.977403 -61.302674
v -27.595726 5.977403 -63.832010
v -27.595726 5.977403 -63.832010
v -26.889998 5.977403 -60.914879
v -26.889998 5.977403 -60.914879
v -27.595726 5.183686 -63.832010
v -28.682451 5.183686 -62.797135
v -28.254756 5.183686 -63.436040
v -28.682451 5.183686 -62.797135
v -27.595726 5.183686 -63.832010
v -26.823087 5.183686 -63.782395
v -28.682451 5.183686 -62.797135
v -26.823087 5.183686 -63.782395
v -26.823087 5.183686 -63.782395
v -26.823087 5.183686 -63.782395
v -26.823087 5.183686 -63.782395
v -26.156141 5.183686 -63.408314
v -26.156141 5.183686 -63.408314
v -26.156141 5.183686 -63.408314
v -25.807300 5.183686 -62.715709
v -25.807300 5.183686 -62.715709
v -25.807300 5.183686 -62.715709
v -25.807300 5.183686 -62.715709
v -25.803275 5.183686 -61.949747
v -25.803275 5.183686 -61.949747
v -28.670636 5.183686 -62.022998
v -28.682451 5.183686 -62.797135
v -28.670636 5.183686 -62.022998
v -28.670636 5.183686 -62.022998
v -28.670636 5.183686 -62.022998
v -28.329585 5.183686 -61.338569
v -28.329585 5.183686 -61.338569
v -28.329585 5.183686 -61.338569
v -27.654850 5.183686 -60.956311
v -27.654850 5.183686 -60.956311
v -27.654850 5.183686 -60.956311
v -27.654850 5.183686 -60.956311
v -26.889998 5.183686 -60.914879
v -26.889998 5.183686 -60.914879
v -26.889998 5.183686 -60.914879
v -25.803275 5.183686 -61.949747
v -26.889998 5.183686 -60.914879
v -25.803275 5.183686 -61.949747
v -26.223179 5.183686 -61.302674
v -27.595726 5.977403 -63.832010
v -27.595726 5.977403 -63.832010
v -26.301020 5.977403 -62.597027
v -26.529697 5.183686 -63.051051
v -26.301020 5.183686 -62.597027
v -26.529697 5.183686 -63.051051
v -26.301020 5.977403 -62.597027
v -26.529697 5.977403 -63.051051
v -26.966905 5.977403 -63.296275
v -26.966905 5.183686 -63.296275
v -26.966905 5.977403 -63.296275
v -28.185814 5.977403 -62.650383
v -28.178069 5.183686 -62.142899
v -28.185814 5.183686 -62.650383
v -28.178069 5.183686 -62.142899
v -28.185814 5.977403 -62.650383
v -28.178069 5.977403 -62.142899
v -26.298382 5.977403 -62.094902
v -26.573653 5.183686 -61.670708
v -26.573653 5.977403 -61.670708
v -26.573653 5.183686 -61.670708
v -26.298382 5.977403 -62.094902
v -26.298382 5.183686 -62.094902
v -27.473406 5.183686 -63.328800
v -27.905437 5.977403 -63.069218
v -27.905437 5.183686 -63.069218
v -27.905437 5.977403 -63.069218
v -27.473406 5.183686 -63.328800
v -27.473406 5.977403 -63.328800
v -27.010790 5.183686 -61.416486
v -27.010790 5.183686 -61.416486
v -27.010790 5.977403 -61.416486
v -27.954501 5.977403 -61.694228
v -27.512187 5.183686 -61.443645
v -27.954501 5.183686 -61.694228
v -27.512187 5.183686 -61.443645
v -27.954501 5.977403 -61.694228
v -27.512187 5.977403 -61.443645
f 4462 4463 4464
f 4463 4462 4465
f 4466 4467 4468
f 4467 4466 4469
f 4470 4471 4472
f 4471 4470 4473
f 4469 4474 4467
f 4474 4469 4475
f 4476 4477 4478
f 4477 4476 4479
f 4475 4471 4474
f 4471 4475 4472
f 4534 4480 4535
f 4480 4536 4537
f 4480 4538 4481
f 4481 4539 4482
f 4482 4540 4483
f 4483 4541 4542
f 4483 4543 4484
f 4484 4544 4545
f 4484 4546 4485
f 4485 4547 4486
f 4486 4548 4487
f 4486 4487 4488
f 4481 4549 4480
f 4550 4481 4489
f 4551 4489 4490
f 4552 4490 4553
f 4554 4490 4491
f 4555 4491 4492
f 4492 4491 4493
f 4492 4493 4494
f 4492 4494 4556
f 4557 4494 4488
f 4558 4488 4487
f 4559 4487 4560
f 4561 4476 4495
f 4476 4562 4479
f 4465 4495 4463
f 4495 4465 4563
f 4564 4565 4496
f 4566 4567 4568
f 4569 4473 4470
f 4473 4570 4497
f 4571 4468 4496
f 4468 4572 4466
f 4573 4574 4575
f 4576 4577 4578
f 4579 4580 4498
f 4498 4581 4499
f 4499 4582 4500
f 4500 4583 4584
f 4500 4585 4501
f 4501 4586 4587
f 4501 4588 4502
f 4502 4589 4503
f 4503 4590 4591
f 4503 4592 4504
f 4498 4593 4594
f 4595 4498 4505
f 4596 4505 4506
f 4597 4506 4598
f 4599 4506 4507
f 4600 4507 4601
f 4602 4507 4508
f 4603 4508 4509
f 4604 4509 4605
f 4606 4509 4504
f 4607 4504 4608
f 4609 4610 4611
f 4612 4464 4497
f 4464 4613 4462
f 4510 4511 4512
f 4511 4510 4513
f 4514 4515 4516
f 4515 4514 4517
f 4518 4519 4520
f 4519 4518 4521
f 4522 4523 4524
f 4523 4522 4525
f 4614 4615 4616
f 4617 4618 4619
f 4526 4527 4528
f 4527 4526 4529
f 4620 4530 4621
f 4530 4622 4531
f 4623 4624 4625
f 4626 4627 4628
f 4629 4630 4631
f 4632 4633 4634
f 4635 4636 4637
f 4638 4639 4640
f 4532 4641 4533
f 4642 4532 4643
f 4644 4645 4646
f 4647 4648 4649
o Dust_II_Group_168
v -55.712472 13.530320 -72.956489
v -54.981632 14.330208 -73.158481
v -55.712472 14.217697 -73.353348
v -54.981632 13.642823 -72.761621
v -54.239502 12.254690 -75.165942
v -54.981632 12.829563 -75.757668
v -54.239502 12.942067 -75.562800
v -54.981632 12.142186 -75.360810
v -56.448955 12.892508 -74.061216
v -56.281227 13.204721 -75.107871
v -56.281227 12.517343 -74.711012
v -56.448955 13.579885 -74.458075
v -55.712472 12.942067 -75.562800
v -55.712472 12.254690 -75.165942
v -53.682037 13.955043 -73.808276
v -53.503015 12.892508 -74.061216
v -53.503015 13.579885 -74.458075
v -53.682037 13.267666 -73.411418
v -56.281227 13.267666 -73.411418
v -55.942416 12.892508 -74.061216
v -55.832461 12.646567 -74.487194
v -55.459614 12.474385 -74.785422
v -54.980526 12.400628 -74.913164
v -54.494033 12.474385 -74.785422
v -54.128588 12.646567 -74.487195
v -53.682037 12.517343 -74.711012
v -54.011232 12.892508 -74.061216
v -55.832461 13.138442 -73.635235
v -55.459614 13.310625 -73.337008
v -54.980526 13.384381 -73.209267
v -54.239502 13.530320 -72.956489
v -54.494033 13.310625 -73.337008
v -54.128588 13.138442 -73.635235
v -54.239502 14.217697 -73.353348
v -53.682037 13.204721 -75.107871
v -56.281227 13.955043 -73.808276
v -55.942416 13.579885 -74.458075
v -55.832461 13.825827 -74.032096
v -55.459614 13.998009 -73.733869
v -54.980526 14.071758 -73.606126
v -54.494033 13.998009 -73.733869
v -54.128588 13.825827 -74.032096
v -54.011232 13.579885 -74.458075
v -55.832461 13.333944 -74.884053
v -55.459614 13.161762 -75.182280
v -54.980526 13.088013 -75.310024
v -54.494033 13.161762 -75.182280
v -54.128588 13.333944 -74.884053
v -55.459614 12.474385 -74.785422
v -54.980526 13.088013 -75.310024
v -55.459614 13.161762 -75.182280
v -54.980526 12.400628 -74.913164
v -55.832461 13.333944 -74.884053
v -55.942416 12.892508 -74.061216
v -55.832461 12.646567 -74.487194
v -55.942416 13.579885 -74.458075
v -54.980526 13.384381 -73.209267
v -55.459614 13.998009 -73.733869
v -54.980526 14.071758 -73.606126
v -55.459614 13.310625 -73.337008
v -54.128588 13.138442 -73.635235
v -54.494033 13.998009 -73.733869
v -54.128588 13.825827 -74.032096
v -54.494033 13.310625 -73.337008
v -54.011232 12.892508 -74.061216
v -54.128588 13.333944 -74.884053
v -54.128588 12.646567 -74.487195
v -54.011232 13.579885 -74.458075
v -55.832461 13.825827 -74.032096
v -55.832461 13.138442 -73.635235
v -54.494033 12.474385 -74.785422
v -54.494033 13.161762 -75.182280
v -56.281227 12.517343 -74.711012
v -56.448955 12.892508 -74.061216
v -56.281227 12.517343 -74.711012
v -55.712472 12.254690 -75.165942
v -55.712472 12.254690 -75.165942
v -55.712472 12.254690 -75.165942
v -55.712472 12.254690 -75.165942
v -55.712472 12.254690 -75.165942
v -54.981632 12.142186 -75.360810
v -54.981632 12.142186 -75.360810
v -54.981632 12.142186 -75.360810
v -54.239502 12.254690 -75.165942
v -54.239502 12.254690 -75.165942
v -54.239502 12.254690 -75.165942
v -54.239502 12.254690 -75.165942
v -55.712472 13.530320 -72.956489
v -55.712472 13.530320 -72.956489
v -55.712472 13.530320 -72.956489
v -55.712472 13.530320 -72.956489
v -54.981632 13.642823 -72.761621
v -54.981632 13.642823 -72.761621
v -54.981632 13.642823 -72.761621
v -53.682037 13.267666 -73.411418
v -53.682037 13.267666 -73.411418
v -53.682037 13.267666 -73.411418
v -53.682037 13.267666 -73.411418
v -53.503015 12.892508 -74.061216
v -54.239502 13.530320 -72.956489
v -54.239502 13.530320 -72.956489
v -54.239502 13.530320 -72.956489
v -53.503015 13.579885 -74.458075
v -53.682037 12.517343 -74.711012
v -53.682037 12.517343 -74.711012
v -53.503015 13.579885 -74.458075
v -53.503015 12.892508 -74.061216
v -56.281227 13.267666 -73.411418
v -56.281227 13.267666 -73.411418
v -53.682037 12.517343 -74.711012
v -53.682037 12.517343 -74.711012
v -56.281227 13.955043 -73.808276
v -56.281227 13.204721 -75.107871
v -56.448955 13.579885 -74.458075
v -56.281227 13.204721 -75.107871
v -56.281227 13.955043 -73.808276
v -55.712472 14.217697 -73.353348
v -56.281227 13.204721 -75.107871
v -55.712472 14.217697 -73.353348
v -55.712472 14.217697 -73.353348
v -55.712472 14.217697 -73.353348
v -55.712472 14.217697 -73.353348
v -54.981632 14.330208 -73.158481
v -54.981632 14.330208 -73.158481
v -54.981632 14.330208 -73.158481
v -54.239502 14.217697 -73.353348
v -54.239502 14.217697 -73.353348
v -54.239502 14.217697 -73.353348
v -54.239502 14.217697 -73.353348
v -53.682037 13.955043 -73.808276
v -53.682037 13.955043 -73.808276
v -55.712472 12.942067 -75.562800
v -56.281227 13.204721 -75.107871
v -55.712472 12.942067 -75.562800
v -55.712472 12.942067 -75.562800
v -55.712472 12.942067 -75.562800
v -54.981632 12.829563 -75.757668
v -54.981632 12.829563 -75.757668
v -54.981632 12.829563 -75.757668
v -54.239502 12.942067 -75.562800
v -54.239502 12.942067 -75.562800
v -54.239502 12.942067 -75.562800
v -54.239502 12.942067 -75.562800
v -53.682037 13.204721 -75.107871
v -53.682037 13.204721 -75.107871
v -53.682037 13.204721 -75.107871
v -53.682037 13.955043 -73.808276
v -53.682037 13.204721 -75.107871
v -53.682037 13.955043 -73.808276
v -53.503015 13.579885 -74.458075
v -56.281227 13.267666 -73.411418
v -56.281227 13.267666 -73.411418
v -54.494033 13.310625 -73.337008
v -54.980526 14.071758 -73.606126
v -54.494033 13.998009 -73.733869
v -54.980526 14.071758 -73.606126
v -54.494033 13.310625 -73.337008
v -54.980526 13.384381 -73.209267
v -55.459614 13.310625 -73.337008
v -55.459614 13.998009 -73.733869
v -55.459614 13.310625 -73.337008
v -55.832461 12.646567 -74.487194
v -55.459614 13.161762 -75.182280
v -55.832461 13.333944 -74.884053
v -55.459614 13.161762 -75.182280
v -55.832461 12.646567 -74.487194
v -55.459614 12.474385 -74.785422
v -54.128588 13.138442 -73.635235
v -54.011232 13.579885 -74.458075
v -54.011232 12.892508 -74.061216
v -54.011232 13.579885 -74.458075
v -54.128588 13.138442 -73.635235
v -54.128588 13.825827 -74.032096
v -55.832461 13.825827 -74.032096
v -55.942416 12.892508 -74.061216
v -55.942416 13.579885 -74.458075
v -55.942416 12.892508 -74.061216
v -55.832461 13.825827 -74.032096
v -55.832461 13.138442 -73.635235
v -54.128588 13.333944 -74.884053
v -54.128588 13.333944 -74.884053
v -54.128588 12.646567 -74.487195
v -54.980526 12.400628 -74.913164
v -54.494033 13.161762 -75.182280
v -54.980526 13.088013 -75.310024
v -54.494033 13.161762 -75.182280
v -54.980526 12.400628 -74.913164
v -54.494033 12.474385 -74.785422
f 4650 4651 4652
f 4651 4650 4653
f 4654 4655 4656
f 4655 4654 4657
f 4658 4659 4660
f 4659 4658 4661
f 4657 4662 4655
f 4662 4657 4663
f 4664 4665 4666
f 4665 4664 4667
f 4663 4659 4662
f 4659 4663 4660
f 4722 4668 4723
f 4668 4724 4725
f 4668 4726 4669
f 4669 4727 4670
f 4670 4728 4671
f 4671 4729 4730
f 4671 4731 4672
f 4672 4732 4733
f 4672 4734 4673
f 4673 4735 4674
f 4674 4736 4675
f 4674 4675 4676
f 4669 4737 4668
f 4738 4669 4677
f 4739 4677 4678
f 4740 4678 4741
f 4742 4678 4679
f 4743 4679 4680
f 4680 4679 4681
f 4680 4681 4682
f 4680 4682 4744
f 4745 4682 4676
f 4746 4676 4675
f 4747 4675 4748
f 4749 4664 4683
f 4664 4750 4667
f 4653 4683 4651
f 4683 4653 4751
f 4752 4753 4684
f 4754 4755 4756
f 4757 4661 4658
f 4661 4758 4685
f 4759 4656 4684
f 4656 4760 4654
f 4761 4762 4763
f 4764 4765 4766
f 4767 4768 4686
f 4686 4769 4687
f 4687 4770 4688
f 4688 4771 4772
f 4688 4773 4689
f 4689 4774 4775
f 4689 4776 4690
f 4690 4777 4691
f 4691 4778 4779
f 4691 4780 4692
f 4686 4781 4782
f 4783 4686 4693
f 4784 4693 4694
f 4785 4694 4786
f 4787 4694 4695
f 4788 4695 4789
f 4790 4695 4696
f 4791 4696 4697
f 4792 4697 4793
f 4794 4697 4692
f 4795 4692 4796
f 4797 4798 4799
f 4800 4652 4685
f 4652 4801 4650
f 4698 4699 4700
f 4699 4698 4701
f 4702 4703 4704
f 4703 4702 4705
f 4706 4707 4708
f 4707 4706 4709
f 4710 4711 4712
f 4711 4710 4713
f 4802 4803 4804
f 4805 4806 4807
f 4714 4715 4716
f 4715 4714 4717
f 4808 4718 4809
f 4718 4810 4719
f 4811 4812 4813
f 4814 4815 4816
f 4817 4818 4819
f 4820 4821 4822
f 4823 4824 4825
f 4826 4827 4828
f 4720 4829 4721
f 4830 4720 4831
f 4832 4833 4834
f 4835 4836 4837
o Dust_II_Group_167
v -86.709558 13.046039 -82.079026
v -85.978726 12.252321 -82.304033
v -86.709558 12.252321 -82.079026
v -85.978726 13.046039 -82.304033
v -85.236592 13.046039 -79.527766
v -85.978726 12.252321 -79.302751
v -85.236592 12.252321 -79.527766
v -85.978726 13.046039 -79.302751
v -87.446045 13.046039 -80.803396
v -87.278313 12.252321 -80.053074
v -87.278313 13.046039 -80.053074
v -87.446045 12.252321 -80.803396
v -86.709558 12.252321 -79.527766
v -86.709558 13.046039 -79.527766
v -84.679131 12.252321 -81.553718
v -84.500105 13.046039 -80.803396
v -84.500105 12.252321 -80.803396
v -84.679131 13.046039 -81.553718
v -87.278313 13.046039 -81.553718
v -86.939509 13.046039 -80.803396
v -86.829551 13.046039 -80.311516
v -86.456704 13.046039 -79.967153
v -85.977612 13.046039 -79.819651
v -85.491123 13.046039 -79.967153
v -85.125681 13.046039 -80.311516
v -84.679131 13.046039 -80.053074
v -85.008318 13.046039 -80.803396
v -86.829551 13.046039 -81.295269
v -86.456704 13.046039 -81.639639
v -85.977612 13.046039 -81.787141
v -85.236592 13.046039 -82.079026
v -85.491123 13.046039 -81.639639
v -85.125681 13.046039 -81.295269
v -85.236592 12.252321 -82.079026
v -84.679131 12.252321 -80.053074
v -87.278313 12.252321 -81.553718
v -86.939509 12.252321 -80.803396
v -86.829551 12.252321 -81.295269
v -86.456704 12.252321 -81.639639
v -85.977612 12.252321 -81.787141
v -85.491123 12.252321 -81.639639
v -85.125681 12.252321 -81.295269
v -85.008318 12.252321 -80.803396
v -86.829551 12.252321 -80.311516
v -86.456704 12.252321 -79.967153
v -85.977612 12.252321 -79.819651
v -85.491123 12.252321 -79.967153
v -85.125681 12.252321 -80.311516
v -86.456704 13.046039 -79.967153
v -85.977612 12.252321 -79.819651
v -86.456704 12.252321 -79.967153
v -85.977612 13.046039 -79.819651
v -86.829551 12.252321 -80.311516
v -86.939509 13.046039 -80.803396
v -86.829551 13.046039 -80.311516
v -86.939509 12.252321 -80.803396
v -85.977612 13.046039 -81.787141
v -86.456704 12.252321 -81.639639
v -85.977612 12.252321 -81.787141
v -86.456704 13.046039 -81.639639
v -85.125681 13.046039 -81.295269
v -85.491123 12.252321 -81.639639
v -85.125681 12.252321 -81.295269
v -85.491123 13.046039 -81.639639
v -85.008318 13.046039 -80.803396
v -85.125681 12.252321 -80.311516
v -85.125681 13.046039 -80.311516
v -85.008318 12.252321 -80.803396
v -86.829551 12.252321 -81.295269
v -86.829551 13.046039 -81.295269
v -85.491123 13.046039 -79.967153
v -85.491123 12.252321 -79.967153
v -87.278313 13.046039 -80.053074
v -87.446045 13.046039 -80.803396
v -87.278313 13.046039 -80.053074
v -86.709558 13.046039 -79.527766
v -86.709558 13.046039 -79.527766
v -86.709558 13.046039 -79.527766
v -86.709558 13.046039 -79.527766
v -86.709558 13.046039 -79.527766
v -85.978726 13.046039 -79.302751
v -85.978726 13.046039 -79.302751
v -85.978726 13.046039 -79.302751
v -85.236592 13.046039 -79.527766
v -85.236592 13.046039 -79.527766
v -85.236592 13.046039 -79.527766
v -85.236592 13.046039 -79.527766
v -86.709558 13.046039 -82.079026
v -86.709558 13.046039 -82.079026
v -86.709558 13.046039 -82.079026
v -86.709558 13.046039 -82.079026
v -85.978726 13.046039 -82.304033
v -85.978726 13.046039 -82.304033
v -85.978726 13.046039 -82.304033
v -84.679131 13.046039 -81.553718
v -84.679131 13.046039 -81.553718
v -84.679131 13.046039 -81.553718
v -84.679131 13.046039 -81.553718
v -84.500105 13.046039 -80.803396
v -85.236592 13.046039 -82.079026
v -85.236592 13.046039 -82.079026
v -85.236592 13.046039 -82.079026
v -84.500105 12.252321 -80.803396
v -84.679131 13.046039 -80.053074
v -84.679131 13.046039 -80.053074
v -84.500105 12.252321 -80.803396
v -84.500105 13.046039 -80.803396
v -87.278313 13.046039 -81.553718
v -87.278313 13.046039 -81.553718
v -84.679131 13.046039 -80.053074
v -84.679131 13.046039 -80.053074
v -87.278313 12.252321 -81.553718
v -87.278313 12.252321 -80.053074
v -87.446045 12.252321 -80.803396
v -87.278313 12.252321 -80.053074
v -87.278313 12.252321 -81.553718
v -86.709558 12.252321 -82.079026
v -87.278313 12.252321 -80.053074
v -86.709558 12.252321 -82.079026
v -86.709558 12.252321 -82.079026
v -86.709558 12.252321 -82.079026
v -86.709558 12.252321 -82.079026
v -85.978726 12.252321 -82.304033
v -85.978726 12.252321 -82.304033
v -85.978726 12.252321 -82.304033
v -85.236592 12.252321 -82.079026
v -85.236592 12.252321 -82.079026
v -85.236592 12.252321 -82.079026
v -85.236592 12.252321 -82.079026
v -84.679131 12.252321 -81.553718
v -84.679131 12.252321 -81.553718
v -86.709558 12.252321 -79.527766
v -87.278313 12.252321 -80.053074
v -86.709558 12.252321 -79.527766
v -86.709558 12.252321 -79.527766
v -86.709558 12.252321 -79.527766
v -85.978726 12.252321 -79.302751
v -85.978726 12.252321 -79.302751
v -85.978726 12.252321 -79.302751
v -85.236592 12.252321 -79.527766
v -85.236592 12.252321 -79.527766
v -85.236592 12.252321 -79.527766
v -85.236592 12.252321 -79.527766
v -84.679131 12.252321 -80.053074
v -84.679131 12.252321 -80.053074
v -84.679131 12.252321 -80.053074
v -84.679131 12.252321 -81.553718
v -84.679131 12.252321 -80.053074
v -84.679131 12.252321 -81.553718
v -84.500105 12.252321 -80.803396
v -87.278313 13.046039 -81.553718
v -87.278313 13.046039 -81.553718
v -85.491123 13.046039 -81.639639
v -85.977612 12.252321 -81.787141
v -85.491123 12.252321 -81.639639
v -85.977612 12.252321 -81.787141
v -85.491123 13.046039 -81.639639
v -85.977612 13.046039 -81.787141
v -86.456704 13.046039 -81.639639
v -86.456704 12.252321 -81.639639
v -86.456704 13.046039 -81.639639
v -86.829551 13.046039 -80.311516
v -86.456704 12.252321 -79.967153
v -86.829551 12.252321 -80.311516
v -86.456704 12.252321 -79.967153
v -86.829551 13.046039 -80.311516
v -86.456704 13.046039 -79.967153
v -85.125681 13.046039 -81.295269
v -85.008318 12.252321 -80.803396
v -85.008318 13.046039 -80.803396
v -85.008318 12.252321 -80.803396
v -85.125681 13.046039 -81.295269
v -85.125681 12.252321 -81.295269
v -86.829551 12.252321 -81.295269
v -86.939509 13.046039 -80.803396
v -86.939509 12.252321 -80.803396
v -86.939509 13.046039 -80.803396
v -86.829551 12.252321 -81.295269
v -86.829551 13.046039 -81.295269
v -85.125681 12.252321 -80.311516
v -85.125681 12.252321 -80.311516
v -85.125681 13.046039 -80.311516
v -85.977612 13.046039 -79.819651
v -85.491123 12.252321 -79.967153
v -85.977612 12.252321 -79.819651
v -85.491123 12.252321 -79.967153
v -85.977612 13.046039 -79.819651
v -85.491123 13.046039 -79.967153
f 4838 4839 4840
f 4839 4838 4841
f 4842 4843 4844
f 4843 4842 4845
f 4846 4847 4848
f 4847 4846 4849
f 4845 4850 4843
f 4850 4845 4851
f 4852 4853 4854
f 4853 4852 4855
f 4851 4847 4850
f 4847 4851 4848
f 4910 4856 4911
f 4856 4912 4913
f 4856 4914 4857
f 4857 4915 4858
f 4858 4916 4859
f 4859 4917 4918
f 4859 4919 4860
f 4860 4920 4921
f 4860 4922 4861
f 4861 4923 4862
f 4862 4924 4863
f 4862 4863 4864
f 4857 4925 4856
f 4926 4857 4865
f 4927 4865 4866
f 4928 4866 4929
f 4930 4866 4867
f 4931 4867 4868
f 4868 4867 4869
f 4868 4869 4870
f 4868 4870 4932
f 4933 4870 4864
f 4934 4864 4863
f 4935 4863 4936
f 4937 4852 4871
f 4852 4938 4855
f 4841 4871 4839
f 4871 4841 4939
f 4940 4941 4872
f 4942 4943 4944
f 4945 4849 4846
f 4849 4946 4873
f 4947 4844 4872
f 4844 4948 4842
f 4949 4950 4951
f 4952 4953 4954
f 4955 4956 4874
f 4874 4957 4875
f 4875 4958 4876
f 4876 4959 4960
f 4876 4961 4877
f 4877 4962 4963
f 4877 4964 4878
f 4878 4965 4879
f 4879 4966 4967
f 4879 4968 4880
f 4874 4969 4970
f 4971 4874 4881
f 4972 4881 4882
f 4973 4882 4974
f 4975 4882 4883
f 4976 4883 4977
f 4978 4883 4884
f 4979 4884 4885
f 4980 4885 4981
f 4982 4885 4880
f 4983 4880 4984
f 4985 4986 4987
f 4988 4840 4873
f 4840 4989 4838
f 4886 4887 4888
f 4887 4886 4889
f 4890 4891 4892
f 4891 4890 4893
f 4894 4895 4896
f 4895 4894 4897
f 4898 4899 4900
f 4899 4898 4901
f 4990 4991 4992
f 4993 4994 4995
f 4902 4903 4904
f 4903 4902 4905
f 4996 4906 4997
f 4906 4998 4907
f 4999 5000 5001
f 5002 5003 5004
f 5005 5006 5007
f 5008 5009 5010
f 5011 5012 5013
f 5014 5015 5016
f 4908 5017 4909
f 5018 4908 5019
f 5020 5021 5022
f 5023 5024 5025
o Dust_II_Group_166
v -92.300896 15.021948 -85.896233
v -91.570063 14.228231 -86.121240
v -92.300896 14.228231 -85.896233
v -91.570063 15.021948 -86.121240
v -90.827930 15.021948 -83.344973
v -91.570063 14.228231 -83.119958
v -90.827930 14.228231 -83.344973
v -91.570063 15.021948 -83.119958
v -93.037383 15.021948 -84.620603
v -92.869651 14.228231 -83.870281
v -92.869651 15.021948 -83.870281
v -93.037383 14.228231 -84.620603
v -92.300896 14.228231 -83.344973
v -92.300896 15.021948 -83.344973
v -90.270469 14.228231 -85.370925
v -90.091443 15.021948 -84.620603
v -90.091443 14.228231 -84.620603
v -90.270469 15.021948 -85.370925
v -92.869651 15.021948 -85.370925
v -92.530847 15.021948 -84.620603
v -92.420889 15.021948 -84.128723
v -92.048042 15.021948 -83.784360
v -91.568950 15.021948 -83.636858
v -91.082461 15.021948 -83.784360
v -90.717019 15.021948 -84.128723
v -90.270469 15.021948 -83.870281
v -90.599656 15.021948 -84.620603
v -92.420889 15.021948 -85.112476
v -92.048042 15.021948 -85.456846
v -91.568950 15.021948 -85.604348
v -90.827930 15.021948 -85.896233
v -91.082461 15.021948 -85.456846
v -90.717019 15.021948 -85.112476
v -90.827930 14.228231 -85.896233
v -90.270469 14.228231 -83.870281
v -92.869651 14.228231 -85.370925
v -92.530847 14.228231 -84.620603
v -92.420889 14.228231 -85.112476
v -92.048042 14.228231 -85.456846
v -91.568950 14.228231 -85.604348
v -91.082461 14.228231 -85.456846
v -90.717019 14.228231 -85.112476
v -90.599656 14.228231 -84.620603
v -92.420889 14.228231 -84.128723
v -92.048042 14.228231 -83.784360
v -91.568950 14.228231 -83.636858
v -91.082461 14.228231 -83.784360
v -90.717019 14.228231 -84.128723
v -92.048042 15.021948 -83.784360
v -91.568950 14.228231 -83.636858
v -92.048042 14.228231 -83.784360
v -91.568950 15.021948 -83.636858
v -92.420889 14.228231 -84.128723
v -92.530847 15.021948 -84.620603
v -92.420889 15.021948 -84.128723
v -92.530847 14.228231 -84.620603
v -91.568950 15.021948 -85.604348
v -92.048042 14.228231 -85.456846
v -91.568950 14.228231 -85.604348
v -92.048042 15.021948 -85.456846
v -90.717019 15.021948 -85.112476
v -91.082461 14.228231 -85.456846
v -90.717019 14.228231 -85.112476
v -91.082461 15.021948 -85.456846
v -90.599656 15.021948 -84.620603
v -90.717019 14.228231 -84.128723
v -90.717019 15.021948 -84.128723
v -90.599656 14.228231 -84.620603
v -92.420889 14.228231 -85.112476
v -92.420889 15.021948 -85.112476
v -91.082461 15.021948 -83.784360
v -91.082461 14.228231 -83.784360
v -92.869651 15.021948 -83.870281
v -93.037383 15.021948 -84.620603
v -92.869651 15.021948 -83.870281
v -92.300896 15.021948 -83.344973
v -92.300896 15.021948 -83.344973
v -92.300896 15.021948 -83.344973
v -92.300896 15.021948 -83.344973
v -92.300896 15.021948 -83.344973
v -91.570063 15.021948 -83.119958
v -91.570063 15.021948 -83.119958
v -91.570063 15.021948 -83.119958
v -90.827930 15.021948 -83.344973
v -90.827930 15.021948 -83.344973
v -90.827930 15.021948 -83.344973
v -90.827930 15.021948 -83.344973
v -92.300896 15.021948 -85.896233
v -92.300896 15.021948 -85.896233
v -92.300896 15.021948 -85.896233
v -92.300896 15.021948 -85.896233
v -91.570063 15.021948 -86.121240
v -91.570063 15.021948 -86.121240
v -91.570063 15.021948 -86.121240
v -90.270469 15.021948 -85.370925
v -90.270469 15.021948 -85.370925
v -90.270469 15.021948 -85.370925
v -90.270469 15.021948 -85.370925
v -90.091443 15.021948 -84.620603
v -90.827930 15.021948 -85.896233
v -90.827930 15.021948 -85.896233
v -90.827930 15.021948 -85.896233
v -90.091443 14.228231 -84.620603
v -90.270469 15.021948 -83.870281
v -90.270469 15.021948 -83.870281
v -90.091443 14.228231 -84.620603
v -90.091443 15.021948 -84.620603
v -92.869651 15.021948 -85.370925
v -92.869651 15.021948 -85.370925
v -90.270469 15.021948 -83.870281
v -90.270469 15.021948 -83.870281
v -92.869651 14.228231 -85.370925
v -92.869651 14.228231 -83.870281
v -93.037383 14.228231 -84.620603
v -92.869651 14.228231 -83.870281
v -92.869651 14.228231 -85.370925
v -92.300896 14.228231 -85.896233
v -92.869651 14.228231 -83.870281
v -92.300896 14.228231 -85.896233
v -92.300896 14.228231 -85.896233
v -92.300896 14.228231 -85.896233
v -92.300896 14.228231 -85.896233
v -91.570063 14.228231 -86.121240
v -91.570063 14.228231 -86.121240
v -91.570063 14.228231 -86.121240
v -90.827930 14.228231 -85.896233
v -90.827930 14.228231 -85.896233
v -90.827930 14.228231 -85.896233
v -90.827930 14.228231 -85.896233
v -90.270469 14.228231 -85.370925
v -90.270469 14.228231 -85.370925
v -92.300896 14.228231 -83.344973
v -92.869651 14.228231 -83.870281
v -92.300896 14.228231 -83.344973
v -92.300896 14.228231 -83.344973
v -92.300896 14.228231 -83.344973
v -91.570063 14.228231 -83.119958
v -91.570063 14.228231 -83.119958
v -91.570063 14.228231 -83.119958
v -90.827930 14.228231 -83.344973
v -90.827930 14.228231 -83.344973
v -90.827930 14.228231 -83.344973
v -90.827930 14.228231 -83.344973
v -90.270469 14.228231 -83.870281
v -90.270469 14.228231 -83.870281
v -90.270469 14.228231 -83.870281
v -90.270469 14.228231 -85.370925
v -90.270469 14.228231 -83.870281
v -90.270469 14.228231 -85.370925
v -90.091443 14.228231 -84.620603
v -92.869651 15.021948 -85.370925
v -92.869651 15.021948 -85.370925
v -91.082461 15.021948 -85.456846
v -91.568950 14.228231 -85.604348
v -91.082461 14.228231 -85.456846
v -91.568950 14.228231 -85.604348
v -91.082461 15.021948 -85.456846
v -91.568950 15.021948 -85.604348
v -92.048042 15.021948 -85.456846
v -92.048042 14.228231 -85.456846
v -92.048042 15.021948 -85.456846
v -92.420889 15.021948 -84.128723
v -92.048042 14.228231 -83.784360
v -92.420889 14.228231 -84.128723
v -92.048042 14.228231 -83.784360
v -92.420889 15.021948 -84.128723
v -92.048042 15.021948 -83.784360
v -90.717019 15.021948 -85.112476
v -90.599656 14.228231 -84.620603
v -90.599656 15.021948 -84.620603
v -90.599656 14.228231 -84.620603
v -90.717019 15.021948 -85.112476
v -90.717019 14.228231 -85.112476
v -92.420889 14.228231 -85.112476
v -92.530847 15.021948 -84.620603
v -92.530847 14.228231 -84.620603
v -92.530847 15.021948 -84.620603
v -92.420889 14.228231 -85.112476
v -92.420889 15.021948 -85.112476
v -90.717019 14.228231 -84.128723
v -90.717019 14.228231 -84.128723
v -90.717019 15.021948 -84.128723
v -91.568950 15.021948 -83.636858
v -91.082461 14.228231 -83.784360
v -91.568950 14.228231 -83.636858
v -91.082461 14.228231 -83.784360
v -91.568950 15.021948 -83.636858
v -91.082461 15.021948 -83.784360
f 5026 5027 5028
f 5027 5026 5029
f 5030 5031 5032
f 5031 5030 5033
f 5034 5035 5036
f 5035 5034 5037
f 5033 5038 5031
f 5038 5033 5039
f 5040 5041 5042
f 5041 5040 5043
f 5039 5035 5038
f 5035 5039 5036
f 5098 5044 5099
f 5044 5100 5101
f 5044 5102 5045
f 5045 5103 5046
f 5046 5104 5047
f 5047 5105 5106
f 5047 5107 5048
f 5048 5108 5109
f 5048 5110 5049
f 5049 5111 5050
f 5050 5112 5051
f 5050 5051 5052
f 5045 5113 5044
f 5114 5045 5053
f 5115 5053 5054
f 5116 5054 5117
f 5118 5054 5055
f 5119 5055 5056
f 5056 5055 5057
f 5056 5057 5058
f 5056 5058 5120
f 5121 5058 5052
f 5122 5052 5051
f 5123 5051 5124
f 5125 5040 5059
f 5040 5126 5043
f 5029 5059 5027
f 5059 5029 5127
f 5128 5129 5060
f 5130 5131 5132
f 5133 5037 5034
f 5037 5134 5061
f 5135 5032 5060
f 5032 5136 5030
f 5137 5138 5139
f 5140 5141 5142
f 5143 5144 5062
f 5062 5145 5063
f 5063 5146 5064
f 5064 5147 5148
f 5064 5149 5065
f 5065 5150 5151
f 5065 5152 5066
f 5066 5153 5067
f 5067 5154 5155
f 5067 5156 5068
f 5062 5157 5158
f 5159 5062 5069
f 5160 5069 5070
f 5161 5070 5162
f 5163 5070 5071
f 5164 5071 5165
f 5166 5071 5072
f 5167 5072 5073
f 5168 5073 5169
f 5170 5073 5068
f 5171 5068 5172
f 5173 5174 5175
f 5176 5028 5061
f 5028 5177 5026
f 5074 5075 5076
f 5075 5074 5077
f 5078 5079 5080
f 5079 5078 5081
f 5082 5083 5084
f 5083 5082 5085
f 5086 5087 5088
f 5087 5086 5089
f 5178 5179 5180
f 5181 5182 5183
f 5090 5091 5092
f 5091 5090 5093
f 5184 5094 5185
f 5094 5186 5095
f 5187 5188 5189
f 5190 5191 5192
f 5193 5194 5195
f 5196 5197 5198
f 5199 5200 5201
f 5202 5203 5204
f 5096 5205 5097
f 5206 5096 5207
f 5208 5209 5210
f 5211 5212 5213
o Dust_II_Group_165
v -94.196550 13.046039 -38.235846
v -93.465718 12.252321 -38.460861
v -94.196550 12.252321 -38.235846
v -93.465718 13.046039 -38.460861
v -92.723584 13.046039 -35.684590
v -93.465718 12.252321 -35.459575
v -92.723584 12.252321 -35.684590
v -93.465718 13.046039 -35.459575
v -94.933037 13.046039 -36.960216
v -94.765305 12.252321 -36.209897
v -94.765305 13.046039 -36.209897
v -94.933037 12.252321 -36.960216
v -94.196550 12.252321 -35.684590
v -94.196550 13.046039 -35.684590
v -92.166123 12.252321 -37.710538
v -91.987097 13.046039 -36.960216
v -91.987097 12.252321 -36.960216
v -92.166123 13.046039 -37.710538
v -94.765305 13.046039 -37.710538
v -94.426501 13.046039 -36.960216
v -94.316543 13.046039 -36.468340
v -93.943696 13.046039 -36.123977
v -93.464604 13.046039 -35.976471
v -92.978115 13.046039 -36.123977
v -92.612673 13.046039 -36.468340
v -92.166123 13.046039 -36.209897
v -92.495310 13.046039 -36.960216
v -94.316543 13.046039 -37.452096
v -93.943696 13.046039 -37.796459
v -93.464604 13.046039 -37.943965
v -92.723584 13.046039 -38.235846
v -92.978115 13.046039 -37.796459
v -92.612673 13.046039 -37.452096
v -92.723584 12.252321 -38.235846
v -92.166123 12.252321 -36.209897
v -94.765305 12.252321 -37.710538
v -94.426501 12.252321 -36.960216
v -94.316543 12.252321 -37.452096
v -93.943696 12.252321 -37.796459
v -93.464604 12.252321 -37.943965
v -92.978115 12.252321 -37.796459
v -92.612673 12.252321 -37.452096
v -92.495310 12.252321 -36.960216
v -94.316543 12.252321 -36.468340
v -93.943696 12.252321 -36.123977
v -93.464604 12.252321 -35.976471
v -92.978115 12.252321 -36.123977
v -92.612673 12.252321 -36.468340
v -93.943696 13.046039 -36.123977
v -93.464604 12.252321 -35.976471
v -93.943696 12.252321 -36.123977
v -93.464604 13.046039 -35.976471
v -94.316543 12.252321 -36.468340
v -94.426501 13.046039 -36.960216
v -94.316543 13.046039 -36.468340
v -94.426501 12.252321 -36.960216
v -93.464604 13.046039 -37.943965
v -93.943696 12.252321 -37.796459
v -93.464604 12.252321 -37.943965
v -93.943696 13.046039 -37.796459
v -92.612673 13.046039 -37.452096
v -92.978115 12.252321 -37.796459
v -92.612673 12.252321 -37.452096
v -92.978115 13.046039 -37.796459
v -92.495310 13.046039 -36.960216
v -92.612673 12.252321 -36.468340
v -92.612673 13.046039 -36.468340
v -92.495310 12.252321 -36.960216
v -94.316543 12.252321 -37.452096
v -94.316543 13.046039 -37.452096
v -92.978115 13.046039 -36.123977
v -92.978115 12.252321 -36.123977
v -94.765305 13.046039 -36.209897
v -94.933037 13.046039 -36.960216
v -94.765305 13.046039 -36.209897
v -94.196550 13.046039 -35.684590
v -94.196550 13.046039 -35.684590
v -94.196550 13.046039 -35.684590
v -94.196550 13.046039 -35.684590
v -94.196550 13.046039 -35.684590
v -93.465718 13.046039 -35.459575
v -93.465718 13.046039 -35.459575
v -93.465718 13.046039 -35.459575
v -92.723584 13.046039 -35.684590
v -92.723584 13.046039 -35.684590
v -92.723584 13.046039 -35.684590
v -92.723584 13.046039 -35.684590
v -94.196550 13.046039 -38.235846
v -94.196550 13.046039 -38.235846
v -94.196550 13.046039 -38.235846
v -94.196550 13.046039 -38.235846
v -93.465718 13.046039 -38.460861
v -93.465718 13.046039 -38.460861
v -93.465718 13.046039 -38.460861
v -92.166123 13.046039 -37.710538
v -92.166123 13.046039 -37.710538
v -92.166123 13.046039 -37.710538
v -92.166123 13.046039 -37.710538
v -91.987097 13.046039 -36.960216
v -92.723584 13.046039 -38.235846
v -92.723584 13.046039 -38.235846
v -92.723584 13.046039 -38.235846
v -91.987097 12.252321 -36.960216
v -92.166123 13.046039 -36.209897
v -92.166123 13.046039 -36.209897
v -91.987097 12.252321 -36.960216
v -91.987097 13.046039 -36.960216
v -94.765305 13.046039 -37.710538
v -94.765305 13.046039 -37.710538
v -92.166123 13.046039 -36.209897
v -92.166123 13.046039 -36.209897
v -94.765305 12.252321 -37.710538
v -94.765305 12.252321 -36.209897
v -94.933037 12.252321 -36.960216
v -94.765305 12.252321 -36.209897
v -94.765305 12.252321 -37.710538
v -94.196550 12.252321 -38.235846
v -94.765305 12.252321 -36.209897
v -94.196550 12.252321 -38.235846
v -94.196550 12.252321 -38.235846
v -94.196550 12.252321 -38.235846
v -94.196550 12.252321 -38.235846
v -93.465718 12.252321 -38.460861
v -93.465718 12.252321 -38.460861
v -93.465718 12.252321 -38.460861
v -92.723584 12.252321 -38.235846
v -92.723584 12.252321 -38.235846
v -92.723584 12.252321 -38.235846
v -92.723584 12.252321 -38.235846
v -92.166123 12.252321 -37.710538
v -92.166123 12.252321 -37.710538
v -94.196550 12.252321 -35.684590
v -94.765305 12.252321 -36.209897
v -94.196550 12.252321 -35.684590
v -94.196550 12.252321 -35.684590
v -94.196550 12.252321 -35.684590
v -93.465718 12.252321 -35.459575
v -93.465718 12.252321 -35.459575
v -93.465718 12.252321 -35.459575
v -92.723584 12.252321 -35.684590
v -92.723584 12.252321 -35.684590
v -92.723584 12.252321 -35.684590
v -92.723584 12.252321 -35.684590
v -92.166123 12.252321 -36.209897
v -92.166123 12.252321 -36.209897
v -92.166123 12.252321 -36.209897
v -92.166123 12.252321 -37.710538
v -92.166123 12.252321 -36.209897
v -92.166123 12.252321 -37.710538
v -91.987097 12.252321 -36.960216
v -94.765305 13.046039 -37.710538
v -94.765305 13.046039 -37.710538
v -92.978115 13.046039 -37.796459
v -93.464604 12.252321 -37.943965
v -92.978115 12.252321 -37.796459
v -93.464604 12.252321 -37.943965
v -92.978115 13.046039 -37.796459
v -93.464604 13.046039 -37.943965
v -93.943696 13.046039 -37.796459
v -93.943696 12.252321 -37.796459
v -93.943696 13.046039 -37.796459
v -94.316543 13.046039 -36.468340
v -93.943696 12.252321 -36.123977
v -94.316543 12.252321 -36.468340
v -93.943696 12.252321 -36.123977
v -94.316543 13.046039 -36.468340
v -93.943696 13.046039 -36.123977
v -92.612673 13.046039 -37.452096
v -92.495310 12.252321 -36.960216
v -92.495310 13.046039 -36.960216
v -92.495310 12.252321 -36.960216
v -92.612673 13.046039 -37.452096
v -92.612673 12.252321 -37.452096
v -94.316543 12.252321 -37.452096
v -94.426501 13.046039 -36.960216
v -94.426501 12.252321 -36.960216
v -94.426501 13.046039 -36.960216
v -94.316543 12.252321 -37.452096
v -94.316543 13.046039 -37.452096
v -92.612673 12.252321 -36.468340
v -92.612673 12.252321 -36.468340
v -92.612673 13.046039 -36.468340
v -93.464604 13.046039 -35.976471
v -92.978115 12.252321 -36.123977
v -93.464604 12.252321 -35.976471
v -92.978115 12.252321 -36.123977
v -93.464604 13.046039 -35.976471
v -92.978115 13.046039 -36.123977
f 5214 5215 5216
f 5215 5214 5217
f 5218 5219 5220
f 5219 5218 5221
f 5222 5223 5224
f 5223 5222 5225
f 5221 5226 5219
f 5226 5221 5227
f 5228 5229 5230
f 5229 5228 5231
f 5227 5223 5226
f 5223 5227 5224
f 5286 5232 5287
f 5232 5288 5289
f 5232 5290 5233
f 5233 5291 5234
f 5234 5292 5235
f 5235 5293 5294
f 5235 5295 5236
f 5236 5296 5297
f 5236 5298 5237
f 5237 5299 5238
f 5238 5300 5239
f 5238 5239 5240
f 5233 5301 5232
f 5302 5233 5241
f 5303 5241 5242
f 5304 5242 5305
f 5306 5242 5243
f 5307 5243 5244
f 5244 5243 5245
f 5244 5245 5246
f 5244 5246 5308
f 5309 5246 5240
f 5310 5240 5239
f 5311 5239 5312
f 5313 5228 5247
f 5228 5314 5231
f 5217 5247 5215
f 5247 5217 5315
f 5316 5317 5248
f 5318 5319 5320
f 5321 5225 5222
f 5225 5322 5249
f 5323 5220 5248
f 5220 5324 5218
f 5325 5326 5327
f 5328 5329 5330
f 5331 5332 5250
f 5250 5333 5251
f 5251 5334 5252
f 5252 5335 5336
f 5252 5337 5253
f 5253 5338 5339
f 5253 5340 5254
f 5254 5341 5255
f 5255 5342 5343
f 5255 5344 5256
f 5250 5345 5346
f 5347 5250 5257
f 5348 5257 5258
f 5349 5258 5350
f 5351 5258 5259
f 5352 5259 5353
f 5354 5259 5260
f 5355 5260 5261
f 5356 5261 5357
f 5358 5261 5256
f 5359 5256 5360
f 5361 5362 5363
f 5364 5216 5249
f 5216 5365 5214
f 5262 5263 5264
f 5263 5262 5265
f 5266 5267 5268
f 5267 5266 5269
f 5270 5271 5272
f 5271 5270 5273
f 5274 5275 5276
f 5275 5274 5277
f 5366 5367 5368
f 5369 5370 5371
f 5278 5279 5280
f 5279 5278 5281
f 5372 5282 5373
f 5282 5374 5283
f 5375 5376 5377
f 5378 5379 5380
f 5381 5382 5383
f 5384 5385 5386
f 5387 5388 5389
f 5390 5391 5392
f 5284 5393 5285
f 5394 5284 5395
f 5396 5397 5398
f 5399 5400 5401
o Dust_II_Group_164
v -75.490085 15.385400 36.383280
v -75.490085 15.385400 37.375408
v -75.599077 15.385400 36.903691
v -75.093896 15.385400 37.730003
v -75.136061 15.385400 36.053035
v -74.630880 15.385400 35.887219
v -74.630881 15.385400 37.871470
v -74.167865 15.385400 36.028686
v -74.125693 15.385400 37.705654
v -73.771669 15.385400 36.383281
v -73.771670 15.385400 37.375409
v -73.662678 15.385400 36.854997
v -73.662678 15.385400 36.854997
v -73.771670 18.493455 37.375409
v -73.771670 15.385400 37.375409
v -73.662678 18.493455 36.854997
v -73.771669 15.385400 36.383281
v -73.771669 18.493455 36.383281
v -74.125693 15.385400 37.705654
v -74.125693 18.493455 37.705654
v -75.599077 18.493455 36.903691
v -75.490085 15.385400 37.375408
v -75.490085 18.493455 37.375408
v -75.599077 15.385400 36.903691
v -75.490085 18.493455 36.383280
v -75.490085 15.385400 36.383280
v -75.136061 15.385400 36.053035
v -75.136061 18.493455 36.053035
v -74.630880 15.385400 35.887219
v -74.630880 18.493455 35.887219
v -74.167865 15.385400 36.028686
v -74.167865 18.493455 36.028686
v -74.630881 15.385400 37.871470
v -74.630881 18.493455 37.871470
v -75.093896 15.385400 37.730003
v -75.093896 18.493455 37.730003
v -75.490085 18.493455 37.375408
v -75.490085 18.493455 36.383280
v -75.599077 18.493455 36.903691
v -75.093896 18.493455 37.730003
v -75.136061 18.493455 36.053035
v -74.630880 18.493455 35.887219
v -74.630881 18.493455 37.871470
v -74.125693 18.493455 37.705654
v -74.167865 18.493455 36.028686
v -73.771669 18.493455 36.383281
v -73.771670 18.493455 37.375409
v -73.662678 18.493455 36.854997
v -75.599077 15.385400 36.903691
v -75.599077 18.493455 36.903691
v -75.599077 15.385400 36.903691
f 5402 5403 5404
f 5403 5402 5405
f 5405 5402 5406
f 5405 5406 5407
f 5405 5407 5408
f 5408 5407 5409
f 5408 5409 5410
f 5410 5409 5411
f 5410 5411 5412
f 5412 5411 5413
f 5414 5415 5416
f 5415 5414 5417
f 5418 5417 5414
f 5417 5418 5419
f 5415 5420 5416
f 5420 5415 5421
f 5422 5423 5424
f 5423 5422 5425
f 5426 5450 5451
f 5452 5426 5427
f 5426 5428 5427
f 5428 5426 5429
f 5429 5430 5428
f 5430 5429 5431
f 5431 5432 5430
f 5432 5431 5433
f 5433 5418 5432
f 5418 5433 5419
f 5421 5434 5420
f 5434 5421 5435
f 5435 5436 5434
f 5436 5435 5437
f 5437 5423 5436
f 5423 5437 5424
f 5438 5439 5440
f 5439 5438 5441
f 5439 5441 5442
f 5442 5441 5443
f 5443 5441 5444
f 5443 5444 5445
f 5443 5445 5446
f 5446 5445 5447
f 5447 5445 5448
f 5447 5448 5449
o Dust_II_Group_163
v -75.027077 15.385400 34.540492
v -75.027077 15.385400 35.532620
v -75.136069 15.385400 35.060903
v -74.630889 15.385400 35.887215
v -74.673053 15.385400 34.210247
v -74.167872 15.385400 34.044430
v -74.167874 15.385400 36.028682
v -73.704857 15.385400 34.185898
v -73.662685 15.385400 35.862866
v -73.308661 15.385400 34.540493
v -73.308662 15.385400 35.532621
v -73.199670 15.385400 35.012209
v -73.199670 15.385400 35.012209
v -73.308662 18.493455 35.532621
v -73.308662 15.385400 35.532621
v -73.199670 18.493455 35.012209
v -73.308661 15.385400 34.540493
v -73.308661 18.493455 34.540493
v -73.662685 15.385400 35.862866
v -73.662685 18.493455 35.862866
v -75.136069 18.493455 35.060903
v -75.027077 15.385400 35.532620
v -75.027077 18.493455 35.532620
v -75.136069 15.385400 35.060903
v -75.027077 18.493455 34.540492
v -75.027077 15.385400 34.540492
v -74.673053 15.385400 34.210247
v -74.673053 18.493455 34.210247
v -74.167872 15.385400 34.044430
v -74.167872 18.493455 34.044430
v -73.704857 15.385400 34.185898
v -73.704857 18.493455 34.185898
v -74.167874 15.385400 36.028682
v -74.167874 18.493455 36.028682
v -74.630889 15.385400 35.887215
v -74.630889 18.493455 35.887215
v -75.027077 18.493455 35.532620
v -75.027077 18.493455 34.540492
v -75.136069 18.493455 35.060903
v -74.630889 18.493455 35.887215
v -74.673053 18.493455 34.210247
v -74.167872 18.493455 34.044430
v -74.167874 18.493455 36.028682
v -73.662685 18.493455 35.862866
v -73.704857 18.493455 34.185898
v -73.308661 18.493455 34.540493
v -73.308662 18.493455 35.532621
v -73.199670 18.493455 35.012209
v -75.136069 15.385400 35.060903
v -75.136069 18.493455 35.060903
v -75.136069 15.385400 35.060903
f 5453 5454 5455
f 5454 5453 5456
f 5456 5453 5457
f 5456 5457 5458
f 5456 5458 5459
f 5459 5458 5460
f 5459 5460 5461
f 5461 5460 5462
f 5461 5462 5463
f 5463 5462 5464
f 5465 5466 5467
f 5466 5465 5468
f 5469 5468 5465
f 5468 5469 5470
f 5466 5471 5467
f 5471 5466 5472
f 5473 5474 5475
f 5474 5473 5476
f 5477 5501 5502
f 5503 5477 5478
f 5477 5479 5478
f 5479 5477 5480
f 5480 5481 5479
f 5481 5480 5482
f 5482 5483 5481
f 5483 5482 5484
f 5484 5469 5483
f 5469 5484 5470
f 5472 5485 5471
f 5485 5472 5486
f 5486 5487 5485
f 5487 5486 5488
f 5488 5474 5487
f 5474 5488 5475
f 5489 5490 5491
f 5490 5489 5492
f 5490 5492 5493
f 5493 5492 5494
f 5494 5492 5495
f 5494 5495 5496
f 5494 5496 5497
f 5497 5496 5498
f 5498 5496 5499
f 5498 5499 5500
o Dust_II_Group_162
v -76.882521 15.385400 35.105658
v -76.882522 15.385400 36.097786
v -76.991513 15.385400 35.626069
v -76.486333 15.385400 36.452381
v -76.528498 15.385400 34.775413
v -76.023317 15.385400 34.609596
v -76.023318 15.385400 36.593848
v -75.560302 15.385400 34.751064
v -75.518130 15.385400 36.428032
v -75.164106 15.385400 35.105659
v -75.164106 15.385400 36.097787
v -75.055114 15.385400 35.577375
v -75.055114 15.385400 35.577375
v -75.164106 18.493455 36.097787
v -75.164106 15.385400 36.097787
v -75.055114 18.493455 35.577375
v -75.164106 15.385400 35.105659
v -75.164106 18.493455 35.105659
v -75.518130 15.385400 36.428032
v -75.518130 18.493455 36.428032
v -76.991513 18.493455 35.626069
v -76.882522 15.385400 36.097786
v -76.882522 18.493455 36.097786
v -76.991513 15.385400 35.626069
v -76.882521 18.493455 35.105658
v -76.882521 15.385400 35.105658
v -76.528498 15.385400 34.775413
v -76.528498 18.493455 34.775413
v -76.023317 15.385400 34.609596
v -76.023317 18.493455 34.609596
v -75.560302 15.385400 34.751064
v -75.560302 18.493455 34.751064
v -76.023318 15.385400 36.593848
v -76.023318 18.493455 36.593848
v -76.486333 15.385400 36.452381
v -76.486333 18.493455 36.452381
v -76.882522 18.493455 36.097786
v -76.882521 18.493455 35.105658
v -76.991513 18.493455 35.626069
v -76.486333 18.493455 36.452381
v -76.528498 18.493455 34.775413
v -76.023317 18.493455 34.609596
v -76.023318 18.493455 36.593848
v -75.518130 18.493455 36.428032
v -75.560302 18.493455 34.751064
v -75.164106 18.493455 35.105659
v -75.164106 18.493455 36.097787
v -75.055114 18.493455 35.577375
v -76.991513 15.385400 35.626069
v -76.991513 18.493455 35.626069
v -76.991513 15.385400 35.626069
f 5504 5505 5506
f 5505 5504 5507
f 5507 5504 5508
f 5507 5508 5509
f 5507 5509 5510
f 5510 5509 5511
f 5510 5511 5512
f 5512 5511 5513
f 5512 5513 5514
f 5514 5513 5515
f 5516 5517 5518
f 5517 5516 5519
f 5520 5519 5516
f 5519 5520 5521
f 5517 5522 5518
f 5522 5517 5523
f 5524 5525 5526
f 5525 5524 5527
f 5528 5552 5553
f 5554 5528 5529
f 5528 5530 5529
f 5530 5528 5531
f 5531 5532 5530
f 5532 5531 5533
f 5533 5534 5532
f 5534 5533 5535
f 5535 5520 5534
f 5520 5535 5521
f 5523 5536 5522
f 5536 5523 5537
f 5537 5538 5536
f 5538 5537 5539
f 5539 5525 5538
f 5525 5539 5526
f 5540 5541 5542
f 5541 5540 5543
f 5541 5543 5544
f 5544 5543 5545
f 5545 5543 5546
f 5545 5546 5547
f 5545 5547 5548
f 5548 5547 5549
f 5549 5547 5550
f 5549 5550 5551
o Dust_II_Group_161
v -75.692277 18.493455 35.584830
v -75.692278 18.493455 36.576958
v -75.801269 18.493455 36.105242
v -75.296089 18.493455 36.931553
v -75.338253 18.493455 35.254585
v -74.833073 18.493455 35.088769
v -74.833074 18.493455 37.073021
v -74.370058 18.493455 35.230236
v -74.327886 18.493455 36.907204
v -73.973861 18.493455 35.584831
v -73.973862 18.493455 36.576959
v -73.864870 18.493455 36.056548
v -73.864870 18.493455 36.056548
v -73.973862 21.601509 36.576959
v -73.973862 18.493455 36.576959
v -73.864870 21.601509 36.056548
v -73.973861 18.493455 35.584831
v -73.973861 21.601509 35.584831
v -74.327886 18.493455 36.907204
v -74.327886 21.601509 36.907204
v -75.801269 21.601509 36.105242
v -75.692278 18.493455 36.576958
v -75.692278 21.601509 36.576958
v -75.801269 18.493455 36.105242
v -75.692277 21.601509 35.584830
v -75.692277 18.493455 35.584830
v -75.338253 18.493455 35.254585
v -75.338253 21.601509 35.254585
v -74.833073 18.493455 35.088769
v -74.833073 21.601509 35.088769
v -74.370058 18.493455 35.230236
v -74.370058 21.601509 35.230236
v -74.833074 18.493455 37.073021
v -74.833074 21.601509 37.073021
v -75.296089 18.493455 36.931553
v -75.296089 21.601509 36.931553
v -75.692278 21.601509 36.576958
v -75.692277 21.601509 35.584830
v -75.801269 21.601509 36.105242
v -75.296089 21.601509 36.931553
v -75.338253 21.601509 35.254585
v -74.833073 21.601509 35.088769
v -74.833074 21.601509 37.073021
v -74.327886 21.601509 36.907204
v -74.370058 21.601509 35.230236
v -73.973861 21.601509 35.584831
v -73.973862 21.601509 36.576959
v -73.864870 21.601509 36.056548
v -75.801269 18.493455 36.105242
v -75.801269 21.601509 36.105242
v -75.801269 18.493455 36.105242
f 5555 5556 5557
f 5556 5555 5558
f 5558 5555 5559
f 5558 5559 5560
f 5558 5560 5561
f 5561 5560 5562
f 5561 5562 5563
f 5563 5562 5564
f 5563 5564 5565
f 5565 5564 5566
f 5567 5568 5569
f 5568 5567 5570
f 5571 5570 5567
f 5570 5571 5572
f 5568 5573 5569
f 5573 5568 5574
f 5575 5576 5577
f 5576 5575 5578
f 5579 5603 5604
f 5605 5579 5580
f 5579 5581 5580
f 5581 5579 5582
f 5582 5583 5581
f 5583 5582 5584
f 5584 5585 5583
f 5585 5584 5586
f 5586 5571 5585
f 5571 5586 5572
f 5574 5587 5573
f 5587 5574 5588
f 5588 5589 5587
f 5589 5588 5590
f 5590 5576 5589
f 5576 5590 5577
f 5591 5592 5593
f 5592 5591 5594
f 5592 5594 5595
f 5595 5594 5596
f 5596 5594 5597
f 5596 5597 5598
f 5596 5598 5599
f 5599 5598 5600
f 5600 5598 5601
f 5600 5601 5602
o Dust_II_Group_160
v -105.641580 16.436708 31.377629
v -106.454678 16.436708 32.190727
v -106.454678 16.436708 31.377629
v -105.641580 16.436708 32.190727
v -105.641580 17.249806 32.190727
v -106.454678 17.249806 31.377629
v -106.454678 17.249806 32.190727
v -105.641580 17.249806 31.377629
v -106.454678 17.249806 31.377629
v -105.641580 16.436708 31.377629
v -106.454678 16.436708 31.377629
v -105.641580 17.249806 31.377629
v -106.454678 16.436708 32.190727
v -106.454678 17.249806 32.190727
v -105.641580 17.249806 32.190727
v -105.641580 16.436708 32.190727
v -106.454678 17.249806 31.377629
v -106.454678 17.249806 31.377629
v -106.454678 16.436708 31.377629
v -105.641580 16.436708 31.377629
v -105.641580 16.436708 31.377629
v -105.641580 17.249806 31.377629
v -105.641580 17.249806 32.190727
v -106.454678 16.436708 32.190727
v -105.641580 16.436708 32.190727
v -106.454678 16.436708 32.190727
v -105.641580 17.249806 32.190727
v -106.454678 17.249806 32.190727
f 5606 5607 5608
f 5607 5606 5609
f 5610 5611 5612
f 5611 5610 5613
f 5614 5615 5616
f 5615 5614 5617
f 5622 5618 5619
f 5618 5623 5624
f 5625 5620 5621
f 5620 5626 5627
f 5628 5629 5630
f 5631 5632 5633
o Dust_II_Group_159
v 25.782803 25.686835 -82.248384
v 25.782803 25.686835 -74.749724
v 25.782803 25.686835 -83.854980
v 7.999611 25.686835 -101.309487
v 11.797463 25.686835 -70.916455
v 5.000900 25.686835 -76.743853
v 9.975520 25.686835 -103.285393
v 19.855071 25.686835 -103.285393
v 11.797463 25.686835 -56.412517
v 25.782803 25.686835 -56.412517
v 23.806893 25.686835 -107.237219
v 25.782803 25.686835 -64.131812
v 25.782803 25.686835 -107.237219
v 25.782803 25.686835 -103.734910
v 25.782803 25.686835 -104.774663
v 25.782803 25.686835 -94.538621
v 25.782803 25.686835 -93.498867
v 25.782803 25.686835 -91.694209
v 25.782803 25.686835 -84.894734
v 25.782803 25.686835 -73.709978
v 25.782803 25.686835 -65.171565
v -30.583184 25.686835 -113.755481
v -10.143915 25.686835 -76.743853
v -30.583184 25.686835 -76.743853
v -17.048027 25.686835 -107.237219
v -17.048027 25.686835 -113.755481
v -13.096207 25.686835 -103.285393
v -9.783583 25.686835 -103.285393
v 3.841425 25.686835 -76.743853
v -7.807674 25.686835 -101.309487
f 5634 5635 5636
f 5637 5638 5639
f 5638 5637 5640
f 5638 5640 5641
f 5638 5641 5642
f 5642 5641 5643
f 5643 5641 5644
f 5643 5644 5645
f 5645 5644 5646
f 5645 5646 5647
f 5647 5646 5648
f 5645 5647 5649
f 5645 5649 5650
f 5645 5650 5651
f 5645 5651 5652
f 5645 5652 5636
f 5645 5636 5635
f 5645 5635 5653
f 5645 5653 5654
f 5655 5656 5657
f 5656 5655 5658
f 5658 5655 5659
f 5656 5658 5660
f 5656 5660 5661
f 5656 5661 5662
f 5662 5661 5663
f 5662 5663 5637
f 5662 5637 5639
o Dust_II_Group_158
v -64.437480 25.686835 -148.882039
v -94.976777 25.686835 -135.809685
v -94.976777 25.686835 -148.882039
v -82.126304 25.686835 -135.809685
v -78.978325 25.686835 -132.283044
v -78.978325 25.686835 -126.539246
v -64.437480 25.686835 -143.731897
v -64.437480 25.686835 -126.539246
v -78.978325 25.686835 -123.100232
v -78.056697 25.686835 -76.176284
v -71.405156 25.686835 -76.176284
v -66.668936 25.686835 -76.176284
v -61.932715 25.686835 -72.188452
v -30.681577 25.686835 -126.539246
v -61.932715 25.686835 -65.971560
v -49.648784 25.686835 -65.971560
v -30.681577 25.686835 -89.527610
v -78.978325 25.686835 -112.824646
v -82.126304 25.686835 -94.676477
v -82.126304 25.686835 -108.983855
v -82.126304 25.686835 -78.869202
v -82.126304 25.686835 -76.176284
f 5664 5665 5666
f 5665 5664 5667
f 5667 5664 5668
f 5668 5664 5669
f 5669 5664 5670
f 5671 5669 5670
f 5671 5672 5669
f 5672 5671 5673
f 5673 5671 5674
f 5674 5671 5675
f 5675 5671 5676
f 5676 5671 5677
f 5676 5677 5678
f 5678 5677 5679
f 5679 5677 5680
f 5681 5682 5683
f 5682 5681 5684
f 5684 5681 5685
f 5685 5681 5673
f 5673 5681 5672
o Dust_II_Group_157
v -79.943752 14.004316 -54.639260
v -79.464593 13.217212 -54.271589
v -79.626063 13.591450 -54.532870
v -79.534524 12.935896 -53.825859
v -80.318764 14.266326 -54.480783
v -80.706384 14.397876 -54.141443
v -79.748064 12.823660 -53.406098
v -80.919924 14.285640 -53.721681
v -80.135683 12.955210 -53.066758
v -80.989855 14.004316 -53.275951
v -80.510697 13.217212 -52.908280
v -80.828385 13.630085 -53.014671
v -80.828385 13.630085 -53.014671
v -82.466936 11.325146 -54.409357
v -80.510697 13.217212 -52.908280
v -82.784625 11.738020 -54.515747
v -80.989855 14.004316 -53.275951
v -82.946095 12.112258 -54.777028
v -80.135683 12.955210 -53.066758
v -82.091924 11.063144 -54.567834
v -81.582303 11.699385 -56.033946
v -79.464593 13.217212 -54.271589
v -81.420833 11.325146 -55.772665
v -79.626063 13.591450 -54.532870
v -81.899992 12.112258 -56.140336
v -79.943752 14.004316 -54.639260
v -80.318764 14.266326 -54.480783
v -82.275004 12.374260 -55.981859
v -80.706384 14.397876 -54.141443
v -82.662627 12.505810 -55.642521
v -80.919924 14.285640 -53.721681
v -82.876164 12.393574 -55.222758
v -79.748064 12.823660 -53.406098
v -81.704304 10.931594 -54.907174
v -79.534524 12.935896 -53.825859
v -81.490764 11.043830 -55.326935
v -81.420833 11.325146 -55.772665
v -81.899992 12.112258 -56.140336
v -81.582303 11.699385 -56.033946
v -81.490764 11.043830 -55.326935
v -82.275004 12.374260 -55.981859
v -82.662627 12.505810 -55.642521
v -81.704304 10.931594 -54.907174
v -82.091924 11.063144 -54.567834
v -82.876164 12.393574 -55.222758
v -82.946095 12.112258 -54.777028
v -82.466936 11.325146 -54.409357
v -82.784625 11.738020 -54.515747
v -79.626063 13.591450 -54.532870
v -81.582303 11.699385 -56.033946
v -79.626063 13.591450 -54.532870
f 5686 5687 5688
f 5687 5686 5689
f 5689 5686 5690
f 5689 5690 5691
f 5689 5691 5692
f 5692 5691 5693
f 5692 5693 5694
f 5694 5693 5695
f 5694 5695 5696
f 5696 5695 5697
f 5698 5699 5700
f 5699 5698 5701
f 5702 5701 5698
f 5701 5702 5703
f 5699 5704 5700
f 5704 5699 5705
f 5706 5707 5708
f 5707 5706 5709
f 5710 5734 5735
f 5736 5710 5711
f 5710 5712 5711
f 5712 5710 5713
f 5713 5714 5712
f 5714 5713 5715
f 5715 5716 5714
f 5716 5715 5717
f 5717 5702 5716
f 5702 5717 5703
f 5705 5718 5704
f 5718 5705 5719
f 5719 5720 5718
f 5720 5719 5721
f 5721 5707 5720
f 5707 5721 5708
f 5722 5723 5724
f 5723 5722 5725
f 5723 5725 5726
f 5726 5725 5727
f 5727 5725 5728
f 5727 5728 5729
f 5727 5729 5730
f 5730 5729 5731
f 5731 5729 5732
f 5731 5732 5733
o Dust_II_Group_156
v -15.117154 27.662747 102.694087
v -15.117154 39.518210 106.645906
v -15.117154 27.662747 106.645906
v -15.117154 39.518210 102.694087
v -15.117154 37.542297 102.694087
v -17.093064 39.518210 102.694087
v -17.093064 39.518210 106.645906
f 5737 5738 5739
f 5738 5737 5740
f 5740 5737 5741
f 5738 5742 5743
f 5742 5738 5740
o Dust_II_Group_155
v -39.555124 7.462778 -9.636312
v -40.593369 7.462778 -8.598067
v -40.593369 7.462778 -9.636312
v -39.555124 7.462778 -8.598067
v -39.555124 8.501023 -8.598067
v -40.593369 8.501023 -9.636312
v -40.593369 8.501023 -8.598067
v -39.555124 8.501023 -9.636312
v -40.593369 8.501023 -9.636312
v -39.555124 7.462778 -9.636312
v -40.593369 7.462778 -9.636312
v -39.555124 8.501023 -9.636312
v -40.593369 7.462778 -8.598067
v -40.593369 8.501023 -8.598067
v -39.555124 8.501023 -8.598067
v -39.555124 7.462778 -8.598067
v -40.593369 8.501023 -9.636312
v -40.593369 8.501023 -9.636312
v -40.593369 7.462778 -9.636312
v -39.555124 7.462778 -9.636312
v -39.555124 7.462778 -9.636312
v -39.555124 8.501023 -9.636312
v -39.555124 8.501023 -8.598067
v -40.593369 7.462778 -8.598067
v -39.555124 7.462778 -8.598067
v -40.593369 7.462778 -8.598067
v -39.555124 8.501023 -8.598067
v -40.593369 8.501023 -8.598067
f 5744 5745 5746
f 5745 5744 5747
f 5748 5749 5750
f 5749 5748 5751
f 5752 5753 5754
f 5753 5752 5755
f 5760 5756 5757
f 5756 5761 5762
f 5763 5758 5759
f 5758 5764 5765
f 5766 5767 5768
f 5769 5770 5771
o Dust_II_Group_154
v -14.944878 9.909439 -71.677646
v -10.973132 5.937694 -71.677646
v -14.944878 5.937694 -71.677646
v -10.973132 9.909439 -71.677646
v -10.973132 9.909439 -67.705898
v -14.944878 5.937694 -67.705898
v -10.973132 5.937694 -67.705898
v -14.944878 9.909439 -67.705898
v -10.973132 5.937694 -71.677646
v -14.944878 5.937694 -67.705898
v -14.944878 5.937694 -71.677646
v -10.973132 5.937694 -67.705898
v -10.973132 9.909439 -67.705898
v -14.944878 9.909439 -71.677646
v -14.944878 9.909439 -67.705898
v -10.973132 9.909439 -71.677646
v -14.944878 9.909439 -71.677646
v -14.944878 5.937694 -67.705898
v -14.944878 9.909439 -67.705898
v -14.944878 5.937694 -71.677646
v -10.973132 5.937694 -71.677646
v -10.973132 9.909439 -67.705898
v -10.973132 5.937694 -67.705898
v -10.973132 9.909439 -71.677646
f 5772 5773 5774
f 5773 5772 5775
f 5776 5777 5778
f 5777 5776 5779
f 5780 5781 5782
f 5781 5780 5783
f 5784 5785 5786
f 5785 5784 5787
f 5788 5789 5790
f 5789 5788 5791
f 5792 5793 5794
f 5793 5792 5795
o Dust_II_Group_153
v -52.894995 12.122426 -54.029982
v -47.375941 13.166263 -54.029982
v -49.613550 9.884818 -54.029982
v -50.657386 15.403871 -54.029982
v -47.375941 13.166263 -50.058237
v -52.894995 12.122426 -50.058237
v -49.613550 9.884818 -50.058237
v -50.657386 15.403871 -50.058237
v -49.613550 9.884818 -54.029982
v -52.894995 12.122426 -50.058237
v -52.894995 12.122426 -54.029982
v -49.613550 9.884818 -50.058237
v -47.375941 13.166263 -50.058237
v -50.657386 15.403871 -54.029982
v -50.657386 15.403871 -50.058237
v -47.375941 13.166263 -54.029982
v -50.657386 15.403871 -54.029982
v -52.894995 12.122426 -50.058237
v -50.657386 15.403871 -50.058237
v -52.894995 12.122426 -54.029982
v -49.613550 9.884818 -54.029982
v -47.375941 13.166263 -50.058237
v -49.613550 9.884818 -50.058237
v -47.375941 13.166263 -54.029982
f 5796 5797 5798
f 5797 5796 5799
f 5800 5801 5802
f 5801 5800 5803
f 5804 5805 5806
f 5805 5804 5807
f 5808 5809 5810
f 5809 5808 5811
f 5812 5813 5814
f 5813 5812 5815
f 5816 5817 5818
f 5817 5816 5819
o Dust_II_Group_152
v -47.043914 10.999787 -52.054640
v -47.901709 11.584715 -51.016395
v -47.901709 11.584715 -52.054640
v -47.043914 10.999787 -51.016395
v -47.316781 12.442510 -52.054640
v -47.043914 10.999787 -52.054640
v -47.901709 11.584715 -52.054640
v -46.458986 11.857582 -52.054640
v -47.901709 11.584715 -51.016395
v -47.316781 12.442510 -51.016395
v -46.458986 11.857582 -51.016395
v -47.043914 10.999787 -51.016395
v -46.458986 11.857582 -51.016395
v -47.316781 12.442510 -52.054640
v -47.316781 12.442510 -51.016395
v -46.458986 11.857582 -52.054640
v -47.316781 12.442510 -52.054640
v -47.316781 12.442510 -52.054640
v -47.901709 11.584715 -52.054640
v -47.043914 10.999787 -52.054640
v -47.043914 10.999787 -52.054640
v -46.458986 11.857582 -52.054640
v -46.458986 11.857582 -51.016395
v -47.901709 11.584715 -51.016395
v -47.043914 10.999787 -51.016395
v -47.901709 11.584715 -51.016395
v -46.458986 11.857582 -51.016395
v -47.316781 12.442510 -51.016395
f 5820 5821 5822
f 5821 5820 5823
f 5824 5825 5826
f 5825 5824 5827
f 5836 5828 5829
f 5828 5837 5838
f 5839 5830 5831
f 5830 5840 5841
f 5842 5843 5844
f 5845 5846 5847
f 5832 5833 5834
f 5833 5832 5835
o Dust_II_Group_151
v -76.550174 25.756573 -30.235771
v -75.697300 21.784827 -26.356677
v -76.550174 21.784827 -30.235771
v -75.697300 25.756573 -26.356677
v -79.576394 25.756573 -25.503804
v -80.429268 21.784827 -29.382898
v -79.576394 21.784827 -25.503804
v -80.429268 25.756573 -29.382898
v -75.697300 21.784827 -26.356677
v -80.429268 21.784827 -29.382898
v -76.550174 21.784827 -30.235771
v -79.576394 21.784827 -25.503804
v -79.576394 25.756573 -25.503804
v -76.550174 25.756573 -30.235771
v -80.429268 25.756573 -29.382898
v -75.697300 25.756573 -26.356677
v -76.550174 25.756573 -30.235771
v -80.429268 21.784827 -29.382898
v -80.429268 25.756573 -29.382898
v -76.550174 21.784827 -30.235771
v -75.697300 21.784827 -26.356677
v -79.576394 25.756573 -25.503804
v -79.576394 21.784827 -25.503804
v -75.697300 25.756573 -26.356677
f 5848 5849 5850
f 5849 5848 5851
f 5852 5853 5854
f 5853 5852 5855
f 5856 5857 5858
f 5857 5856 5859
f 5860 5861 5862
f 5861 5860 5863
f 5864 5865 5866
f 5865 5864 5867
f 5868 5869 5870
f 5869 5868 5871
o Dust_II_Group_150
v -76.550174 21.784828 -30.235771
v -75.697300 17.813082 -26.356677
v -76.550174 17.813082 -30.235771
v -75.697300 21.784828 -26.356677
v -79.576394 21.784828 -25.503804
v -80.429268 17.813082 -29.382898
v -79.576394 17.813082 -25.503804
v -80.429268 21.784828 -29.382898
v -75.697300 17.813082 -26.356677
v -80.429268 17.813082 -29.382898
v -76.550174 17.813082 -30.235771
v -79.576394 17.813082 -25.503804
v -79.576394 21.784828 -25.503804
v -76.550174 21.784828 -30.235771
v -80.429268 21.784828 -29.382898
v -75.697300 21.784828 -26.356677
v -76.550174 21.784828 -30.235771
v -80.429268 17.813082 -29.382898
v -80.429268 21.784828 -29.382898
v -76.550174 17.813082 -30.235771
v -75.697300 17.813082 -26.356677
v -79.576394 21.784828 -25.503804
v -79.576394 17.813082 -25.503804
v -75.697300 21.784828 -26.356677
f 5872 5873 5874
f 5873 5872 5875
f 5876 5877 5878
f 5877 5876 5879
f 5880 5881 5882
f 5881 5880 5883
f 5884 5885 5886
f 5885 5884 5887
f 5888 5889 5890
f 5889 5888 5891
f 5892 5893 5894
f 5893 5892 5895
o Dust_II_Group_149
v -76.550174 17.813080 -30.235771
v -75.697300 13.841335 -26.356677
v -76.550174 13.841335 -30.235771
v -75.697300 17.813080 -26.356677
v -79.576394 17.813080 -25.503804
v -80.429268 13.841335 -29.382898
v -79.576394 13.841335 -25.503804
v -80.429268 17.813080 -29.382898
v -75.697300 13.841335 -26.356677
v -80.429268 13.841335 -29.382898
v -76.550174 13.841335 -30.235771
v -79.576394 13.841335 -25.503804
v -79.576394 17.813080 -25.503804
v -76.550174 17.813080 -30.235771
v -80.429268 17.813080 -29.382898
v -75.697300 17.813080 -26.356677
v -76.550174 17.813080 -30.235771
v -80.429268 13.841335 -29.382898
v -80.429268 17.813080 -29.382898
v -76.550174 13.841335 -30.235771
v -75.697300 13.841335 -26.356677
v -79.576394 17.813080 -25.503804
v -79.576394 13.841335 -25.503804
v -75.697300 17.813080 -26.356677
f 5896 5897 5898
f 5897 5896 5899
f 5900 5901 5902
f 5901 5900 5903
f 5904 5905 5906
f 5905 5904 5907
f 5908 5909 5910
f 5909 5908 5911
f 5912 5913 5914
f 5913 5912 5915
f 5916 5917 5918
f 5917 5916 5919
o Dust_II_Group_148
v -100.535977 25.756573 -40.721049
v -96.564229 21.784827 -40.721049
v -100.535977 21.784827 -40.721049
v -96.564229 25.756573 -40.721049
v -96.564229 25.756573 -36.749304
v -100.535977 21.784827 -36.749304
v -96.564229 21.784827 -36.749304
v -100.535977 25.756573 -36.749304
v -96.564229 21.784827 -40.721049
v -100.535977 21.784827 -36.749304
v -100.535977 21.784827 -40.721049
v -96.564229 21.784827 -36.749304
v -96.564229 25.756573 -36.749304
v -100.535977 25.756573 -40.721049
v -100.535977 25.756573 -36.749304
v -96.564229 25.756573 -40.721049
v -100.535977 25.756573 -40.721049
v -100.535977 21.784827 -36.749304
v -100.535977 25.756573 -36.749304
v -100.535977 21.784827 -40.721049
v -96.564229 21.784827 -40.721049
v -96.564229 25.756573 -36.749304
v -96.564229 21.784827 -36.749304
v -96.564229 25.756573 -40.721049
f 5920 5921 5922
f 5921 5920 5923
f 5924 5925 5926
f 5925 5924 5927
f 5928 5929 5930
f 5929 5928 5931
f 5932 5933 5934
f 5933 5932 5935
f 5936 5937 5938
f 5937 5936 5939
f 5940 5941 5942
f 5941 5940 5943
o Dust_II_Group_147
v -100.535977 21.784828 -40.721049
v -96.564229 17.813082 -40.721049
v -100.535977 17.813082 -40.721049
v -96.564229 21.784828 -40.721049
v -96.564229 21.784828 -36.749304
v -100.535977 17.813082 -36.749304
v -96.564229 17.813082 -36.749304
v -100.535977 21.784828 -36.749304
v -96.564229 17.813082 -40.721049
v -100.535977 17.813082 -36.749304
v -100.535977 17.813082 -40.721049
v -96.564229 17.813082 -36.749304
v -96.564229 21.784828 -36.749304
v -100.535977 21.784828 -40.721049
v -100.535977 21.784828 -36.749304
v -96.564229 21.784828 -40.721049
v -100.535977 21.784828 -40.721049
v -100.535977 17.813082 -36.749304
v -100.535977 21.784828 -36.749304
v -100.535977 17.813082 -40.721049
v -96.564229 17.813082 -40.721049
v -96.564229 21.784828 -36.749304
v -96.564229 17.813082 -36.749304
v -96.564229 21.784828 -40.721049
f 5944 5945 5946
f 5945 5944 5947
f 5948 5949 5950
f 5949 5948 5951
f 5952 5953 5954
f 5953 5952 5955
f 5956 5957 5958
f 5957 5956 5959
f 5960 5961 5962
f 5961 5960 5963
f 5964 5965 5966
f 5965 5964 5967
o Dust_II_Group_146
v -100.535977 17.813080 -40.721049
v -96.564229 13.841335 -40.721049
v -100.535977 13.841335 -40.721049
v -96.564229 17.813080 -40.721049
v -96.564229 17.813080 -36.749304
v -100.535977 13.841335 -36.749304
v -96.564229 13.841335 -36.749304
v -100.535977 17.813080 -36.749304
v -96.564229 13.841335 -40.721049
v -100.535977 13.841335 -36.749304
v -100.535977 13.841335 -40.721049
v -96.564229 13.841335 -36.749304
v -96.564229 17.813080 -36.749304
v -100.535977 17.813080 -40.721049
v -100.535977 17.813080 -36.749304
v -96.564229 17.813080 -40.721049
v -100.535977 17.813080 -40.721049
v -100.535977 13.841335 -36.749304
v -100.535977 17.813080 -36.749304
v -100.535977 13.841335 -40.721049
v -96.564229 13.841335 -40.721049
v -96.564229 17.813080 -36.749304
v -96.564229 13.841335 -36.749304
v -96.564229 17.813080 -40.721049
f 5968 5969 5970
f 5969 5968 5971
f 5972 5973 5974
f 5973 5972 5975
f 5976 5977 5978
f 5977 5976 5979
f 5980 5981 5982
f 5981 5980 5983
f 5984 5985 5986
f 5985 5984 5987
f 5988 5989 5990
f 5989 5988 5991
o Dust_II_Group_145
v -110.214349 19.788992 -68.997468
v -108.228474 15.817245 -72.437104
v -110.214349 15.817245 -68.997468
v -108.228474 19.788992 -72.437104
v -104.788848 19.788992 -70.451231
v -106.774717 15.817245 -67.011599
v -104.788848 15.817245 -70.451231
v -106.774717 19.788992 -67.011599
v -108.228474 15.817245 -72.437104
v -106.774717 15.817245 -67.011599
v -110.214349 15.817245 -68.997468
v -104.788848 15.817245 -70.451231
v -104.788848 19.788992 -70.451231
v -110.214349 19.788992 -68.997468
v -106.774717 19.788992 -67.011599
v -108.228474 19.788992 -72.437104
v -110.214349 19.788992 -68.997468
v -106.774717 15.817245 -67.011599
v -106.774717 19.788992 -67.011599
v -110.214349 15.817245 -68.997468
v -108.228474 15.817245 -72.437104
v -104.788848 19.788992 -70.451231
v -104.788848 15.817245 -70.451231
v -108.228474 19.788992 -72.437104
f 5992 5993 5994
f 5993 5992 5995
f 5996 5997 5998
f 5997 5996 5999
f 6000 6001 6002
f 6001 6000 6003
f 6004 6005 6006
f 6005 6004 6007
f 6008 6009 6010
f 6009 6008 6011
f 6012 6013 6014
f 6013 6012 6015
o Dust_II_Group_144
v -109.140044 23.760738 -83.485107
v -105.168296 19.788992 -83.485107
v -109.140044 19.788992 -83.485107
v -105.168296 23.760738 -83.485107
v -105.168296 23.760738 -79.513359
v -109.140044 19.788992 -79.513359
v -105.168296 19.788992 -79.513359
v -109.140044 23.760738 -79.513359
v -105.168296 19.788992 -83.485107
v -109.140044 19.788992 -79.513359
v -109.140044 19.788992 -83.485107
v -105.168296 19.788992 -79.513359
v -105.168296 23.760738 -79.513359
v -109.140044 23.760738 -83.485107
v -109.140044 23.760738 -79.513359
v -105.168296 23.760738 -83.485107
v -109.140044 23.760738 -83.485107
v -109.140044 19.788992 -79.513359
v -109.140044 23.760738 -79.513359
v -109.140044 19.788992 -83.485107
v -105.168296 19.788992 -83.485107
v -105.168296 23.760738 -79.513359
v -105.168296 19.788992 -79.513359
v -105.168296 23.760738 -83.485107
f 6016 6017 6018
f 6017 6016 6019
f 6020 6021 6022
f 6021 6020 6023
f 6024 6025 6026
f 6025 6024 6027
f 6028 6029 6030
f 6029 6028 6031
f 6032 6033 6034
f 6033 6032 6035
f 6036 6037 6038
f 6037 6036 6039
o Dust_II_Group_143
v -109.140044 19.788992 -83.485107
v -105.168296 15.817245 -83.485107
v -109.140044 15.817245 -83.485107
v -105.168296 19.788992 -83.485107
v -105.168296 19.788992 -79.513359
v -109.140044 15.817245 -79.513359
v -105.168296 15.817245 -79.513359
v -109.140044 19.788992 -79.513359
v -105.168296 15.817245 -83.485107
v -109.140044 15.817245 -79.513359
v -109.140044 15.817245 -83.485107
v -105.168296 15.817245 -79.513359
v -105.168296 19.788992 -79.513359
v -109.140044 19.788992 -83.485107
v -109.140044 19.788992 -79.513359
v -105.168296 19.788992 -83.485107
v -109.140044 19.788992 -83.485107
v -109.140044 15.817245 -79.513359
v -109.140044 19.788992 -79.513359
v -109.140044 15.817245 -83.485107
v -105.168296 15.817245 -83.485107
v -105.168296 19.788992 -79.513359
v -105.168296 15.817245 -79.513359
v -105.168296 19.788992 -83.485107
f 6040 6041 6042
f 6041 6040 6043
f 6044 6045 6046
f 6045 6044 6047
f 6048 6049 6050
f 6049 6048 6051
f 6052 6053 6054
f 6053 6052 6055
f 6056 6057 6058
f 6057 6056 6059
f 6060 6061 6062
f 6061 6060 6063
o Dust_II_Group_142
v -87.866924 17.813080 -87.063589
v -83.895176 13.841335 -87.063589
v -87.866924 13.841335 -87.063589
v -83.895176 17.813080 -87.063589
v -83.895176 17.813080 -83.091841
v -87.866924 13.841335 -83.091841
v -83.895176 13.841335 -83.091841
v -87.866924 17.813080 -83.091841
v -83.895176 13.841335 -87.063589
v -87.866924 13.841335 -83.091841
v -87.866924 13.841335 -87.063589
v -83.895176 13.841335 -83.091841
v -83.895176 17.813080 -83.091841
v -87.866924 17.813080 -87.063589
v -87.866924 17.813080 -83.091841
v -83.895176 17.813080 -87.063589
v -87.866924 17.813080 -87.063589
v -87.866924 13.841335 -83.091841
v -87.866924 17.813080 -83.091841
v -87.866924 13.841335 -87.063589
v -83.895176 13.841335 -87.063589
v -83.895176 17.813080 -83.091841
v -83.895176 13.841335 -83.091841
v -83.895176 17.813080 -87.063589
f 6064 6065 6066
f 6065 6064 6067
f 6068 6069 6070
f 6069 6068 6071
f 6072 6073 6074
f 6073 6072 6075
f 6076 6077 6078
f 6077 6076 6079
f 6080 6081 6082
f 6081 6080 6083
f 6084 6085 6086
f 6085 6084 6087
o Dust_II_Group_141
v -83.009121 21.784828 -69.099697
v -79.037373 17.813082 -69.099697
v -83.009121 17.813082 -69.099697
v -79.037373 21.784828 -69.099697
v -79.037373 21.784828 -65.127949
v -83.009121 17.813082 -65.127949
v -79.037373 17.813082 -65.127949
v -83.009121 21.784828 -65.127949
v -79.037373 17.813082 -69.099697
v -83.009121 17.813082 -65.127949
v -83.009121 17.813082 -69.099697
v -79.037373 17.813082 -65.127949
v -79.037373 21.784828 -65.127949
v -83.009121 21.784828 -69.099697
v -83.009121 21.784828 -65.127949
v -79.037373 21.784828 -69.099697
v -83.009121 21.784828 -69.099697
v -83.009121 17.813082 -65.127949
v -83.009121 21.784828 -65.127949
v -83.009121 17.813082 -69.099697
v -79.037373 17.813082 -69.099697
v -79.037373 21.784828 -65.127949
v -79.037373 17.813082 -65.127949
v -79.037373 21.784828 -69.099697
f 6088 6089 6090
f 6089 6088 6091
f 6092 6093 6094
f 6093 6092 6095
f 6096 6097 6098
f 6097 6096 6099
f 6100 6101 6102
f 6101 6100 6103
f 6104 6105 6106
f 6105 6104 6107
f 6108 6109 6110
f 6109 6108 6111
o Dust_II_Group_140
v -83.009121 17.813080 -69.099697
v -79.037373 13.841335 -69.099697
v -83.009121 13.841335 -69.099697
v -79.037373 17.813080 -69.099697
v -79.037373 17.813080 -65.127949
v -83.009121 13.841335 -65.127949
v -79.037373 13.841335 -65.127949
v -83.009121 17.813080 -65.127949
v -79.037373 13.841335 -69.099697
v -83.009121 13.841335 -65.127949
v -83.009121 13.841335 -69.099697
v -79.037373 13.841335 -65.127949
v -79.037373 17.813080 -65.127949
v -83.009121 17.813080 -69.099697
v -83.009121 17.813080 -65.127949
v -79.037373 17.813080 -69.099697
v -83.009121 17.813080 -69.099697
v -83.009121 13.841335 -65.127949
v -83.009121 17.813080 -65.127949
v -83.009121 13.841335 -69.099697
v -79.037373 13.841335 -69.099697
v -79.037373 17.813080 -65.127949
v -79.037373 13.841335 -65.127949
v -79.037373 17.813080 -69.099697
f 6112 6113 6114
f 6113 6112 6115
f 6116 6117 6118
f 6117 6116 6119
f 6120 6121 6122
f 6121 6120 6123
f 6124 6125 6126
f 6125 6124 6127
f 6128 6129 6130
f 6129 6128 6131
f 6132 6133 6134
f 6133 6132 6135
o Dust_II_Group_139
v -75.538770 25.756573 -77.788220
v -71.567021 21.784827 -77.788220
v -75.538770 21.784827 -77.788220
v -71.567021 25.756573 -77.788220
v -71.567021 25.756573 -73.816472
v -75.538770 21.784827 -73.816472
v -71.567021 21.784827 -73.816472
v -75.538770 25.756573 -73.816472
v -71.567021 21.784827 -77.788220
v -75.538770 21.784827 -73.816472
v -75.538770 21.784827 -77.788220
v -71.567021 21.784827 -73.816472
v -71.567021 25.756573 -73.816472
v -75.538770 25.756573 -77.788220
v -75.538770 25.756573 -73.816472
v -71.567021 25.756573 -77.788220
v -75.538770 25.756573 -77.788220
v -75.538770 21.784827 -73.816472
v -75.538770 25.756573 -73.816472
v -75.538770 21.784827 -77.788220
v -71.567021 21.784827 -77.788220
v -71.567021 25.756573 -73.816472
v -71.567021 21.784827 -73.816472
v -71.567021 25.756573 -77.788220
f 6136 6137 6138
f 6137 6136 6139
f 6140 6141 6142
f 6141 6140 6143
f 6144 6145 6146
f 6145 6144 6147
f 6148 6149 6150
f 6149 6148 6151
f 6152 6153 6154
f 6153 6152 6155
f 6156 6157 6158
f 6157 6156 6159
o Dust_II_Group_138
v -75.538770 21.784828 -77.788220
v -71.567021 17.813082 -77.788220
v -75.538770 17.813082 -77.788220
v -71.567021 21.784828 -77.788220
v -71.567021 21.784828 -73.816472
v -75.538770 17.813082 -73.816472
v -71.567021 17.813082 -73.816472
v -75.538770 21.784828 -73.816472
v -71.567021 17.813082 -77.788220
v -75.538770 17.813082 -73.816472
v -75.538770 17.813082 -77.788220
v -71.567021 17.813082 -73.816472
v -71.567021 21.784828 -73.816472
v -75.538770 21.784828 -77.788220
v -75.538770 21.784828 -73.816472
v -71.567021 21.784828 -77.788220
v -75.538770 21.784828 -77.788220
v -75.538770 17.813082 -73.816472
v -75.538770 21.784828 -73.816472
v -75.538770 17.813082 -77.788220
v -71.567021 17.813082 -77.788220
v -71.567021 21.784828 -73.816472
v -71.567021 17.813082 -73.816472
v -71.567021 21.784828 -77.788220
f 6160 6161 6162
f 6161 6160 6163
f 6164 6165 6166
f 6165 6164 6167
f 6168 6169 6170
f 6169 6168 6171
f 6172 6173 6174
f 6173 6172 6175
f 6176 6177 6178
f 6177 6176 6179
f 6180 6181 6182
f 6181 6180 6183
o Dust_II_Group_137
v -75.538770 17.813080 -77.788220
v -71.567021 13.841335 -77.788220
v -75.538770 13.841335 -77.788220
v -71.567021 17.813080 -77.788220
v -71.567021 17.813080 -73.816472
v -75.538770 13.841335 -73.816472
v -71.567021 13.841335 -73.816472
v -75.538770 17.813080 -73.816472
v -71.567021 13.841335 -77.788220
v -75.538770 13.841335 -73.816472
v -75.538770 13.841335 -77.788220
v -71.567021 13.841335 -73.816472
v -71.567021 17.813080 -73.816472
v -75.538770 17.813080 -77.788220
v -75.538770 17.813080 -73.816472
v -71.567021 17.813080 -77.788220
v -75.538770 17.813080 -77.788220
v -75.538770 13.841335 -73.816472
v -75.538770 17.813080 -73.816472
v -75.538770 13.841335 -77.788220
v -71.567021 13.841335 -77.788220
v -71.567021 17.813080 -73.816472
v -71.567021 13.841335 -73.816472
v -71.567021 17.813080 -77.788220
f 6184 6185 6186
f 6185 6184 6187
f 6188 6189 6190
f 6189 6188 6191
f 6192 6193 6194
f 6193 6192 6195
f 6196 6197 6198
f 6197 6196 6199
f 6200 6201 6202
f 6201 6200 6203
f 6204 6205 6206
f 6205 6204 6207
o Dust_II_Group_136
v -66.671215 17.381235 -82.702878
v -66.175154 17.381235 -83.562080
v -66.316621 17.381235 -83.099065
v -66.340963 17.381235 -84.067264
v -67.142933 17.381235 -82.593880
v -67.663338 17.381235 -82.702871
v -66.671213 17.381235 -84.421289
v -67.993587 17.381235 -83.056896
v -67.191625 17.381235 -84.530282
v -68.159404 17.381235 -83.562082
v -67.663343 17.381235 -84.421284
v -68.017930 17.381235 -84.025095
v -68.017930 17.381235 -84.025095
v -67.663343 20.489290 -84.421284
v -67.663343 17.381235 -84.421284
v -68.017930 20.489290 -84.025095
v -68.159404 17.381235 -83.562082
v -68.159404 20.489290 -83.562082
v -67.191625 17.381235 -84.530282
v -67.191625 20.489290 -84.530282
v -66.316621 20.489290 -83.099065
v -66.175154 17.381235 -83.562080
v -66.175154 20.489290 -83.562080
v -66.316621 17.381235 -83.099065
v -66.671215 20.489290 -82.702878
v -66.671215 17.381235 -82.702878
v -67.142933 17.381235 -82.593880
v -67.142933 20.489290 -82.593880
v -67.663338 17.381235 -82.702871
v -67.663338 20.489290 -82.702871
v -67.993587 17.381235 -83.056896
v -67.993587 20.489290 -83.056896
v -66.671213 17.381235 -84.421289
v -66.671213 20.489290 -84.421289
v -66.340963 17.381235 -84.067264
v -66.340963 20.489290 -84.067264
v -66.175154 20.489290 -83.562080
v -66.671215 20.489290 -82.702878
v -66.316621 20.489290 -83.099065
v -66.340963 20.489290 -84.067264
v -67.142933 20.489290 -82.593880
v -67.663338 20.489290 -82.702871
v -66.671213 20.489290 -84.421289
v -67.191625 20.489290 -84.530282
v -67.993587 20.489290 -83.056896
v -68.159404 20.489290 -83.562082
v -67.663343 20.489290 -84.421284
v -68.017930 20.489290 -84.025095
v -66.316621 17.381235 -83.099065
v -66.316621 20.489290 -83.099065
v -66.316621 17.381235 -83.099065
f 6208 6209 6210
f 6209 6208 6211
f 6211 6208 6212
f 6211 6212 6213
f 6211 6213 6214
f 6214 6213 6215
f 6214 6215 6216
f 6216 6215 6217
f 6216 6217 6218
f 6218 6217 6219
f 6220 6221 6222
f 6221 6220 6223
f 6224 6223 6220
f 6223 6224 6225
f 6221 6226 6222
f 6226 6221 6227
f 6228 6229 6230
f 6229 6228 6231
f 6232 6256 6257
f 6258 6232 6233
f 6232 6234 6233
f 6234 6232 6235
f 6235 6236 6234
f 6236 6235 6237
f 6237 6238 6236
f 6238 6237 6239
f 6239 6224 6238
f 6224 6239 6225
f 6227 6240 6226
f 6240 6227 6241
f 6241 6242 6240
f 6242 6241 6243
f 6243 6229 6242
f 6229 6243 6230
f 6244 6245 6246
f 6245 6244 6247
f 6245 6247 6248
f 6248 6247 6249
f 6249 6247 6250
f 6249 6250 6251
f 6249 6251 6252
f 6252 6251 6253
f 6253 6251 6254
f 6253 6254 6255
o Dust_II_Group_135
v -63.826311 17.381235 -85.425381
v -63.826311 17.381235 -84.433257
v -63.935303 17.381235 -84.904973
v -63.430122 17.381235 -84.078662
v -63.472288 17.381235 -85.755630
v -62.967107 17.381235 -85.921450
v -62.967107 17.381235 -83.937195
v -62.504092 17.381235 -85.779976
v -62.461919 17.381235 -84.103008
v -62.107896 17.381235 -85.425381
v -62.107896 17.381235 -84.433257
v -61.998904 17.381235 -84.953665
v -61.998904 17.381235 -84.953665
v -62.107896 20.489290 -84.433257
v -62.107896 17.381235 -84.433257
v -61.998904 20.489290 -84.953665
v -62.107896 17.381235 -85.425381
v -62.107896 20.489290 -85.425381
v -62.461919 17.381235 -84.103008
v -62.461919 20.489290 -84.103008
v -63.935303 20.489290 -84.904973
v -63.826311 17.381235 -84.433257
v -63.826311 20.489290 -84.433257
v -63.935303 17.381235 -84.904973
v -63.826311 20.489290 -85.425381
v -63.826311 17.381235 -85.425381
v -63.472288 17.381235 -85.755630
v -63.472288 20.489290 -85.755630
v -62.967107 17.381235 -85.921450
v -62.967107 20.489290 -85.921450
v -62.504092 17.381235 -85.779976
v -62.504092 20.489290 -85.779976
v -62.967107 17.381235 -83.937195
v -62.967107 20.489290 -83.937195
v -63.430122 17.381235 -84.078662
v -63.430122 20.489290 -84.078662
v -63.826311 20.489290 -84.433257
v -63.826311 20.489290 -85.425381
v -63.935303 20.489290 -84.904973
v -63.430122 20.489290 -84.078662
v -63.472288 20.489290 -85.755630
v -62.967107 20.489290 -85.921450
v -62.967107 20.489290 -83.937195
v -62.461919 20.489290 -84.103008
v -62.504092 20.489290 -85.779976
v -62.107896 20.489290 -85.425381
v -62.107896 20.489290 -84.433257
v -61.998904 20.489290 -84.953665
v -63.935303 17.381235 -84.904973
v -63.935303 20.489290 -84.904973
v -63.935303 17.381235 -84.904973
f 6259 6260 6261
f 6260 6259 6262
f 6262 6259 6263
f 6262 6263 6264
f 6262 6264 6265
f 6265 6264 6266
f 6265 6266 6267
f 6267 6266 6268
f 6267 6268 6269
f 6269 6268 6270
f 6271 6272 6273
f 6272 6271 6274
f 6275 6274 6271
f 6274 6275 6276
f 6272 6277 6273
f 6277 6272 6278
f 6279 6280 6281
f 6280 6279 6282
f 6283 6307 6308
f 6309 6283 6284
f 6283 6285 6284
f 6285 6283 6286
f 6286 6287 6285
f 6287 6286 6288
f 6288 6289 6287
f 6289 6288 6290
f 6290 6275 6289
f 6275 6290 6276
f 6278 6291 6277
f 6291 6278 6292
f 6292 6293 6291
f 6293 6292 6294
f 6294 6280 6293
f 6280 6294 6281
f 6295 6296 6297
f 6296 6295 6298
f 6296 6298 6299
f 6299 6298 6300
f 6300 6298 6301
f 6300 6301 6302
f 6300 6302 6303
f 6303 6302 6304
f 6304 6302 6305
f 6304 6305 6306
o Dust_II_Group_134
v -67.766506 13.409489 -85.580771
v -67.766506 13.409489 -84.588647
v -67.875498 13.409489 -85.060364
v -67.370317 13.409489 -84.234053
v -67.412483 13.409489 -85.911021
v -66.907302 13.409489 -86.076841
v -66.907302 13.409489 -84.092585
v -66.444287 13.409489 -85.935366
v -66.402114 13.409489 -84.258398
v -66.048091 13.409489 -85.580771
v -66.048091 13.409489 -84.588647
v -65.939099 13.409489 -85.109055
v -65.939099 13.409489 -85.109055
v -66.048091 16.517543 -84.588647
v -66.048091 13.409489 -84.588647
v -65.939099 16.517543 -85.109055
v -66.048091 13.409489 -85.580771
v -66.048091 16.517543 -85.580771
v -66.402114 13.409489 -84.258398
v -66.402114 16.517543 -84.258398
v -67.875498 16.517543 -85.060364
v -67.766506 13.409489 -84.588647
v -67.766506 16.517543 -84.588647
v -67.875498 13.409489 -85.060364
v -67.766506 16.517543 -85.580771
v -67.766506 13.409489 -85.580771
v -67.412483 13.409489 -85.911021
v -67.412483 16.517543 -85.911021
v -66.907302 13.409489 -86.076841
v -66.907302 16.517543 -86.076841
v -66.444287 13.409489 -85.935366
v -66.444287 16.517543 -85.935366
v -66.907302 13.409489 -84.092585
v -66.907302 16.517543 -84.092585
v -67.370317 13.409489 -84.234053
v -67.370317 16.517543 -84.234053
v -67.766506 16.517543 -84.588647
v -67.766506 16.517543 -85.580771
v -67.875498 16.517543 -85.060364
v -67.370317 16.517543 -84.234053
v -67.412483 16.517543 -85.911021
v -66.907302 16.517543 -86.076841
v -66.907302 16.517543 -84.092585
v -66.402114 16.517543 -84.258398
v -66.444287 16.517543 -85.935366
v -66.048091 16.517543 -85.580771
v -66.048091 16.517543 -84.588647
v -65.939099 16.517543 -85.109055
v -67.875498 13.409489 -85.060364
v -67.875498 16.517543 -85.060364
v -67.875498 13.409489 -85.060364
f 6310 6311 6312
f 6311 6310 6313
f 6313 6310 6314
f 6313 6314 6315
f 6313 6315 6316
f 6316 6315 6317
f 6316 6317 6318
f 6318 6317 6319
f 6318 6319 6320
f 6320 6319 6321
f 6322 6323 6324
f 6323 6322 6325
f 6326 6325 6322
f 6325 6326 6327
f 6323 6328 6324
f 6328 6323 6329
f 6330 6331 6332
f 6331 6330 6333
f 6334 6358 6359
f 6360 6334 6335
f 6334 6336 6335
f 6336 6334 6337
f 6337 6338 6336
f 6338 6337 6339
f 6339 6340 6338
f 6340 6339 6341
f 6341 6326 6340
f 6326 6341 6327
f 6329 6342 6328
f 6342 6329 6343
f 6343 6344 6342
f 6344 6343 6345
f 6345 6331 6344
f 6331 6345 6332
f 6346 6347 6348
f 6347 6346 6349
f 6347 6349 6350
f 6350 6349 6351
f 6351 6349 6352
f 6351 6352 6353
f 6351 6353 6354
f 6354 6353 6355
f 6355 6353 6356
f 6355 6356 6357
o Dust_II_Group_133
v -63.429584 13.409489 -74.394572
v -63.791588 13.409489 -75.318297
v -63.517992 13.409489 -74.918866
v -64.289848 13.409489 -75.503876
v -63.638699 13.409489 -73.957912
v -64.048553 13.409489 -73.619198
v -64.772560 13.409489 -75.466647
v -64.531257 13.409489 -73.581971
v -65.182413 13.409489 -75.127933
v -65.029519 13.409489 -73.767557
v -65.391523 13.409489 -74.691282
v -65.303114 13.409489 -74.166981
v -65.303114 13.409489 -74.166981
v -65.391523 16.517543 -74.691282
v -65.391523 13.409489 -74.691282
v -65.303114 16.517543 -74.166981
v -65.029519 13.409489 -73.767557
v -65.029519 16.517543 -73.767557
v -65.182413 13.409489 -75.127933
v -65.182413 16.517543 -75.127933
v -63.517992 16.517543 -74.918866
v -63.791588 13.409489 -75.318297
v -63.791588 16.517543 -75.318297
v -63.517992 13.409489 -74.918866
v -63.429584 16.517543 -74.394572
v -63.429584 13.409489 -74.394572
v -63.638699 13.409489 -73.957912
v -63.638699 16.517543 -73.957912
v -64.048553 13.409489 -73.619198
v -64.048553 16.517543 -73.619198
v -64.531257 13.409489 -73.581971
v -64.531257 16.517543 -73.581971
v -64.772560 13.409489 -75.466647
v -64.772560 16.517543 -75.466647
v -64.289848 13.409489 -75.503876
v -64.289848 16.517543 -75.503876
v -63.791588 16.517543 -75.318297
v -63.429584 16.517543 -74.394572
v -63.517992 16.517543 -74.918866
v -64.289848 16.517543 -75.503876
v -63.638699 16.517543 -73.957912
v -64.048553 16.517543 -73.619198
v -64.772560 16.517543 -75.466647
v -65.182413 16.517543 -75.127933
v -64.531257 16.517543 -73.581971
v -65.029519 16.517543 -73.767557
v -65.391523 16.517543 -74.691282
v -65.303114 16.517543 -74.166981
v -63.517992 13.409489 -74.918866
v -63.517992 16.517543 -74.918866
v -63.517992 13.409489 -74.918866
f 6361 6362 6363
f 6362 6361 6364
f 6364 6361 6365
f 6364 6365 6366
f 6364 6366 6367
f 6367 6366 6368
f 6367 6368 6369
f 6369 6368 6370
f 6369 6370 6371
f 6371 6370 6372
f 6373 6374 6375
f 6374 6373 6376
f 6377 6376 6373
f 6376 6377 6378
f 6374 6379 6375
f 6379 6374 6380
f 6381 6382 6383
f 6382 6381 6384
f 6385 6409 6410
f 6411 6385 6386
f 6385 6387 6386
f 6387 6385 6388
f 6388 6389 6387
f 6389 6388 6390
f 6390 6391 6389
f 6391 6390 6392
f 6392 6377 6391
f 6377 6392 6378
f 6380 6393 6379
f 6393 6380 6394
f 6394 6395 6393
f 6395 6394 6396
f 6396 6382 6395
f 6382 6396 6383
f 6397 6398 6399
f 6398 6397 6400
f 6398 6400 6401
f 6401 6400 6402
f 6402 6400 6403
f 6402 6403 6404
f 6402 6404 6405
f 6405 6404 6406
f 6406 6404 6407
f 6406 6407 6408
o Dust_II_Group_132
v -64.815044 21.784828 -84.780139
v -60.843300 17.813082 -84.780139
v -64.815044 17.813082 -84.780139
v -60.843300 21.784828 -84.780139
v -60.843300 21.784828 -80.808391
v -64.815044 17.813082 -80.808391
v -60.843300 17.813082 -80.808391
v -64.815044 21.784828 -80.808391
v -60.843300 17.813082 -84.780139
v -64.815044 17.813082 -80.808391
v -64.815044 17.813082 -84.780139
v -60.843300 17.813082 -80.808391
v -60.843300 21.784828 -80.808391
v -64.815044 21.784828 -84.780139
v -64.815044 21.784828 -80.808391
v -60.843300 21.784828 -84.780139
v -64.815044 21.784828 -84.780139
v -64.815044 17.813082 -80.808391
v -64.815044 21.784828 -80.808391
v -64.815044 17.813082 -84.780139
v -60.843300 17.813082 -84.780139
v -60.843300 21.784828 -80.808391
v -60.843300 17.813082 -80.808391
v -60.843300 21.784828 -84.780139
f 6412 6413 6414
f 6413 6412 6415
f 6416 6417 6418
f 6417 6416 6419
f 6420 6421 6422
f 6421 6420 6423
f 6424 6425 6426
f 6425 6424 6427
f 6428 6429 6430
f 6429 6428 6431
f 6432 6433 6434
f 6433 6432 6435
o Dust_II_Group_131
v -64.815044 17.813080 -82.794272
v -60.843300 13.841335 -82.794272
v -64.815044 13.841335 -82.794272
v -60.843300 17.813080 -82.794272
v -60.843300 17.813080 -78.822524
v -64.815044 13.841335 -78.822524
v -60.843300 13.841335 -78.822524
v -64.815044 17.813080 -78.822524
v -60.843300 13.841335 -82.794272
v -64.815044 13.841335 -78.822524
v -64.815044 13.841335 -82.794272
v -60.843300 13.841335 -78.822524
v -60.843300 17.813080 -78.822524
v -64.815044 17.813080 -82.794272
v -64.815044 17.813080 -78.822524
v -60.843300 17.813080 -82.794272
v -64.815044 17.813080 -82.794272
v -64.815044 13.841335 -78.822524
v -64.815044 17.813080 -78.822524
v -64.815044 13.841335 -82.794272
v -60.843300 13.841335 -82.794272
v -60.843300 17.813080 -78.822524
v -60.843300 13.841335 -78.822524
v -60.843300 17.813080 -82.794272
f 6436 6437 6438
f 6437 6436 6439
f 6440 6441 6442
f 6441 6440 6443
f 6444 6445 6446
f 6445 6444 6447
f 6448 6449 6450
f 6449 6448 6451
f 6452 6453 6454
f 6453 6452 6455
f 6456 6457 6458
f 6457 6456 6459
o Dust_II_Group_130
v -64.815044 17.813080 -86.928127
v -60.843300 13.841335 -86.928127
v -64.815044 13.841335 -86.928127
v -60.843300 17.813080 -86.928127
v -60.843300 17.813080 -82.956379
v -64.815044 13.841335 -82.956379
v -60.843300 13.841335 -82.956379
v -64.815044 17.813080 -82.956379
v -60.843300 13.841335 -86.928127
v -64.815044 13.841335 -82.956379
v -64.815044 13.841335 -86.928127
v -60.843300 13.841335 -82.956379
v -60.843300 17.813080 -82.956379
v -64.815044 17.813080 -86.928127
v -64.815044 17.813080 -82.956379
v -60.843300 17.813080 -86.928127
v -64.815044 17.813080 -86.928127
v -64.815044 13.841335 -82.956379
v -64.815044 17.813080 -82.956379
v -64.815044 13.841335 -86.928127
v -60.843300 13.841335 -86.928127
v -60.843300 17.813080 -82.956379
v -60.843300 13.841335 -82.956379
v -60.843300 17.813080 -86.928127
f 6460 6461 6462
f 6461 6460 6463
f 6464 6465 6466
f 6465 6464 6467
f 6468 6469 6470
f 6469 6468 6471
f 6472 6473 6474
f 6473 6472 6475
f 6476 6477 6478
f 6477 6476 6479
f 6480 6481 6482
f 6481 6480 6483
o Dust_II_Group_129
v -108.404993 15.385400 -90.431660
v -108.404993 15.385400 -89.439536
v -108.513984 15.385400 -89.911252
v -108.008804 15.385400 -89.084941
v -108.050969 15.385400 -90.761909
v -107.545789 15.385400 -90.927729
v -107.545789 15.385400 -88.943474
v -107.082773 15.385400 -90.786255
v -107.040601 15.385400 -89.109287
v -106.686577 15.385400 -90.431660
v -106.686577 15.385400 -89.439536
v -106.577585 15.385400 -89.959944
v -106.577585 15.385400 -89.959944
v -106.686577 18.493455 -89.439536
v -106.686577 15.385400 -89.439536
v -106.577585 18.493455 -89.959944
v -106.686577 15.385400 -90.431660
v -106.686577 18.493455 -90.431660
v -107.040601 15.385400 -89.109287
v -107.040601 18.493455 -89.109287
v -108.513984 18.493455 -89.911252
v -108.404993 15.385400 -89.439536
v -108.404993 18.493455 -89.439536
v -108.513984 15.385400 -89.911252
v -108.404993 18.493455 -90.431660
v -108.404993 15.385400 -90.431660
v -108.050969 15.385400 -90.761909
v -108.050969 18.493455 -90.761909
v -107.545789 15.385400 -90.927729
v -107.545789 18.493455 -90.927729
v -107.082773 15.385400 -90.786255
v -107.082773 18.493455 -90.786255
v -107.545789 15.385400 -88.943474
v -107.545789 18.493455 -88.943474
v -108.008804 15.385400 -89.084941
v -108.008804 18.493455 -89.084941
v -108.404993 18.493455 -89.439536
v -108.404993 18.493455 -90.431660
v -108.513984 18.493455 -89.911252
v -108.008804 18.493455 -89.084941
v -108.050969 18.493455 -90.761909
v -107.545789 18.493455 -90.927729
v -107.545789 18.493455 -88.943474
v -107.040601 18.493455 -89.109287
v -107.082773 18.493455 -90.786255
v -106.686577 18.493455 -90.431660
v -106.686577 18.493455 -89.439536
v -106.577585 18.493455 -89.959944
v -108.513984 15.385400 -89.911252
v -108.513984 18.493455 -89.911252
v -108.513984 15.385400 -89.911252
f 6484 6485 6486
f 6485 6484 6487
f 6487 6484 6488
f 6487 6488 6489
f 6487 6489 6490
f 6490 6489 6491
f 6490 6491 6492
f 6492 6491 6493
f 6492 6493 6494
f 6494 6493 6495
f 6496 6497 6498
f 6497 6496 6499
f 6500 6499 6496
f 6499 6500 6501
f 6497 6502 6498
f 6502 6497 6503
f 6504 6505 6506
f 6505 6504 6507
f 6508 6532 6533
f 6534 6508 6509
f 6508 6510 6509
f 6510 6508 6511
f 6511 6512 6510
f 6512 6511 6513
f 6513 6514 6512
f 6514 6513 6515
f 6515 6500 6514
f 6500 6515 6501
f 6503 6516 6502
f 6516 6503 6517
f 6517 6518 6516
f 6518 6517 6519
f 6519 6505 6518
f 6505 6519 6506
f 6520 6521 6522
f 6521 6520 6523
f 6521 6523 6524
f 6524 6523 6525
f 6525 6523 6526
f 6525 6526 6527
f 6525 6527 6528
f 6528 6527 6529
f 6529 6527 6530
f 6529 6530 6531
o Dust_II_Group_128
v -108.868000 15.385400 -88.588872
v -108.868000 15.385400 -87.596748
v -108.976992 15.385400 -88.068464
v -108.471812 15.385400 -87.242153
v -108.513977 15.385400 -88.919121
v -108.008796 15.385400 -89.084941
v -108.008796 15.385400 -87.100686
v -107.545781 15.385400 -88.943467
v -107.503608 15.385400 -87.266499
v -107.149585 15.385400 -88.588872
v -107.149585 15.385400 -87.596748
v -107.040593 15.385400 -88.117156
v -107.040593 15.385400 -88.117156
v -107.149585 18.493455 -87.596748
v -107.149585 15.385400 -87.596748
v -107.040593 18.493455 -88.117156
v -107.149585 15.385400 -88.588872
v -107.149585 18.493455 -88.588872
v -107.503608 15.385400 -87.266499
v -107.503608 18.493455 -87.266499
v -108.976992 18.493455 -88.068464
v -108.868000 15.385400 -87.596748
v -108.868000 18.493455 -87.596748
v -108.976992 15.385400 -88.068464
v -108.868000 18.493455 -88.588872
v -108.868000 15.385400 -88.588872
v -108.513977 15.385400 -88.919121
v -108.513977 18.493455 -88.919121
v -108.008796 15.385400 -89.084941
v -108.008796 18.493455 -89.084941
v -107.545781 15.385400 -88.943467
v -107.545781 18.493455 -88.943467
v -108.008796 15.385400 -87.100686
v -108.008796 18.493455 -87.100686
v -108.471812 15.385400 -87.242153
v -108.471812 18.493455 -87.242153
v -108.868000 18.493455 -87.596748
v -108.868000 18.493455 -88.588872
v -108.976992 18.493455 -88.068464
v -108.471812 18.493455 -87.242153
v -108.513977 18.493455 -88.919121
v -108.008796 18.493455 -89.084941
v -108.008796 18.493455 -87.100686
v -107.503608 18.493455 -87.266499
v -107.545781 18.493455 -88.943467
v -107.149585 18.493455 -88.588872
v -107.149585 18.493455 -87.596748
v -107.040593 18.493455 -88.117156
v -108.976992 15.385400 -88.068464
v -108.976992 18.493455 -88.068464
v -108.976992 15.385400 -88.068464
f 6535 6536 6537
f 6536 6535 6538
f 6538 6535 6539
f 6538 6539 6540
f 6538 6540 6541
f 6541 6540 6542
f 6541 6542 6543
f 6543 6542 6544
f 6543 6544 6545
f 6545 6544 6546
f 6547 6548 6549
f 6548 6547 6550
f 6551 6550 6547
f 6550 6551 6552
f 6548 6553 6549
f 6553 6548 6554
f 6555 6556 6557
f 6556 6555 6558
f 6559 6583 6584
f 6585 6559 6560
f 6559 6561 6560
f 6561 6559 6562
f 6562 6563 6561
f 6563 6562 6564
f 6564 6565 6563
f 6565 6564 6566
f 6566 6551 6565
f 6551 6566 6552
f 6554 6567 6553
f 6567 6554 6568
f 6568 6569 6567
f 6569 6568 6570
f 6570 6556 6569
f 6556 6570 6557
f 6571 6572 6573
f 6572 6571 6574
f 6572 6574 6575
f 6575 6574 6576
f 6576 6574 6577
f 6576 6577 6578
f 6576 6578 6579
f 6579 6578 6580
f 6580 6578 6581
f 6580 6581 6582
o Dust_II_Group_127
v -107.012542 15.385400 -89.154038
v -107.012542 15.385400 -88.161914
v -107.121533 15.385400 -88.633630
v -106.616353 15.385400 -87.807319
v -106.658518 15.385400 -89.484287
v -106.153337 15.385400 -89.650107
v -106.153337 15.385400 -87.665852
v -105.690322 15.385400 -89.508633
v -105.648149 15.385400 -87.831665
v -105.294126 15.385400 -89.154038
v -105.294126 15.385400 -88.161914
v -105.185134 15.385400 -88.682322
v -105.185134 15.385400 -88.682322
v -105.294126 18.493455 -88.161914
v -105.294126 15.385400 -88.161914
v -105.185134 18.493455 -88.682322
v -105.294126 15.385400 -89.154038
v -105.294126 18.493455 -89.154038
v -105.648149 15.385400 -87.831665
v -105.648149 18.493455 -87.831665
v -107.121533 18.493455 -88.633630
v -107.012542 15.385400 -88.161914
v -107.012542 18.493455 -88.161914
v -107.121533 15.385400 -88.633630
v -107.012542 18.493455 -89.154038
v -107.012542 15.385400 -89.154038
v -106.658518 15.385400 -89.484287
v -106.658518 18.493455 -89.484287
v -106.153337 15.385400 -89.650107
v -106.153337 18.493455 -89.650107
v -105.690322 15.385400 -89.508633
v -105.690322 18.493455 -89.508633
v -106.153337 15.385400 -87.665852
v -106.153337 18.493455 -87.665852
v -106.616353 15.385400 -87.807319
v -106.616353 18.493455 -87.807319
v -107.012542 18.493455 -88.161914
v -107.012542 18.493455 -89.154038
v -107.121533 18.493455 -88.633630
v -106.616353 18.493455 -87.807319
v -106.658518 18.493455 -89.484287
v -106.153337 18.493455 -89.650107
v -106.153337 18.493455 -87.665852
v -105.648149 18.493455 -87.831665
v -105.690322 18.493455 -89.508633
v -105.294126 18.493455 -89.154038
v -105.294126 18.493455 -88.161914
v -105.185134 18.493455 -88.682322
v -107.121533 15.385400 -88.633630
v -107.121533 18.493455 -88.633630
v -107.121533 15.385400 -88.633630
f 6586 6587 6588
f 6587 6586 6589
f 6589 6586 6590
f 6589 6590 6591
f 6589 6591 6592
f 6592 6591 6593
f 6592 6593 6594
f 6594 6593 6595
f 6594 6595 6596
f 6596 6595 6597
f 6598 6599 6600
f 6599 6598 6601
f 6602 6601 6598
f 6601 6602 6603
f 6599 6604 6600
f 6604 6599 6605
f 6606 6607 6608
f 6607 6606 6609
f 6610 6634 6635
f 6636 6610 6611
f 6610 6612 6611
f 6612 6610 6613
f 6613 6614 6612
f 6614 6613 6615
f 6615 6616 6614
f 6616 6615 6617
f 6617 6602 6616
f 6602 6617 6603
f 6605 6618 6604
f 6618 6605 6619
f 6619 6620 6618
f 6620 6619 6621
f 6621 6607 6620
f 6607 6621 6608
f 6622 6623 6624
f 6623 6622 6625
f 6623 6625 6626
f 6626 6625 6627
f 6627 6625 6628
f 6627 6628 6629
f 6627 6629 6630
f 6630 6629 6631
f 6631 6629 6632
f 6631 6632 6633
o Dust_II_Group_126
v -108.202786 18.493455 -89.633203
v -108.202786 18.493455 -88.641079
v -108.311777 18.493455 -89.112795
v -107.806597 18.493455 -88.286484
v -107.848762 18.493455 -89.963452
v -107.343582 18.493455 -90.129272
v -107.343582 18.493455 -88.145017
v -106.880566 18.493455 -89.987798
v -106.838394 18.493455 -88.310830
v -106.484370 18.493455 -89.633203
v -106.484370 18.493455 -88.641079
v -106.375378 18.493455 -89.161487
v -106.375378 18.493455 -89.161487
v -106.484370 21.601509 -88.641079
v -106.484370 18.493455 -88.641079
v -106.375378 21.601509 -89.161487
v -106.484370 18.493455 -89.633203
v -106.484370 21.601509 -89.633203
v -106.838394 18.493455 -88.310830
v -106.838394 21.601509 -88.310830
v -108.311777 21.601509 -89.112795
v -108.202786 18.493455 -88.641079
v -108.202786 21.601509 -88.641079
v -108.311777 18.493455 -89.112795
v -108.202786 21.601509 -89.633203
v -108.202786 18.493455 -89.633203
v -107.848762 18.493455 -89.963452
v -107.848762 21.601509 -89.963452
v -107.343582 18.493455 -90.129272
v -107.343582 21.601509 -90.129272
v -106.880566 18.493455 -89.987798
v -106.880566 21.601509 -89.987798
v -107.343582 18.493455 -88.145017
v -107.343582 21.601509 -88.145017
v -107.806597 18.493455 -88.286484
v -107.806597 21.601509 -88.286484
v -108.202786 21.601509 -88.641079
v -108.202786 21.601509 -89.633203
v -108.311777 21.601509 -89.112795
v -107.806597 21.601509 -88.286484
v -107.848762 21.601509 -89.963452
v -107.343582 21.601509 -90.129272
v -107.343582 21.601509 -88.145017
v -106.838394 21.601509 -88.310830
v -106.880566 21.601509 -89.987798
v -106.484370 21.601509 -89.633203
v -106.484370 21.601509 -88.641079
v -106.375378 21.601509 -89.161487
v -108.311777 18.493455 -89.112795
v -108.311777 21.601509 -89.112795
v -108.311777 18.493455 -89.112795
f 6637 6638 6639
f 6638 6637 6640
f 6640 6637 6641
f 6640 6641 6642
f 6640 6642 6643
f 6643 6642 6644
f 6643 6644 6645
f 6645 6644 6646
f 6645 6646 6647
f 6647 6646 6648
f 6649 6650 6651
f 6650 6649 6652
f 6653 6652 6649
f 6652 6653 6654
f 6650 6655 6651
f 6655 6650 6656
f 6657 6658 6659
f 6658 6657 6660
f 6661 6685 6686
f 6687 6661 6662
f 6661 6663 6662
f 6663 6661 6664
f 6664 6665 6663
f 6665 6664 6666
f 6666 6667 6665
f 6667 6666 6668
f 6668 6653 6667
f 6653 6668 6654
f 6656 6669 6655
f 6669 6656 6670
f 6670 6671 6669
f 6671 6670 6672
f 6672 6658 6671
f 6658 6672 6659
f 6673 6674 6675
f 6674 6673 6676
f 6674 6676 6677
f 6677 6676 6678
f 6678 6676 6679
f 6678 6679 6680
f 6678 6680 6681
f 6681 6680 6682
f 6682 6680 6683
f 6682 6683 6684
o Dust_II_Group_125
v -63.000630 22.162650 -60.069699
v -65.679813 15.807283 -63.889994
v -63.000630 15.807283 -60.069699
v -65.679813 18.759941 -63.889994
v -65.682087 19.549410 -63.893232
v -63.361626 22.161351 -60.584454
v -65.682087 22.161351 -63.893232
v -65.443159 18.759941 -64.055428
v -62.763970 15.807283 -60.235129
v -65.443159 15.807283 -64.055428
v -62.763970 22.162650 -60.235129
v -65.445426 19.549410 -64.058662
v -63.124972 22.161351 -60.749888
v -65.445426 22.161351 -64.058662
v -65.445426 22.162650 -64.058662
v -65.682087 19.549410 -63.893232
v -65.445426 22.161351 -64.058662
v -65.445426 19.549410 -64.058662
v -65.445426 22.161351 -64.058662
v -65.682087 19.549410 -63.893232
v -65.682087 22.161351 -63.893232
v -65.679813 15.807283 -63.889994
v -62.763970 15.807283 -60.235129
v -63.000630 15.807283 -60.069699
v -62.763970 15.807283 -60.235129
v -65.679813 15.807283 -63.889994
v -65.443159 15.807283 -64.055428
v -65.679813 18.759941 -63.889994
v -65.445426 19.549410 -64.058662
v -65.443159 18.759941 -64.055428
v -65.445426 19.549410 -64.058662
v -65.679813 18.759941 -63.889994
v -65.682087 19.549410 -63.893232
v -65.679813 15.807283 -63.889994
v -65.443159 18.759941 -64.055428
v -65.443159 15.807283 -64.055428
v -65.443159 18.759941 -64.055428
v -65.679813 15.807283 -63.889994
v -65.679813 18.759941 -63.889994
v -63.000630 22.162650 -60.069699
v -62.763970 15.807283 -60.235129
v -62.763970 22.162650 -60.235129
v -62.763970 15.807283 -60.235129
v -63.000630 22.162650 -60.069699
v -63.000630 15.807283 -60.069699
v -62.763970 22.162650 -60.235129
v -62.763970 22.162650 -60.235129
f 6688 6689 6690
f 6689 6688 6691
f 6691 6688 6692
f 6692 6688 6693
f 6694 6692 6693
f 6695 6696 6697
f 6696 6695 6698
f 6698 6695 6699
f 6698 6699 6700
f 6700 6699 6701
f 6703 6704 6705
f 6706 6707 6708
f 6709 6710 6711
f 6712 6713 6714
f 6715 6716 6717
f 6718 6719 6720
f 6721 6722 6723
f 6724 6725 6726
f 6727 6728 6729
f 6730 6731 6732
f 6702 6694 6733
f 6688 6694 6693
f 6694 6688 6734
o Dust_II_Group_124
v -59.187323 22.162650 -54.913557
v -62.735827 22.161351 -57.963513
v -59.665053 22.161351 -55.324167
v -62.544046 18.759941 -58.178685
v -58.998545 15.807283 -55.131313
v -62.544046 15.807283 -58.178685
v -58.998545 22.162650 -55.131313
v -62.547053 19.549410 -58.181270
v -59.476275 22.161351 -55.541924
v -62.547053 22.161351 -58.181270
v -62.735827 19.549410 -57.963513
v -62.732827 15.807283 -57.960930
v -59.187323 15.807283 -54.913557
v -62.732827 18.759941 -57.960930
v -62.547053 22.162650 -58.181270
v -62.547053 22.161351 -58.181270
v -62.547053 19.549410 -58.181270
v -62.547053 22.161351 -58.181270
v -62.735827 22.161351 -57.963513
v -58.998545 15.807283 -55.131313
v -58.998545 15.807283 -55.131313
v -62.544046 15.807283 -58.178685
v -62.544046 18.759941 -58.178685
v -62.735827 19.549410 -57.963513
v -62.547053 19.549410 -58.181270
v -62.735827 19.549410 -57.963513
v -62.544046 18.759941 -58.178685
v -62.732827 15.807283 -57.960930
v -62.544046 18.759941 -58.178685
v -62.544046 15.807283 -58.178685
v -62.544046 18.759941 -58.178685
v -62.732827 15.807283 -57.960930
v -62.732827 18.759941 -57.960930
v -59.187323 22.162650 -54.913557
v -58.998545 15.807283 -55.131313
v -58.998545 22.162650 -55.131313
v -58.998545 15.807283 -55.131313
v -59.187323 22.162650 -54.913557
v -59.187323 15.807283 -54.913557
v -62.735827 22.161351 -57.963513
v -58.998545 22.162650 -55.131313
v -62.732827 15.807283 -57.960930
v -59.187323 15.807283 -54.913557
v -62.732827 15.807283 -57.960930
v -62.732827 18.759941 -57.960930
v -62.732827 18.759941 -57.960930
v -62.735827 19.549410 -57.963513
v -62.735827 19.549410 -57.963513
v -62.735827 19.549410 -57.963513
v -62.735827 22.161351 -57.963513
v -59.187323 22.162650 -54.913557
v -58.998545 22.162650 -55.131313
f 6735 6736 6737
f 6738 6739 6740
f 6739 6738 6741
f 6741 6738 6742
f 6741 6742 6743
f 6743 6742 6744
f 6745 6750 6751
f 6752 6745 6753
f 6746 6754 6747
f 6755 6746 6756
f 6757 6758 6759
f 6760 6761 6748
f 6762 6763 6764
f 6765 6766 6767
f 6768 6769 6770
f 6771 6772 6773
f 6749 6774 6775
f 6735 6776 6777
f 6778 6735 6779
f 6780 6735 6781
f 6782 6735 6737
f 6736 6783 6737
f 6784 6785 6786
o Dust_II_Group_123
v -57.688982 18.566616 -85.347510
v -57.688982 18.566616 -84.355386
v -57.797974 18.566616 -84.827102
v -57.292789 18.566616 -84.000791
v -57.334958 18.566616 -85.677759
v -56.829774 18.566616 -85.843579
v -56.829774 18.566616 -83.859324
v -56.366763 18.566616 -85.702104
v -56.324590 18.566616 -84.025137
v -55.970570 18.566616 -85.347510
v -55.970570 18.566616 -84.355386
v -55.861578 18.566616 -84.875793
v -55.861578 18.566616 -84.875793
v -55.970570 21.674670 -84.355386
v -55.970570 18.566616 -84.355386
v -55.861578 21.674670 -84.875793
v -55.970570 18.566616 -85.347510
v -55.970570 21.674670 -85.347510
v -56.324590 18.566616 -84.025137
v -56.324590 21.674670 -84.025137
v -57.797974 21.674670 -84.827102
v -57.688982 18.566616 -84.355386
v -57.688982 21.674670 -84.355386
v -57.797974 18.566616 -84.827102
v -57.688982 21.674670 -85.347510
v -57.688982 18.566616 -85.347510
v -57.334958 18.566616 -85.677759
v -57.334958 21.674670 -85.677759
v -56.829774 18.566616 -85.843579
v -56.829774 21.674670 -85.843579
v -56.366763 18.566616 -85.702104
v -56.366763 21.674670 -85.702104
v -56.829774 18.566616 -83.859324
v -56.829774 21.674670 -83.859324
v -57.292789 18.566616 -84.000791
v -57.292789 21.674670 -84.000791
v -57.688982 21.674670 -84.355386
v -57.688982 21.674670 -85.347510
v -57.797974 21.674670 -84.827102
v -57.292789 21.674670 -84.000791
v -57.334958 21.674670 -85.677759
v -56.829774 21.674670 -85.843579
v -56.829774 21.674670 -83.859324
v -56.324590 21.674670 -84.025137
v -56.366763 21.674670 -85.702104
v -55.970570 21.674670 -85.347510
v -55.970570 21.674670 -84.355386
v -55.861578 21.674670 -84.875793
v -57.797974 18.566616 -84.827102
v -57.797974 21.674670 -84.827102
v -57.797974 18.566616 -84.827102
f 6787 6788 6789
f 6788 6787 6790
f 6790 6787 6791
f 6790 6791 6792
f 6790 6792 6793
f 6793 6792 6794
f 6793 6794 6795
f 6795 6794 6796
f 6795 6796 6797
f 6797 6796 6798
f 6799 6800 6801
f 6800 6799 6802
f 6803 6802 6799
f 6802 6803 6804
f 6800 6805 6801
f 6805 6800 6806
f 6807 6808 6809
f 6808 6807 6810
f 6811 6835 6836
f 6837 6811 6812
f 6811 6813 6812
f 6813 6811 6814
f 6814 6815 6813
f 6815 6814 6816
f 6816 6817 6815
f 6817 6816 6818
f 6818 6803 6817
f 6803 6818 6804
f 6806 6819 6805
f 6819 6806 6820
f 6820 6821 6819
f 6821 6820 6822
f 6822 6808 6821
f 6808 6822 6809
f 6823 6824 6825
f 6824 6823 6826
f 6824 6826 6827
f 6827 6826 6828
f 6828 6826 6829
f 6828 6829 6830
f 6828 6830 6831
f 6831 6830 6832
f 6832 6830 6833
f 6832 6833 6834
o Dust_II_Group_122
v -51.700913 18.920725 -82.456143
v -56.187612 14.434026 -82.456143
v -51.700913 14.434026 -82.456143
v -56.187612 18.920725 -82.456143
v -51.700913 14.434026 -86.942845
v -51.700913 18.920725 -86.942845
v -51.700913 18.920725 -82.456143
v -56.187612 18.920725 -86.942845
v -56.187612 18.920725 -82.456143
v -51.700913 18.920725 -86.942845
v -51.700913 14.434026 -86.942845
v -56.187612 14.434026 -82.456143
v -56.187612 14.434026 -86.942845
v -51.700913 14.434026 -82.456143
v -56.187612 18.920725 -86.942845
v -56.187612 14.434026 -82.456143
v -56.187612 18.920725 -82.456143
v -56.187612 14.434026 -86.942845
v -51.700913 14.434026 -86.942845
v -51.700913 18.920725 -86.942845
f 6838 6839 6840
f 6839 6838 6841
f 6842 6838 6840
f 6838 6842 6843
f 6844 6845 6846
f 6845 6844 6847
f 6848 6849 6850
f 6849 6848 6851
f 6852 6853 6854
f 6853 6852 6855
f 6852 6856 6855
f 6856 6852 6857
o Dust_II_Group_121
v 13.523577 13.881185 -51.456823
v 17.495323 9.909440 -51.456823
v 13.523577 9.909440 -51.456823
v 17.495323 13.881185 -51.456823
v 17.495323 13.881185 -47.485078
v 13.523577 9.909440 -47.485078
v 17.495323 9.909440 -47.485078
v 13.523577 13.881185 -47.485078
v 17.495323 9.909440 -51.456823
v 13.523577 9.909440 -47.485078
v 13.523577 9.909440 -51.456823
v 17.495323 9.909440 -47.485078
v 17.495323 13.881185 -47.485078
v 13.523577 13.881185 -51.456823
v 13.523577 13.881185 -47.485078
v 17.495323 13.881185 -51.456823
v 13.523577 13.881185 -51.456823
v 13.523577 9.909440 -47.485078
v 13.523577 13.881185 -47.485078
v 13.523577 9.909440 -51.456823
v 17.495323 9.909440 -51.456823
v 17.495323 13.881185 -47.485078
v 17.495323 9.909440 -47.485078
v 17.495323 13.881185 -51.456823
f 6858 6859 6860
f 6859 6858 6861
f 6862 6863 6864
f 6863 6862 6865
f 6866 6867 6868
f 6867 6866 6869
f 6870 6871 6872
f 6871 6870 6873
f 6874 6875 6876
f 6875 6874 6877
f 6878 6879 6880
f 6879 6878 6881
o Dust_II_Group_120
v 11.402454 11.017084 -65.068314
v 8.174993 6.530384 -61.951589
v 11.402454 6.530384 -65.068314
v 8.174993 11.017084 -61.951589
v 8.285731 6.530384 -68.295774
v 8.285731 11.017084 -68.295774
v 11.402454 11.017084 -65.068314
v 5.058270 11.017084 -65.179049
v 8.174993 11.017084 -61.951589
v 8.285731 11.017084 -68.295774
v 8.285731 6.530384 -68.295774
v 8.174993 6.530384 -61.951589
v 5.058270 6.530384 -65.179049
v 11.402454 6.530384 -65.068314
v 5.058270 11.017084 -65.179049
v 8.174993 6.530384 -61.951589
v 8.174993 11.017084 -61.951589
v 5.058270 6.530384 -65.179049
v 8.285731 6.530384 -68.295774
v 8.285731 11.017084 -68.295774
f 6882 6883 6884
f 6883 6882 6885
f 6886 6882 6884
f 6882 6886 6887
f 6888 6889 6890
f 6889 6888 6891
f 6892 6893 6894
f 6893 6892 6895
f 6896 6897 6898
f 6897 6896 6899
f 6896 6900 6899
f 6900 6896 6901
o Dust_II_Group_119
v -100.034919 20.949681 141.207048
v -99.304087 20.155963 140.982034
v -100.034919 20.155963 141.207048
v -99.304087 20.949681 140.982034
v -98.561953 20.949681 143.758308
v -99.304087 20.155963 143.983323
v -98.561953 20.155963 143.758308
v -99.304087 20.949681 143.983323
v -100.771406 20.949681 142.482678
v -100.603674 20.155963 143.233000
v -100.603674 20.949681 143.233000
v -100.771406 20.155963 142.482678
v -100.034919 20.155963 143.758308
v -100.034919 20.949681 143.758308
v -98.004492 20.155963 141.732356
v -97.825466 20.949681 142.482678
v -97.825466 20.155963 142.482678
v -98.004492 20.949681 141.732356
v -100.603674 20.949681 141.732356
v -100.264871 20.949681 142.482678
v -100.154912 20.949681 142.974558
v -99.782065 20.949681 143.318928
v -99.302974 20.949681 143.466423
v -98.816484 20.949681 143.318928
v -98.451042 20.949681 142.974558
v -98.004492 20.949681 143.233000
v -98.333679 20.949681 142.482678
v -100.154912 20.949681 141.990798
v -99.782065 20.949681 141.646443
v -99.302974 20.949681 141.498933
v -98.561953 20.949681 141.207048
v -98.816484 20.949681 141.646443
v -98.451042 20.949681 141.990798
v -98.561953 20.155963 141.207048
v -98.004492 20.155963 143.233000
v -100.603674 20.155963 141.732356
v -100.264871 20.155963 142.482678
v -100.154912 20.155963 141.990798
v -99.782065 20.155963 141.646443
v -99.302974 20.155963 141.498933
v -98.816484 20.155963 141.646443
v -98.451042 20.155963 141.990798
v -98.333679 20.155963 142.482678
v -100.154912 20.155963 142.974558
v -99.782065 20.155963 143.318928
v -99.302974 20.155963 143.466423
v -98.816484 20.155963 143.318928
v -98.451042 20.155963 142.974558
v -99.782065 20.949681 143.318928
v -99.302974 20.155963 143.466423
v -99.782065 20.155963 143.318928
v -99.302974 20.949681 143.466423
v -100.154912 20.155963 142.974558
v -100.264871 20.949681 142.482678
v -100.154912 20.949681 142.974558
v -100.264871 20.155963 142.482678
v -99.302974 20.949681 141.498933
v -99.782065 20.155963 141.646443
v -99.302974 20.155963 141.498933
v -99.782065 20.949681 141.646443
v -98.451042 20.949681 141.990798
v -98.816484 20.155963 141.646443
v -98.451042 20.155963 141.990798
v -98.816484 20.949681 141.646443
v -98.333679 20.949681 142.482678
v -98.451042 20.155963 142.974558
v -98.451042 20.949681 142.974558
v -98.333679 20.155963 142.482678
v -100.154912 20.155963 141.990798
v -100.154912 20.949681 141.990798
v -98.816484 20.949681 143.318928
v -98.816484 20.155963 143.318928
v -100.603674 20.949681 143.233000
v -100.771406 20.949681 142.482678
v -100.603674 20.949681 143.233000
v -100.034919 20.949681 143.758308
v -100.034919 20.949681 143.758308
v -100.034919 20.949681 143.758308
v -100.034919 20.949681 143.758308
v -100.034919 20.949681 143.758308
v -99.304087 20.949681 143.983323
v -99.304087 20.949681 143.983323
v -99.304087 20.949681 143.983323
v -98.561953 20.949681 143.758308
v -98.561953 20.949681 143.758308
v -98.561953 20.949681 143.758308
v -98.561953 20.949681 143.758308
v -100.034919 20.949681 141.207048
v -100.034919 20.949681 141.207048
v -100.034919 20.949681 141.207048
v -100.034919 20.949681 141.207048
v -99.304087 20.949681 140.982034
v -99.304087 20.949681 140.982034
v -99.304087 20.949681 140.982034
v -98.004492 20.949681 141.732356
v -98.004492 20.949681 141.732356
v -98.004492 20.949681 141.732356
v -98.004492 20.949681 141.732356
v -97.825466 20.949681 142.482678
v -98.561953 20.949681 141.207048
v -98.561953 20.949681 141.207048
v -98.561953 20.949681 141.207048
v -97.825466 20.155963 142.482678
v -98.004492 20.949681 143.233000
v -98.004492 20.949681 143.233000
v -97.825466 20.155963 142.482678
v -97.825466 20.949681 142.482678
v -100.603674 20.949681 141.732356
v -100.603674 20.949681 141.732356
v -98.004492 20.949681 143.233000
v -98.004492 20.949681 143.233000
v -100.603674 20.155963 141.732356
v -100.603674 20.155963 143.233000
v -100.771406 20.155963 142.482678
v -100.603674 20.155963 143.233000
v -100.603674 20.155963 141.732356
v -100.034919 20.155963 141.207048
v -100.603674 20.155963 143.233000
v -100.034919 20.155963 141.207048
v -100.034919 20.155963 141.207048
v -100.034919 20.155963 141.207048
v -100.034919 20.155963 141.207048
v -99.304087 20.155963 140.982034
v -99.304087 20.155963 140.982034
v -99.304087 20.155963 140.982034
v -98.561953 20.155963 141.207048
v -98.561953 20.155963 141.207048
v -98.561953 20.155963 141.207048
v -98.561953 20.155963 141.207048
v -98.004492 20.155963 141.732356
v -98.004492 20.155963 141.732356
v -100.034919 20.155963 143.758308
v -100.603674 20.155963 143.233000
v -100.034919 20.155963 143.758308
v -100.034919 20.155963 143.758308
v -100.034919 20.155963 143.758308
v -99.304087 20.155963 143.983323
v -99.304087 20.155963 143.983323
v -99.304087 20.155963 143.983323
v -98.561953 20.155963 143.758308
v -98.561953 20.155963 143.758308
v -98.561953 20.155963 143.758308
v -98.561953 20.155963 143.758308
v -98.004492 20.155963 143.233000
v -98.004492 20.155963 143.233000
v -98.004492 20.155963 143.233000
v -98.004492 20.155963 141.732356
v -98.004492 20.155963 143.233000
v -98.004492 20.155963 141.732356
v -97.825466 20.155963 142.482678
v -100.603674 20.949681 141.732356
v -100.603674 20.949681 141.732356
v -98.816484 20.949681 141.646443
v -99.302974 20.155963 141.498933
v -98.816484 20.155963 141.646443
v -99.302974 20.155963 141.498933
v -98.816484 20.949681 141.646443
v -99.302974 20.949681 141.498933
v -99.782065 20.949681 141.646443
v -99.782065 20.155963 141.646443
v -99.782065 20.949681 141.646443
v -100.154912 20.949681 142.974558
v -99.782065 20.155963 143.318928
v -100.154912 20.155963 142.974558
v -99.782065 20.155963 143.318928
v -100.154912 20.949681 142.974558
v -99.782065 20.949681 143.318928
v -98.451042 20.949681 141.990798
v -98.333679 20.155963 142.482678
v -98.333679 20.949681 142.482678
v -98.333679 20.155963 142.482678
v -98.451042 20.949681 141.990798
v -98.451042 20.155963 141.990798
v -100.154912 20.155963 141.990798
v -100.264871 20.949681 142.482678
v -100.264871 20.155963 142.482678
v -100.264871 20.949681 142.482678
v -100.154912 20.155963 141.990798
v -100.154912 20.949681 141.990798
v -98.451042 20.155963 142.974558
v -98.451042 20.155963 142.974558
v -98.451042 20.949681 142.974558
v -99.302974 20.949681 143.466423
v -98.816484 20.155963 143.318928
v -99.302974 20.155963 143.466423
v -98.816484 20.155963 143.318928
v -99.302974 20.949681 143.466423
v -98.816484 20.949681 143.318928
f 6902 6903 6904
f 6903 6902 6905
f 6906 6907 6908
f 6907 6906 6909
f 6910 6911 6912
f 6911 6910 6913
f 6909 6914 6907
f 6914 6909 6915
f 6916 6917 6918
f 6917 6916 6919
f 6915 6911 6914
f 6911 6915 6912
f 6974 6920 6975
f 6920 6976 6977
f 6920 6978 6921
f 6921 6979 6922
f 6922 6980 6923
f 6923 6981 6982
f 6923 6983 6924
f 6924 6984 6985
f 6924 6986 6925
f 6925 6987 6926
f 6926 6988 6927
f 6926 6927 6928
f 6921 6989 6920
f 6990 6921 6929
f 6991 6929 6930
f 6992 6930 6993
f 6994 6930 6931
f 6995 6931 6932
f 6932 6931 6933
f 6932 6933 6934
f 6932 6934 6996
f 6997 6934 6928
f 6998 6928 6927
f 6999 6927 7000
f 7001 6916 6935
f 6916 7002 6919
f 6905 6935 6903
f 6935 6905 7003
f 7004 7005 6936
f 7006 7007 7008
f 7009 6913 6910
f 6913 7010 6937
f 7011 6908 6936
f 6908 7012 6906
f 7013 7014 7015
f 7016 7017 7018
f 7019 7020 6938
f 6938 7021 6939
f 6939 7022 6940
f 6940 7023 7024
f 6940 7025 6941
f 6941 7026 7027
f 6941 7028 6942
f 6942 7029 6943
f 6943 7030 7031
f 6943 7032 6944
f 6938 7033 7034
f 7035 6938 6945
f 7036 6945 6946
f 7037 6946 7038
f 7039 6946 6947
f 7040 6947 7041
f 7042 6947 6948
f 7043 6948 6949
f 7044 6949 7045
f 7046 6949 6944
f 7047 6944 7048
f 7049 7050 7051
f 7052 6904 6937
f 6904 7053 6902
f 6950 6951 6952
f 6951 6950 6953
f 6954 6955 6956
f 6955 6954 6957
f 6958 6959 6960
f 6959 6958 6961
f 6962 6963 6964
f 6963 6962 6965
f 7054 7055 7056
f 7057 7058 7059
f 6966 6967 6968
f 6967 6966 6969
f 7060 6970 7061
f 6970 7062 6971
f 7063 7064 7065
f 7066 7067 7068
f 7069 7070 7071
f 7072 7073 7074
f 7075 7076 7077
f 7078 7079 7080
f 6972 7081 6973
f 7082 6972 7083
f 7084 7085 7086
f 7087 7088 7089
o Dust_II_Group_118
v -103.432521 21.313130 140.506502
v -103.432522 21.313130 141.498626
v -103.541513 21.313130 141.026917
v -103.036333 21.313130 141.853220
v -103.078498 21.313130 140.176253
v -102.573317 21.313130 140.010447
v -102.573318 21.313130 141.994695
v -102.110302 21.313130 140.151908
v -102.068130 21.313130 141.828875
v -101.714106 21.313130 140.506502
v -101.714106 21.313130 141.498641
v -101.605114 21.313130 140.978226
v -101.605114 21.313130 140.978226
v -101.714106 24.421185 141.498641
v -101.714106 21.313130 141.498641
v -101.605114 24.421185 140.978226
v -101.714106 21.313130 140.506502
v -101.714106 24.421185 140.506502
v -102.068130 21.313130 141.828875
v -102.068130 24.421185 141.828875
v -103.541513 24.421185 141.026917
v -103.432522 21.313130 141.498626
v -103.432522 24.421185 141.498626
v -103.541513 21.313130 141.026917
v -103.432521 24.421185 140.506502
v -103.432521 21.313130 140.506502
v -103.078498 21.313130 140.176253
v -103.078498 24.421185 140.176253
v -102.573317 21.313130 140.010447
v -102.573317 24.421185 140.010447
v -102.110302 21.313130 140.151908
v -102.110302 24.421185 140.151908
v -102.573318 21.313130 141.994695
v -102.573318 24.421185 141.994695
v -103.036333 21.313130 141.853220
v -103.036333 24.421185 141.853220
v -103.432522 24.421185 141.498626
v -103.432521 24.421185 140.506502
v -103.541513 24.421185 141.026917
v -103.036333 24.421185 141.853220
v -103.078498 24.421185 140.176253
v -102.573317 24.421185 140.010447
v -102.573318 24.421185 141.994695
v -102.068130 24.421185 141.828875
v -102.110302 24.421185 140.151908
v -101.714106 24.421185 140.506502
v -101.714106 24.421185 141.498641
v -101.605114 24.421185 140.978226
v -103.541513 21.313130 141.026917
v -103.541513 24.421185 141.026917
v -103.541513 21.313130 141.026917
f 7090 7091 7092
f 7091 7090 7093
f 7093 7090 7094
f 7093 7094 7095
f 7093 7095 7096
f 7096 7095 7097
f 7096 7097 7098
f 7098 7097 7099
f 7098 7099 7100
f 7100 7099 7101
f 7102 7103 7104
f 7103 7102 7105
f 7106 7105 7102
f 7105 7106 7107
f 7103 7108 7104
f 7108 7103 7109
f 7110 7111 7112
f 7111 7110 7113
f 7114 7138 7139
f 7140 7114 7115
f 7114 7116 7115
f 7116 7114 7117
f 7117 7118 7116
f 7118 7117 7119
f 7119 7120 7118
f 7120 7119 7121
f 7121 7106 7120
f 7106 7121 7107
f 7109 7122 7108
f 7122 7109 7123
f 7123 7124 7122
f 7124 7123 7125
f 7125 7111 7124
f 7111 7125 7112
f 7126 7127 7128
f 7127 7126 7129
f 7127 7129 7130
f 7130 7129 7131
f 7131 7129 7132
f 7131 7132 7133
f 7131 7133 7134
f 7134 7133 7135
f 7135 7133 7136
f 7135 7136 7137
o Dust_II_Group_117
v -102.969513 21.313130 138.663713
v -102.969514 21.313130 139.655837
v -103.078505 21.313130 139.184128
v -102.573325 21.313130 140.010432
v -102.615490 21.313130 138.333465
v -102.110309 21.313130 138.167659
v -102.110310 21.313130 140.151907
v -101.647294 21.313130 138.309119
v -101.605122 21.313130 139.986087
v -101.251098 21.313130 138.663714
v -101.251098 21.313130 139.655853
v -101.142106 21.313130 139.135438
v -101.142106 21.313130 139.135438
v -101.251098 24.421185 139.655853
v -101.251098 21.313130 139.655853
v -101.142106 24.421185 139.135438
v -101.251098 21.313130 138.663714
v -101.251098 24.421185 138.663714
v -101.605122 21.313130 139.986087
v -101.605122 24.421185 139.986087
v -103.078505 24.421185 139.184128
v -102.969514 21.313130 139.655837
v -102.969514 24.421185 139.655837
v -103.078505 21.313130 139.184128
v -102.969513 24.421185 138.663713
v -102.969513 21.313130 138.663713
v -102.615490 21.313130 138.333465
v -102.615490 24.421185 138.333465
v -102.110309 21.313130 138.167659
v -102.110309 24.421185 138.167659
v -101.647294 21.313130 138.309119
v -101.647294 24.421185 138.309119
v -102.110310 21.313130 140.151907
v -102.110310 24.421185 140.151907
v -102.573325 21.313130 140.010432
v -102.573325 24.421185 140.010432
v -102.969514 24.421185 139.655837
v -102.969513 24.421185 138.663713
v -103.078505 24.421185 139.184128
v -102.573325 24.421185 140.010432
v -102.615490 24.421185 138.333465
v -102.110309 24.421185 138.167659
v -102.110310 24.421185 140.151907
v -101.605122 24.421185 139.986087
v -101.647294 24.421185 138.309119
v -101.251098 24.421185 138.663714
v -101.251098 24.421185 139.655853
v -101.142106 24.421185 139.135438
v -103.078505 21.313130 139.184128
v -103.078505 24.421185 139.184128
v -103.078505 21.313130 139.184128
f 7141 7142 7143
f 7142 7141 7144
f 7144 7141 7145
f 7144 7145 7146
f 7144 7146 7147
f 7147 7146 7148
f 7147 7148 7149
f 7149 7148 7150
f 7149 7150 7151
f 7151 7150 7152
f 7153 7154 7155
f 7154 7153 7156
f 7157 7156 7153
f 7156 7157 7158
f 7154 7159 7155
f 7159 7154 7160
f 7161 7162 7163
f 7162 7161 7164
f 7165 7189 7190
f 7191 7165 7166
f 7165 7167 7166
f 7167 7165 7168
f 7168 7169 7167
f 7169 7168 7170
f 7170 7171 7169
f 7171 7170 7172
f 7172 7157 7171
f 7157 7172 7158
f 7160 7173 7159
f 7173 7160 7174
f 7174 7175 7173
f 7175 7174 7176
f 7176 7162 7175
f 7162 7176 7163
f 7177 7178 7179
f 7178 7177 7180
f 7178 7180 7181
f 7181 7180 7182
f 7182 7180 7183
f 7182 7183 7184
f 7182 7184 7185
f 7185 7184 7186
f 7186 7184 7187
f 7186 7187 7188
o Dust_II_Group_116
v -104.824943 21.313130 139.228879
v -104.824944 21.313130 140.221003
v -104.933935 21.313130 139.749294
v -104.428755 21.313130 140.575598
v -104.470919 21.313130 138.898631
v -103.965739 21.313130 138.732825
v -103.965740 21.313130 140.717073
v -103.502724 21.313130 138.874285
v -103.460552 21.313130 140.551253
v -103.106527 21.313130 139.228880
v -103.106528 21.313130 140.221019
v -102.997536 21.313130 139.700604
v -102.997536 21.313130 139.700604
v -103.106528 24.421185 140.221019
v -103.106528 21.313130 140.221019
v -102.997536 24.421185 139.700604
v -103.106527 21.313130 139.228880
v -103.106527 24.421185 139.228880
v -103.460552 21.313130 140.551253
v -103.460552 24.421185 140.551253
v -104.933935 24.421185 139.749294
v -104.824944 21.313130 140.221003
v -104.824944 24.421185 140.221003
v -104.933935 21.313130 139.749294
v -104.824943 24.421185 139.228879
v -104.824943 21.313130 139.228879
v -104.470919 21.313130 138.898631
v -104.470919 24.421185 138.898631
v -103.965739 21.313130 138.732825
v -103.965739 24.421185 138.732825
v -103.502724 21.313130 138.874285
v -103.502724 24.421185 138.874285
v -103.965740 21.313130 140.717073
v -103.965740 24.421185 140.717073
v -104.428755 21.313130 140.575598
v -104.428755 24.421185 140.575598
v -104.824944 24.421185 140.221003
v -104.824943 24.421185 139.228879
v -104.933935 24.421185 139.749294
v -104.428755 24.421185 140.575598
v -104.470919 24.421185 138.898631
v -103.965739 24.421185 138.732825
v -103.965740 24.421185 140.717073
v -103.460552 24.421185 140.551253
v -103.502724 24.421185 138.874285
v -103.106527 24.421185 139.228880
v -103.106528 24.421185 140.221019
v -102.997536 24.421185 139.700604
v -104.933935 21.313130 139.749294
v -104.933935 24.421185 139.749294
v -104.933935 21.313130 139.749294
f 7192 7193 7194
f 7193 7192 7195
f 7195 7192 7196
f 7195 7196 7197
f 7195 7197 7198
f 7198 7197 7199
f 7198 7199 7200
f 7200 7199 7201
f 7200 7201 7202
f 7202 7201 7203
f 7204 7205 7206
f 7205 7204 7207
f 7208 7207 7204
f 7207 7208 7209
f 7205 7210 7206
f 7210 7205 7211
f 7212 7213 7214
f 7213 7212 7215
f 7216 7240 7241
f 7242 7216 7217
f 7216 7218 7217
f 7218 7216 7219
f 7219 7220 7218
f 7220 7219 7221
f 7221 7222 7220
f 7222 7221 7223
f 7223 7208 7222
f 7208 7223 7209
f 7211 7224 7210
f 7224 7211 7225
f 7225 7226 7224
f 7226 7225 7227
f 7227 7213 7226
f 7213 7227 7214
f 7228 7229 7230
f 7229 7228 7231
f 7229 7231 7232
f 7232 7231 7233
f 7233 7231 7234
f 7233 7234 7235
f 7233 7235 7236
f 7236 7235 7237
f 7237 7235 7238
f 7237 7238 7239
o Dust_II_Group_115
v -103.634728 24.421185 139.708059
v -103.634729 24.421185 140.700183
v -103.743720 24.421185 140.228474
v -103.238540 24.421185 141.054778
v -103.280705 24.421185 139.377810
v -102.775524 24.421185 139.212005
v -102.775525 24.421185 141.196253
v -102.312509 24.421185 139.353465
v -102.270337 24.421185 141.030433
v -101.916313 24.421185 139.708060
v -101.916313 24.421185 140.700199
v -101.807321 24.421185 140.179784
v -101.807321 24.421185 140.179784
v -101.916313 27.529239 140.700199
v -101.916313 24.421185 140.700199
v -101.807321 27.529239 140.179784
v -101.916313 24.421185 139.708060
v -101.916313 27.529239 139.708060
v -102.270337 24.421185 141.030433
v -102.270337 27.529239 141.030433
v -103.743720 27.529239 140.228474
v -103.634729 24.421185 140.700183
v -103.634729 27.529239 140.700183
v -103.743720 24.421185 140.228474
v -103.634728 27.529239 139.708059
v -103.634728 24.421185 139.708059
v -103.280705 24.421185 139.377810
v -103.280705 27.529239 139.377810
v -102.775524 24.421185 139.212005
v -102.775524 27.529239 139.212005
v -102.312509 24.421185 139.353465
v -102.312509 27.529239 139.353465
v -102.775525 24.421185 141.196253
v -102.775525 27.529239 141.196253
v -103.238540 24.421185 141.054778
v -103.238540 27.529239 141.054778
v -103.634729 27.529239 140.700183
v -103.634728 27.529239 139.708059
v -103.743720 27.529239 140.228474
v -103.238540 27.529239 141.054778
v -103.280705 27.529239 139.377810
v -102.775524 27.529239 139.212005
v -102.775525 27.529239 141.196253
v -102.270337 27.529239 141.030433
v -102.312509 27.529239 139.353465
v -101.916313 27.529239 139.708060
v -101.916313 27.529239 140.700199
v -101.807321 27.529239 140.179784
v -103.743720 24.421185 140.228474
v -103.743720 27.529239 140.228474
v -103.743720 24.421185 140.228474
f 7243 7244 7245
f 7244 7243 7246
f 7246 7243 7247
f 7246 7247 7248
f 7246 7248 7249
f 7249 7248 7250
f 7249 7250 7251
f 7251 7250 7252
f 7251 7252 7253
f 7253 7252 7254
f 7255 7256 7257
f 7256 7255 7258
f 7259 7258 7255
f 7258 7259 7260
f 7256 7261 7257
f 7261 7256 7262
f 7263 7264 7265
f 7264 7263 7266
f 7267 7291 7292
f 7293 7267 7268
f 7267 7269 7268
f 7269 7267 7270
f 7270 7271 7269
f 7271 7270 7272
f 7272 7273 7271
f 7273 7272 7274
f 7274 7259 7273
f 7259 7274 7260
f 7262 7275 7261
f 7275 7262 7276
f 7276 7277 7275
f 7277 7276 7278
f 7278 7264 7277
f 7264 7278 7265
f 7279 7280 7281
f 7280 7279 7282
f 7280 7282 7283
f 7283 7282 7284
f 7284 7282 7285
f 7284 7285 7286
f 7284 7286 7287
f 7287 7286 7288
f 7288 7286 7289
f 7288 7289 7290
o Dust_II_Group_114
v -112.419308 17.511996 -11.332489
v -114.042085 17.511996 -9.709712
v -114.042085 17.511996 -11.332489
v -112.419308 17.511996 -9.709712
v -112.419308 19.134773 -9.709712
v -114.042085 19.134773 -11.332489
v -114.042085 19.134773 -9.709712
v -112.419308 19.134773 -11.332489
v -114.042085 19.134773 -11.332489
v -112.419308 17.511996 -11.332489
v -114.042085 17.511996 -11.332489
v -112.419308 19.134773 -11.332489
v -114.042085 17.511996 -9.709712
v -114.042085 19.134773 -9.709712
v -112.419308 19.134773 -9.709712
v -112.419308 17.511996 -9.709712
v -114.042085 19.134773 -11.332489
v -114.042085 19.134773 -11.332489
v -114.042085 17.511996 -11.332489
v -112.419308 17.511996 -11.332489
v -112.419308 17.511996 -11.332489
v -112.419308 19.134773 -11.332489
v -112.419308 19.134773 -9.709712
v -114.042085 17.511996 -9.709712
v -112.419308 17.511996 -9.709712
v -114.042085 17.511996 -9.709712
v -112.419308 19.134773 -9.709712
v -114.042085 19.134773 -9.709712
f 7294 7295 7296
f 7295 7294 7297
f 7298 7299 7300
f 7299 7298 7301
f 7302 7303 7304
f 7303 7302 7305
f 7310 7306 7307
f 7306 7311 7312
f 7313 7308 7309
f 7308 7314 7315
f 7316 7317 7318
f 7319 7320 7321
o Dust_II_Group_113
v -71.789811 14.543101 65.786903
v -72.655093 14.543101 66.652185
v -72.655093 14.543101 65.786903
v -71.789811 14.543101 66.652185
v -71.789811 15.408383 66.652185
v -72.655093 15.408383 65.786903
v -72.655093 15.408383 66.652185
v -71.789811 15.408383 65.786903
v -72.655093 15.408383 65.786903
v -71.789811 14.543101 65.786903
v -72.655093 14.543101 65.786903
v -71.789811 15.408383 65.786903
v -72.655093 14.543101 66.652185
v -72.655093 15.408383 66.652185
v -71.789811 15.408383 66.652185
v -71.789811 14.543101 66.652185
v -72.655093 15.408383 65.786903
v -72.655093 15.408383 65.786903
v -72.655093 14.543101 65.786903
v -71.789811 14.543101 65.786903
v -71.789811 14.543101 65.786903
v -71.789811 15.408383 65.786903
v -71.789811 15.408383 66.652185
v -72.655093 14.543101 66.652185
v -71.789811 14.543101 66.652185
v -72.655093 14.543101 66.652185
v -71.789811 15.408383 66.652185
v -72.655093 15.408383 66.652185
f 7322 7323 7324
f 7323 7322 7325
f 7326 7327 7328
f 7327 7326 7329
f 7330 7331 7332
f 7331 7330 7333
f 7338 7334 7335
f 7334 7339 7340
f 7341 7336 7337
f 7336 7342 7343
f 7344 7345 7346
f 7347 7348 7349
o Dust_II_Group_112
v -66.276989 14.543101 65.550682
v -67.142271 14.543101 66.415964
v -67.142271 14.543101 65.550682
v -66.276989 14.543101 66.415964
v -66.276989 15.408383 66.415964
v -67.142271 15.408383 65.550682
v -67.142271 15.408383 66.415964
v -66.276989 15.408383 65.550682
v -67.142271 15.408383 65.550682
v -66.276989 14.543101 65.550682
v -67.142271 14.543101 65.550682
v -66.276989 15.408383 65.550682
v -67.142271 14.543101 66.415964
v -67.142271 15.408383 66.415964
v -66.276989 15.408383 66.415964
v -66.276989 14.543101 66.415964
v -67.142271 15.408383 65.550682
v -67.142271 15.408383 65.550682
v -67.142271 14.543101 65.550682
v -66.276989 14.543101 65.550682
v -66.276989 14.543101 65.550682
v -66.276989 15.408383 65.550682
v -66.276989 15.408383 66.415964
v -67.142271 14.543101 66.415964
v -66.276989 14.543101 66.415964
v -67.142271 14.543101 66.415964
v -66.276989 15.408383 66.415964
v -67.142271 15.408383 66.415964
f 7350 7351 7352
f 7351 7350 7353
f 7354 7355 7356
f 7355 7354 7357
f 7358 7359 7360
f 7359 7358 7361
f 7366 7362 7363
f 7362 7367 7368
f 7369 7364 7365
f 7364 7370 7371
f 7372 7373 7374
f 7375 7376 7377
o Dust_II_Group_111
v -70.559133 15.771021 71.422167
v -72.395684 15.771021 73.258718
v -72.395684 15.771021 71.422167
v -70.559133 15.771021 73.258718
v -70.559133 17.607572 73.258718
v -72.395684 17.607572 71.422167
v -72.395684 17.607572 73.258718
v -70.559133 17.607572 71.422167
v -72.395684 17.607572 71.422167
v -70.559133 15.771021 71.422167
v -72.395684 15.771021 71.422167
v -70.559133 17.607572 71.422167
v -72.395684 15.771021 73.258718
v -72.395684 17.607572 73.258718
v -70.559133 17.607572 73.258718
v -70.559133 15.771021 73.258718
v -72.395684 17.607572 71.422167
v -72.395684 17.607572 71.422167
v -72.395684 15.771021 71.422167
v -70.559133 15.771021 71.422167
v -70.559133 15.771021 71.422167
v -70.559133 17.607572 71.422167
v -70.559133 17.607572 73.258718
v -72.395684 15.771021 73.258718
v -70.559133 15.771021 73.258718
v -72.395684 15.771021 73.258718
v -70.559133 17.607572 73.258718
v -72.395684 17.607572 73.258718
f 7378 7379 7380
f 7379 7378 7381
f 7382 7383 7384
f 7383 7382 7385
f 7386 7387 7388
f 7387 7386 7389
f 7394 7390 7391
f 7390 7395 7396
f 7397 7392 7393
f 7392 7398 7399
f 7400 7401 7402
f 7403 7404 7405
o Dust_II_Group_110
v -84.091476 23.674662 80.451955
v -85.928027 23.674662 82.288506
v -85.928027 23.674662 80.451955
v -84.091476 23.674662 82.288506
v -84.091476 25.511214 82.288506
v -85.928027 25.511214 80.451955
v -85.928027 25.511214 82.288506
v -84.091476 25.511214 80.451955
v -85.928027 25.511214 80.451955
v -84.091476 23.674662 80.451955
v -85.928027 23.674662 80.451955
v -84.091476 25.511214 80.451955
v -85.928027 23.674662 82.288506
v -85.928027 25.511214 82.288506
v -84.091476 25.511214 82.288506
v -84.091476 23.674662 82.288506
v -85.928027 25.511214 80.451955
v -85.928027 25.511214 80.451955
v -85.928027 23.674662 80.451955
v -84.091476 23.674662 80.451955
v -84.091476 23.674662 80.451955
v -84.091476 25.511214 80.451955
v -84.091476 25.511214 82.288506
v -85.928027 23.674662 82.288506
v -84.091476 23.674662 82.288506
v -85.928027 23.674662 82.288506
v -84.091476 25.511214 82.288506
v -85.928027 25.511214 82.288506
f 7406 7407 7408
f 7407 7406 7409
f 7410 7411 7412
f 7411 7410 7413
f 7414 7415 7416
f 7415 7414 7417
f 7422 7418 7419
f 7418 7423 7424
f 7425 7420 7421
f 7420 7426 7427
f 7428 7429 7430
f 7431 7432 7433
o Dust_II_Group_109
v -11.897877 14.259009 -23.025472
v -8.396997 7.903641 -19.939259
v -11.897877 7.903641 -23.025472
v -8.396997 10.856300 -19.939259
v -8.394032 11.645769 -19.936644
v -11.426161 14.257710 -22.609627
v -8.394032 14.257710 -19.936644
v -8.583399 10.856300 -19.718727
v -12.084280 7.903641 -22.804940
v -8.583399 7.903641 -19.718727
v -12.084280 14.259009 -22.804940
v -8.580434 11.645769 -19.716113
v -11.612563 14.257710 -22.389097
v -8.580434 14.257710 -19.716113
v -8.394032 11.645769 -19.936644
v -8.580434 14.257710 -19.716113
v -8.580434 11.645769 -19.716113
v -8.580434 14.257710 -19.716113
v -8.394032 11.645769 -19.936644
v -8.394032 14.257710 -19.936644
v -8.396997 7.903641 -19.939259
v -12.084280 7.903641 -22.804940
v -11.897877 7.903641 -23.025472
v -12.084280 7.903641 -22.804940
v -8.396997 7.903641 -19.939259
v -8.583399 7.903641 -19.718727
v -8.396997 10.856300 -19.939259
v -8.580434 11.645769 -19.716113
v -8.583399 10.856300 -19.718727
v -8.580434 11.645769 -19.716113
v -8.396997 10.856300 -19.939259
v -8.394032 11.645769 -19.936644
v -8.396997 7.903641 -19.939259
v -8.583399 10.856300 -19.718727
v -8.583399 7.903641 -19.718727
v -8.583399 10.856300 -19.718727
v -8.396997 7.903641 -19.939259
v -8.396997 10.856300 -19.939259
v -11.897877 14.259009 -23.025472
v -12.084280 7.903641 -22.804940
v -12.084280 14.259009 -22.804940
v -12.084280 7.903641 -22.804940
v -11.897877 14.259009 -23.025472
v -11.897877 7.903641 -23.025472
f 7434 7435 7436
f 7435 7434 7437
f 7437 7434 7438
f 7438 7434 7439
f 7440 7438 7439
f 7441 7442 7443
f 7442 7441 7444
f 7444 7441 7445
f 7444 7445 7446
f 7446 7445 7447
f 7448 7449 7450
f 7451 7452 7453
f 7454 7455 7456
f 7457 7458 7459
f 7460 7461 7462
f 7463 7464 7465
f 7466 7467 7468
f 7469 7470 7471
f 7472 7473 7474
f 7475 7476 7477
o Dust_II_Group_108
v -6.746776 14.259009 -26.737901
v -4.101309 7.903641 -22.868910
v -6.746776 7.903641 -26.737901
v -4.101309 10.856300 -22.868910
v -4.099069 11.645769 -22.865632
v -6.390320 14.257710 -26.216583
v -4.099069 14.257710 -22.865632
v -4.334990 10.856300 -22.701370
v -6.980457 7.903641 -26.570361
v -4.334990 7.903641 -22.701370
v -6.980457 14.259009 -26.570361
v -4.332749 11.645769 -22.698092
v -6.624000 14.257710 -26.049045
v -4.332749 14.257710 -22.698092
v -4.099069 11.645769 -22.865632
v -4.332749 14.257710 -22.698092
v -4.332749 11.645769 -22.698092
v -4.332749 14.257710 -22.698092
v -4.099069 11.645769 -22.865632
v -4.099069 14.257710 -22.865632
v -4.101309 7.903641 -22.868910
v -6.980457 7.903641 -26.570361
v -6.746776 7.903641 -26.737901
v -6.980457 7.903641 -26.570361
v -4.101309 7.903641 -22.868910
v -4.334990 7.903641 -22.701370
v -4.101309 10.856300 -22.868910
v -4.332749 11.645769 -22.698092
v -4.334990 10.856300 -22.701370
v -4.332749 11.645769 -22.698092
v -4.101309 10.856300 -22.868910
v -4.099069 11.645769 -22.865632
v -4.101309 7.903641 -22.868910
v -4.334990 10.856300 -22.701370
v -4.334990 7.903641 -22.701370
v -4.334990 10.856300 -22.701370
v -4.101309 7.903641 -22.868910
v -4.101309 10.856300 -22.868910
v -6.746776 14.259009 -26.737901
v -6.980457 7.903641 -26.570361
v -6.980457 14.259009 -26.570361
v -6.980457 7.903641 -26.570361
v -6.746776 14.259009 -26.737901
v -6.746776 7.903641 -26.737901
f 7478 7479 7480
f 7479 7478 7481
f 7481 7478 7482
f 7482 7478 7483
f 7484 7482 7483
f 7485 7486 7487
f 7486 7485 7488
f 7488 7485 7489
f 7488 7489 7490
f 7490 7489 7491
f 7492 7493 7494
f 7495 7496 7497
f 7498 7499 7500
f 7501 7502 7503
f 7504 7505 7506
f 7507 7508 7509
f 7510 7511 7512
f 7513 7514 7515
f 7516 7517 7518
f 7519 7520 7521
o Dust_II_Group_107
v -103.650066 22.364438 116.887163
v -104.463164 22.364438 117.700261
v -104.463164 22.364438 116.887163
v -103.650066 22.364438 117.700261
v -103.650066 23.177536 117.700261
v -104.463164 23.177536 116.887163
v -104.463164 23.177536 117.700261
v -103.650066 23.177536 116.887163
v -104.463164 23.177536 116.887163
v -103.650066 22.364438 116.887163
v -104.463164 22.364438 116.887163
v -103.650066 23.177536 116.887163
v -104.463164 22.364438 117.700261
v -104.463164 23.177536 117.700261
v -103.650066 23.177536 117.700261
v -103.650066 22.364438 117.700261
v -104.463164 23.177536 116.887163
v -104.463164 23.177536 116.887163
v -104.463164 22.364438 116.887163
v -103.650066 22.364438 116.887163
v -103.650066 22.364438 116.887163
v -103.650066 23.177536 116.887163
v -103.650066 23.177536 117.700261
v -104.463164 22.364438 117.700261
v -103.650066 22.364438 117.700261
v -104.463164 22.364438 117.700261
v -103.650066 23.177536 117.700261
v -104.463164 23.177536 117.700261
f 7522 7523 7524
f 7523 7522 7525
f 7526 7527 7528
f 7527 7526 7529
f 7530 7531 7532
f 7531 7530 7533
f 7538 7534 7535
f 7534 7539 7540
f 7541 7536 7537
f 7536 7542 7543
f 7544 7545 7546
f 7547 7548 7549
o Dust_II_Group_106
v -65.442598 39.518210 88.994700
v -67.418511 39.518210 65.019800
v -67.418511 39.518210 88.994700
v -65.442598 39.518210 65.019800
v -67.418511 27.662747 88.994700
v -67.418511 27.662747 66.385510
v -67.418511 27.662747 65.186829
v -67.418511 27.662747 65.019800
v -65.442598 37.542297 88.994700
f 7550 7551 7552
f 7551 7550 7553
f 7551 7554 7552
f 7554 7551 7555
f 7555 7551 7556
f 7556 7551 7557
f 7558 7552 7554
f 7552 7558 7550
o Dust_II_Group_105
v -16.105115 39.518210 115.537493
v -31.912397 27.662747 115.537493
v -16.105115 27.662747 115.537493
v -31.912397 37.542297 115.537493
v -31.912397 39.518210 115.537493
v -31.912397 39.518210 113.561580
v -16.105115 39.518210 113.561580
f 7559 7560 7561
f 7560 7559 7562
f 7562 7559 7563
f 7559 7564 7563
f 7564 7559 7565
o Dust_II_Group_104
v -44.729689 23.674662 112.069992
v -46.566240 23.674662 113.906543
v -46.566240 23.674662 112.069992
v -44.729689 23.674662 113.906543
v -44.729689 25.511214 113.906543
v -46.566240 25.511214 112.069992
v -46.566240 25.511214 113.906543
v -44.729689 25.511214 112.069992
v -46.566240 25.511214 112.069992
v -44.729689 23.674662 112.069992
v -46.566240 23.674662 112.069992
v -44.729689 25.511214 112.069992
v -46.566240 23.674662 113.906543
v -46.566240 25.511214 113.906543
v -44.729689 25.511214 113.906543
v -44.729689 23.674662 113.906543
v -46.566240 25.511214 112.069992
v -46.566240 25.511214 112.069992
v -46.566240 23.674662 112.069992
v -44.729689 23.674662 112.069992
v -44.729689 23.674662 112.069992
v -44.729689 25.511214 112.069992
v -44.729689 25.511214 113.906543
v -46.566240 23.674662 113.906543
v -44.729689 23.674662 113.906543
v -46.566240 23.674662 113.906543
v -44.729689 25.511214 113.906543
v -46.566240 25.511214 113.906543
f 7566 7567 7568
f 7567 7566 7569
f 7570 7571 7572
f 7571 7570 7573
f 7574 7575 7576
f 7575 7574 7577
f 7582 7578 7579
f 7578 7583 7584
f 7585 7580 7581
f 7580 7586 7587
f 7588 7589 7590
f 7591 7592 7593
o Dust_II_Group_103
v -66.099001 14.182856 39.474910
v -66.440522 13.841335 39.474910
v -66.099001 13.841335 39.474910
v -66.440522 14.182856 39.474910
v -66.440522 14.182856 39.133389
v -66.440522 13.841335 39.133389
v -66.099001 13.841335 39.133389
v -66.099001 14.182856 39.133389
v -66.440522 14.182856 39.474910
v -66.099001 14.182856 39.133389
v -66.440522 14.182856 39.133389
v -66.099001 14.182856 39.474910
v -66.099001 13.841335 39.133389
v -66.440522 13.841335 39.474910
v -66.440522 13.841335 39.133389
v -66.099001 13.841335 39.474910
v -66.440522 13.841335 39.474910
v -66.440522 14.182856 39.474910
v -66.440522 13.841335 39.474910
v -66.099001 14.182856 39.474910
v -66.099001 13.841335 39.474910
v -66.099001 14.182856 39.474910
v -66.440522 14.182856 39.133389
v -66.099001 13.841335 39.133389
v -66.440522 13.841335 39.133389
v -66.099001 13.841335 39.133389
v -66.440522 14.182856 39.133389
v -66.099001 14.182856 39.133389
f 7594 7595 7596
f 7595 7594 7597
f 7598 7610 7611
f 7612 7598 7599
f 7600 7613 7614
f 7615 7600 7601
f 7616 7617 7618
f 7619 7620 7621
f 7602 7603 7604
f 7603 7602 7605
f 7606 7607 7608
f 7607 7606 7609
o Dust_II_Group_102
v -66.099001 18.154603 39.474910
v -66.440522 17.813082 39.474910
v -66.099001 17.813082 39.474910
v -66.440522 18.154603 39.474910
v -66.440522 18.154603 39.133389
v -66.440522 17.813082 39.133389
v -66.099001 17.813082 39.133389
v -66.099001 18.154603 39.133389
v -66.440522 18.154603 39.474910
v -66.099001 18.154603 39.133389
v -66.440522 18.154603 39.133389
v -66.099001 18.154603 39.474910
v -66.099001 17.813082 39.133389
v -66.440522 17.813082 39.474910
v -66.440522 17.813082 39.133389
v -66.099001 17.813082 39.474910
v -66.440522 17.813082 39.474910
v -66.440522 18.154603 39.474910
v -66.440522 17.813082 39.474910
v -66.099001 18.154603 39.474910
v -66.099001 17.813082 39.474910
v -66.099001 18.154603 39.474910
v -66.440522 18.154603 39.133389
v -66.099001 17.813082 39.133389
v -66.440522 17.813082 39.133389
v -66.099001 17.813082 39.133389
v -66.440522 18.154603 39.133389
v -66.099001 18.154603 39.133389
f 7622 7623 7624
f 7623 7622 7625
f 7626 7638 7639
f 7640 7626 7627
f 7628 7641 7642
f 7643 7628 7629
f 7644 7645 7646
f 7647 7648 7649
f 7630 7631 7632
f 7631 7630 7633
f 7634 7635 7636
f 7635 7634 7637
o Dust_II_Group_101
v 48.201211 13.409489 33.571329
v 48.201211 13.409489 34.563457
v 48.092219 13.409489 34.091741
v 48.597404 13.409489 34.918052
v 48.555234 13.409489 33.241082
v 49.060419 13.409489 33.075267
v 49.060419 13.409489 35.059519
v 49.523430 13.409489 33.216735
v 49.565603 13.409489 34.893702
v 49.919623 13.409489 33.571329
v 49.919623 13.409489 34.563457
v 50.028615 13.409489 34.043046
v 50.028615 13.409489 34.043046
v 49.919623 16.517543 34.563457
v 49.919623 13.409489 34.563457
v 50.028615 16.517543 34.043046
v 49.919623 13.409489 33.571329
v 49.919623 16.517543 33.571329
v 49.565603 13.409489 34.893702
v 49.565603 16.517543 34.893702
v 48.092219 16.517543 34.091741
v 48.201211 13.409489 34.563457
v 48.201211 16.517543 34.563457
v 48.092219 13.409489 34.091741
v 48.201211 16.517543 33.571329
v 48.201211 13.409489 33.571329
v 48.555234 13.409489 33.241082
v 48.555234 16.517543 33.241082
v 49.060419 13.409489 33.075267
v 49.060419 16.517543 33.075267
v 49.523430 13.409489 33.216735
v 49.523430 16.517543 33.216735
v 49.060419 13.409489 35.059519
v 49.060419 16.517543 35.059519
v 48.597404 13.409489 34.918052
v 48.597404 16.517543 34.918052
v 48.201211 16.517543 34.563457
v 48.201211 16.517543 33.571329
v 48.092219 16.517543 34.091741
v 48.597404 16.517543 34.918052
v 48.555234 16.517543 33.241082
v 49.060419 16.517543 33.075267
v 49.060419 16.517543 35.059519
v 49.565603 16.517543 34.893702
v 49.523430 16.517543 33.216735
v 49.919623 16.517543 33.571329
v 49.919623 16.517543 34.563457
v 50.028615 16.517543 34.043046
v 48.092219 13.409489 34.091741
v 48.092219 16.517543 34.091741
v 48.092219 13.409489 34.091741
f 7650 7651 7652
f 7651 7650 7653
f 7653 7650 7654
f 7653 7654 7655
f 7653 7655 7656
f 7656 7655 7657
f 7656 7657 7658
f 7658 7657 7659
f 7658 7659 7660
f 7660 7659 7661
f 7662 7663 7664
f 7663 7662 7665
f 7666 7665 7662
f 7665 7666 7667
f 7663 7668 7664
f 7668 7663 7669
f 7670 7671 7672
f 7671 7670 7673
f 7674 7698 7699
f 7700 7674 7675
f 7674 7676 7675
f 7676 7674 7677
f 7677 7678 7676
f 7678 7677 7679
f 7679 7680 7678
f 7680 7679 7681
f 7681 7666 7680
f 7666 7681 7667
f 7669 7682 7668
f 7682 7669 7683
f 7683 7684 7682
f 7684 7683 7685
f 7685 7671 7684
f 7671 7685 7672
f 7686 7687 7688
f 7687 7686 7689
f 7687 7689 7690
f 7690 7689 7691
f 7691 7689 7692
f 7691 7692 7693
f 7691 7693 7694
f 7694 7693 7695
f 7695 7693 7696
f 7695 7696 7697
o Dust_II_Group_100
v 1.789585 13.409489 -22.184482
v 1.789585 13.409489 -21.192356
v 1.680593 13.409489 -21.664070
v 2.185778 13.409489 -20.837761
v 2.143607 13.409489 -22.514729
v 2.648791 13.409489 -22.680544
v 2.648791 13.409489 -20.696292
v 3.111805 13.409489 -22.539075
v 3.153975 13.409489 -20.862107
v 3.507997 13.409489 -22.184482
v 3.507997 13.409489 -21.192356
v 3.616989 13.409489 -21.712766
v 3.616989 13.409489 -21.712766
v 3.507997 16.517543 -21.192356
v 3.507997 13.409489 -21.192356
v 3.616989 16.517543 -21.712766
v 3.507997 13.409489 -22.184482
v 3.507997 16.517543 -22.184482
v 3.153975 13.409489 -20.862107
v 3.153975 16.517543 -20.862107
v 1.680593 16.517543 -21.664070
v 1.789585 13.409489 -21.192356
v 1.789585 16.517543 -21.192356
v 1.680593 13.409489 -21.664070
v 1.789585 16.517543 -22.184482
v 1.789585 13.409489 -22.184482
v 2.143607 13.409489 -22.514729
v 2.143607 16.517543 -22.514729
v 2.648791 13.409489 -22.680544
v 2.648791 16.517543 -22.680544
v 3.111805 13.409489 -22.539075
v 3.111805 16.517543 -22.539075
v 2.648791 13.409489 -20.696292
v 2.648791 16.517543 -20.696292
v 2.185778 13.409489 -20.837761
v 2.185778 16.517543 -20.837761
v 1.789585 16.517543 -21.192356
v 1.789585 16.517543 -22.184482
v 1.680593 16.517543 -21.664070
v 2.185778 16.517543 -20.837761
v 2.143607 16.517543 -22.514729
v 2.648791 16.517543 -22.680544
v 2.648791 16.517543 -20.696292
v 3.153975 16.517543 -20.862107
v 3.111805 16.517543 -22.539075
v 3.507997 16.517543 -22.184482
v 3.507997 16.517543 -21.192356
v 3.616989 16.517543 -21.712766
v 1.680593 13.409489 -21.664070
v 1.680593 16.517543 -21.664070
v 1.680593 13.409489 -21.664070
f 7701 7702 7703
f 7702 7701 7704
f 7704 7701 7705
f 7704 7705 7706
f 7704 7706 7707
f 7707 7706 7708
f 7707 7708 7709
f 7709 7708 7710
f 7709 7710 7711
f 7711 7710 7712
f 7713 7714 7715
f 7714 7713 7716
f 7717 7716 7713
f 7716 7717 7718
f 7714 7719 7715
f 7719 7714 7720
f 7721 7722 7723
f 7722 7721 7724
f 7725 7749 7750
f 7751 7725 7726
f 7725 7727 7726
f 7727 7725 7728
f 7728 7729 7727
f 7729 7728 7730
f 7730 7731 7729
f 7731 7730 7732
f 7732 7717 7731
f 7717 7732 7718
f 7720 7733 7719
f 7733 7720 7734
f 7734 7735 7733
f 7735 7734 7736
f 7736 7722 7735
f 7722 7736 7723
f 7737 7738 7739
f 7738 7737 7740
f 7738 7740 7741
f 7741 7740 7742
f 7742 7740 7743
f 7742 7743 7744
f 7742 7744 7745
f 7745 7744 7746
f 7746 7744 7747
f 7746 7747 7748
o Dust_II_Group_099
v 19.044565 5.704879 -79.553760
v 19.044565 5.704879 -78.561636
v 18.935574 5.704879 -79.033352
v 19.440758 5.704879 -78.207041
v 19.398587 5.704879 -79.884009
v 19.903771 5.704879 -80.049829
v 19.903771 5.704879 -78.065574
v 20.366785 5.704879 -79.908354
v 20.408956 5.704879 -78.231387
v 20.762977 5.704879 -79.553760
v 20.762977 5.704879 -78.561636
v 20.871969 5.704879 -79.082043
v 20.871969 5.704879 -79.082043
v 20.762977 8.812933 -78.561636
v 20.762977 5.704879 -78.561636
v 20.871969 8.812933 -79.082043
v 20.762977 5.704879 -79.553760
v 20.762977 8.812933 -79.553760
v 20.408956 5.704879 -78.231387
v 20.408956 8.812933 -78.231387
v 18.935574 8.812933 -79.033352
v 19.044565 5.704879 -78.561636
v 19.044565 8.812933 -78.561636
v 18.935574 5.704879 -79.033352
v 19.044565 8.812933 -79.553760
v 19.044565 5.704879 -79.553760
v 19.398587 5.704879 -79.884009
v 19.398587 8.812933 -79.884009
v 19.903771 5.704879 -80.049829
v 19.903771 8.812933 -80.049829
v 20.366785 5.704879 -79.908354
v 20.366785 8.812933 -79.908354
v 19.903771 5.704879 -78.065574
v 19.903771 8.812933 -78.065574
v 19.440758 5.704879 -78.207041
v 19.440758 8.812933 -78.207041
v 19.044565 8.812933 -78.561636
v 19.044565 8.812933 -79.553760
v 18.935574 8.812933 -79.033352
v 19.440758 8.812933 -78.207041
v 19.398587 8.812933 -79.884009
v 19.903771 8.812933 -80.049829
v 19.903771 8.812933 -78.065574
v 20.408956 8.812933 -78.231387
v 20.366785 8.812933 -79.908354
v 20.762977 8.812933 -79.553760
v 20.762977 8.812933 -78.561636
v 20.871969 8.812933 -79.082043
v 18.935574 5.704879 -79.033352
v 18.935574 8.812933 -79.033352
v 18.935574 5.704879 -79.033352
f 7752 7753 7754
f 7753 7752 7755
f 7755 7752 7756
f 7755 7756 7757
f 7755 7757 7758
f 7758 7757 7759
f 7758 7759 7760
f 7760 7759 7761
f 7760 7761 7762
f 7762 7761 7763
f 7764 7765 7766
f 7765 7764 7767
f 7768 7767 7764
f 7767 7768 7769
f 7765 7770 7766
f 7770 7765 7771
f 7772 7773 7774
f 7773 7772 7775
f 7776 7800 7801
f 7802 7776 7777
f 7776 7778 7777
f 7778 7776 7779
f 7779 7780 7778
f 7780 7779 7781
f 7781 7782 7780
f 7782 7781 7783
f 7783 7768 7782
f 7768 7783 7769
f 7771 7784 7770
f 7784 7771 7785
f 7785 7786 7784
f 7786 7785 7787
f 7787 7773 7786
f 7773 7787 7774
f 7788 7789 7790
f 7789 7788 7791
f 7789 7791 7792
f 7792 7791 7793
f 7793 7791 7794
f 7793 7794 7795
f 7793 7795 7796
f 7796 7795 7797
f 7797 7795 7798
f 7797 7798 7799
o Dust_II_Group_098
v 72.710955 17.699084 -87.501211
v 72.214895 18.400620 -87.005151
v 72.527821 18.067068 -87.163939
v 71.757446 18.651357 -87.108003
v 72.625752 17.465566 -87.916670
v 72.351438 17.348313 -88.356794
v 71.359311 18.751392 -87.364668
v 71.953303 17.448347 -88.613459
v 71.084998 18.634145 -87.804793
v 71.495855 17.699084 -88.716312
v 70.999794 18.400620 -88.220251
v 71.182929 18.032637 -88.557523
v 71.182929 18.032637 -88.557523
v 69.445767 16.202893 -86.666223
v 70.999794 18.400620 -88.220251
v 69.628901 15.834909 -87.003495
v 71.495855 17.699084 -88.716312
v 69.941827 15.501357 -87.162284
v 71.084998 18.634145 -87.804793
v 69.530975 16.436418 -86.250770
v 70.973793 15.869341 -85.609911
v 72.214895 18.400620 -87.005151
v 70.660867 16.202893 -85.451123
v 72.527821 18.067068 -87.163939
v 71.156928 15.501357 -85.947183
v 72.710955 17.699084 -87.501211
v 72.625752 17.465566 -87.916670
v 71.071724 15.267839 -86.362642
v 72.351438 17.348313 -88.356794
v 70.797410 15.150586 -86.802766
v 71.953303 17.448347 -88.613459
v 70.399276 15.250620 -87.059431
v 71.359311 18.751392 -87.364668
v 69.805284 16.553664 -85.810640
v 71.757446 18.651357 -87.108003
v 70.203419 16.453630 -85.553975
v 70.660867 16.202893 -85.451123
v 71.156928 15.501357 -85.947183
v 70.973793 15.869341 -85.609911
v 70.203419 16.453630 -85.553975
v 71.071724 15.267839 -86.362642
v 70.797410 15.150586 -86.802766
v 69.805284 16.553664 -85.810640
v 69.530975 16.436418 -86.250770
v 70.399276 15.250620 -87.059431
v 69.941827 15.501357 -87.162284
v 69.445767 16.202893 -86.666223
v 69.628901 15.834909 -87.003495
v 72.527821 18.067068 -87.163939
v 70.973793 15.869341 -85.609911
v 72.527821 18.067068 -87.163939
f 7803 7804 7805
f 7804 7803 7806
f 7806 7803 7807
f 7806 7807 7808
f 7806 7808 7809
f 7809 7808 7810
f 7809 7810 7811
f 7811 7810 7812
f 7811 7812 7813
f 7813 7812 7814
f 7815 7816 7817
f 7816 7815 7818
f 7819 7818 7815
f 7818 7819 7820
f 7816 7821 7817
f 7821 7816 7822
f 7823 7824 7825
f 7824 7823 7826
f 7827 7851 7852
f 7853 7827 7828
f 7827 7829 7828
f 7829 7827 7830
f 7830 7831 7829
f 7831 7830 7832
f 7832 7833 7831
f 7833 7832 7834
f 7834 7819 7833
f 7819 7834 7820
f 7822 7835 7821
f 7835 7822 7836
f 7836 7837 7835
f 7837 7836 7838
f 7838 7824 7837
f 7824 7838 7825
f 7839 7840 7841
f 7840 7839 7842
f 7840 7842 7843
f 7843 7842 7844
f 7844 7842 7845
f 7844 7845 7846
f 7844 7846 7847
f 7847 7846 7848
f 7848 7846 7849
f 7848 7849 7850
o Dust_II_Group_097
v 86.662126 21.313130 -120.478132
v 86.662126 21.313130 -119.486008
v 86.553135 21.313130 -119.957717
v 87.058315 21.313130 -119.131406
v 87.016150 21.313130 -120.808381
v 87.521331 21.313130 -120.974187
v 87.521331 21.313130 -118.989939
v 87.984346 21.313130 -120.832727
v 88.026519 21.313130 -119.155752
v 88.380542 21.313130 -120.478132
v 88.380542 21.313130 -119.486008
v 88.489534 21.313130 -120.006409
v 88.489534 21.313130 -120.006409
v 88.380542 24.421185 -119.486008
v 88.380542 21.313130 -119.486008
v 88.489534 24.421185 -120.006409
v 88.380542 21.313130 -120.478132
v 88.380542 24.421185 -120.478132
v 88.026519 21.313130 -119.155752
v 88.026519 24.421185 -119.155752
v 86.553135 24.421185 -119.957717
v 86.662126 21.313130 -119.486008
v 86.662126 24.421185 -119.486008
v 86.553135 21.313130 -119.957717
v 86.662126 24.421185 -120.478132
v 86.662126 21.313130 -120.478132
v 87.016150 21.313130 -120.808381
v 87.016150 24.421185 -120.808381
v 87.521331 21.313130 -120.974187
v 87.521331 24.421185 -120.974187
v 87.984346 21.313130 -120.832727
v 87.984346 24.421185 -120.832727
v 87.521331 21.313130 -118.989939
v 87.521331 24.421185 -118.989939
v 87.058315 21.313130 -119.131406
v 87.058315 24.421185 -119.131406
v 86.662126 24.421185 -119.486008
v 86.662126 24.421185 -120.478132
v 86.553135 24.421185 -119.957717
v 87.058315 24.421185 -119.131406
v 87.016150 24.421185 -120.808381
v 87.521331 24.421185 -120.974187
v 87.521331 24.421185 -118.989939
v 88.026519 24.421185 -119.155752
v 87.984346 24.421185 -120.832727
v 88.380542 24.421185 -120.478132
v 88.380542 24.421185 -119.486008
v 88.489534 24.421185 -120.006409
v 86.553135 21.313130 -119.957717
v 86.553135 24.421185 -119.957717
v 86.553135 21.313130 -119.957717
f 7854 7855 7856
f 7855 7854 7857
f 7857 7854 7858
f 7857 7858 7859
f 7857 7859 7860
f 7860 7859 7861
f 7860 7861 7862
f 7862 7861 7863
f 7862 7863 7864
f 7864 7863 7865
f 7866 7867 7868
f 7867 7866 7869
f 7870 7869 7866
f 7869 7870 7871
f 7867 7872 7868
f 7872 7867 7873
f 7874 7875 7876
f 7875 7874 7877
f 7878 7902 7903
f 7904 7878 7879
f 7878 7880 7879
f 7880 7878 7881
f 7881 7882 7880
f 7882 7881 7883
f 7883 7884 7882
f 7884 7883 7885
f 7885 7870 7884
f 7870 7885 7871
f 7873 7886 7872
f 7886 7873 7887
f 7887 7888 7886
f 7888 7887 7889
f 7889 7875 7888
f 7875 7889 7876
f 7890 7891 7892
f 7891 7890 7893
f 7891 7893 7894
f 7894 7893 7895
f 7895 7893 7896
f 7895 7896 7897
f 7895 7897 7898
f 7898 7897 7899
f 7899 7897 7900
f 7899 7900 7901
o Dust_II_Group_096
v 86.199119 21.313130 -118.635337
v 86.199119 21.313130 -117.643213
v 86.090127 21.313130 -118.114929
v 86.595308 21.313130 -117.288618
v 86.553142 21.313130 -118.965586
v 87.058323 21.313130 -119.131406
v 87.058323 21.313130 -117.147151
v 87.521338 21.313130 -118.989932
v 87.563511 21.313130 -117.312964
v 87.917534 21.313130 -118.635337
v 87.917534 21.313130 -117.643213
v 88.026526 21.313130 -118.163621
v 88.026526 21.313130 -118.163621
v 87.917534 24.421185 -117.643213
v 87.917534 21.313130 -117.643213
v 88.026526 24.421185 -118.163621
v 87.917534 21.313130 -118.635337
v 87.917534 24.421185 -118.635337
v 87.563511 21.313130 -117.312964
v 87.563511 24.421185 -117.312964
v 86.090127 24.421185 -118.114929
v 86.199119 21.313130 -117.643213
v 86.199119 24.421185 -117.643213
v 86.090127 21.313130 -118.114929
v 86.199119 24.421185 -118.635337
v 86.199119 21.313130 -118.635337
v 86.553142 21.313130 -118.965586
v 86.553142 24.421185 -118.965586
v 87.058323 21.313130 -119.131406
v 87.058323 24.421185 -119.131406
v 87.521338 21.313130 -118.989932
v 87.521338 24.421185 -118.989932
v 87.058323 21.313130 -117.147151
v 87.058323 24.421185 -117.147151
v 86.595308 21.313130 -117.288618
v 86.595308 24.421185 -117.288618
v 86.199119 24.421185 -117.643213
v 86.199119 24.421185 -118.635337
v 86.090127 24.421185 -118.114929
v 86.595308 24.421185 -117.288618
v 86.553142 24.421185 -118.965586
v 87.058323 24.421185 -119.131406
v 87.058323 24.421185 -117.147151
v 87.563511 24.421185 -117.312964
v 87.521338 24.421185 -118.989932
v 87.917534 24.421185 -118.635337
v 87.917534 24.421185 -117.643213
v 88.026526 24.421185 -118.163621
v 86.090127 21.313130 -118.114929
v 86.090127 24.421185 -118.114929
v 86.090127 21.313130 -118.114929
f 7905 7906 7907
f 7906 7905 7908
f 7908 7905 7909
f 7908 7909 7910
f 7908 7910 7911
f 7911 7910 7912
f 7911 7912 7913
f 7913 7912 7914
f 7913 7914 7915
f 7915 7914 7916
f 7917 7918 7919
f 7918 7917 7920
f 7921 7920 7917
f 7920 7921 7922
f 7918 7923 7919
f 7923 7918 7924
f 7925 7926 7927
f 7926 7925 7928
f 7929 7953 7954
f 7955 7929 7930
f 7929 7931 7930
f 7931 7929 7932
f 7932 7933 7931
f 7933 7932 7934
f 7934 7935 7933
f 7935 7934 7936
f 7936 7921 7935
f 7921 7936 7922
f 7924 7937 7923
f 7937 7924 7938
f 7938 7939 7937
f 7939 7938 7940
f 7940 7926 7939
f 7926 7940 7927
f 7941 7942 7943
f 7942 7941 7944
f 7942 7944 7945
f 7945 7944 7946
f 7946 7944 7947
f 7946 7947 7948
f 7946 7948 7949
f 7949 7948 7950
f 7950 7948 7951
f 7950 7951 7952
o Dust_II_Group_095
v 88.054570 21.313130 -119.200503
v 88.054570 21.313130 -118.208379
v 87.945579 21.313130 -118.680095
v 88.450759 21.313130 -117.853784
v 88.408594 21.313130 -119.530759
v 88.913774 21.313130 -119.696565
v 88.913774 21.313130 -117.712317
v 89.376790 21.313130 -119.555105
v 89.418962 21.313130 -117.878130
v 89.772986 21.313130 -119.200503
v 89.772986 21.313130 -118.208379
v 89.881978 21.313130 -118.728787
v 89.881978 21.313130 -118.728787
v 89.772986 24.421185 -118.208379
v 89.772986 21.313130 -118.208379
v 89.881978 24.421185 -118.728787
v 89.772986 21.313130 -119.200503
v 89.772986 24.421185 -119.200503
v 89.418962 21.313130 -117.878130
v 89.418962 24.421185 -117.878130
v 87.945579 24.421185 -118.680095
v 88.054570 21.313130 -118.208379
v 88.054570 24.421185 -118.208379
v 87.945579 21.313130 -118.680095
v 88.054570 24.421185 -119.200503
v 88.054570 21.313130 -119.200503
v 88.408594 21.313130 -119.530759
v 88.408594 24.421185 -119.530759
v 88.913774 21.313130 -119.696565
v 88.913774 24.421185 -119.696565
v 89.376790 21.313130 -119.555105
v 89.376790 24.421185 -119.555105
v 88.913774 21.313130 -117.712317
v 88.913774 24.421185 -117.712317
v 88.450759 21.313130 -117.853784
v 88.450759 24.421185 -117.853784
v 88.054570 24.421185 -118.208379
v 88.054570 24.421185 -119.200503
v 87.945579 24.421185 -118.680095
v 88.450759 24.421185 -117.853784
v 88.408594 24.421185 -119.530759
v 88.913774 24.421185 -119.696565
v 88.913774 24.421185 -117.712317
v 89.418962 24.421185 -117.878130
v 89.376790 24.421185 -119.555105
v 89.772986 24.421185 -119.200503
v 89.772986 24.421185 -118.208379
v 89.881978 24.421185 -118.728787
v 87.945579 21.313130 -118.680095
v 87.945579 24.421185 -118.680095
v 87.945579 21.313130 -118.680095
f 7956 7957 7958
f 7957 7956 7959
f 7959 7956 7960
f 7959 7960 7961
f 7959 7961 7962
f 7962 7961 7963
f 7962 7963 7964
f 7964 7963 7965
f 7964 7965 7966
f 7966 7965 7967
f 7968 7969 7970
f 7969 7968 7971
f 7972 7971 7968
f 7971 7972 7973
f 7969 7974 7970
f 7974 7969 7975
f 7976 7977 7978
f 7977 7976 7979
f 7980 8004 8005
f 8006 7980 7981
f 7980 7982 7981
f 7982 7980 7983
f 7983 7984 7982
f 7984 7983 7985
f 7985 7986 7984
f 7986 7985 7987
f 7987 7972 7986
f 7972 7987 7973
f 7975 7988 7974
f 7988 7975 7989
f 7989 7990 7988
f 7990 7989 7991
f 7991 7977 7990
f 7977 7991 7978
f 7992 7993 7994
f 7993 7992 7995
f 7993 7995 7996
f 7996 7995 7997
f 7997 7995 7998
f 7997 7998 7999
f 7997 7999 8000
f 8000 7999 8001
f 8001 7999 8002
f 8001 8002 8003
o Dust_II_Group_094
v 86.864333 24.421185 -119.679675
v 86.864333 24.421185 -118.687544
v 86.755342 24.421185 -119.159260
v 87.260522 24.421185 -118.332949
v 87.218357 24.421185 -120.009924
v 87.723538 24.421185 -120.175730
v 87.723538 24.421185 -118.191482
v 88.186553 24.421185 -120.034270
v 88.228726 24.421185 -118.357295
v 88.582749 24.421185 -119.679675
v 88.582749 24.421185 -118.687544
v 88.691741 24.421185 -119.207952
v 88.691741 24.421185 -119.207952
v 88.582749 27.529239 -118.687544
v 88.582749 24.421185 -118.687544
v 88.691741 27.529239 -119.207952
v 88.582749 24.421185 -119.679675
v 88.582749 27.529239 -119.679675
v 88.228726 24.421185 -118.357295
v 88.228726 27.529239 -118.357295
v 86.755342 27.529239 -119.159260
v 86.864333 24.421185 -118.687544
v 86.864333 27.529239 -118.687544
v 86.755342 24.421185 -119.159260
v 86.864333 27.529239 -119.679675
v 86.864333 24.421185 -119.679675
v 87.218357 24.421185 -120.009924
v 87.218357 27.529239 -120.009924
v 87.723538 24.421185 -120.175730
v 87.723538 27.529239 -120.175730
v 88.186553 24.421185 -120.034270
v 88.186553 27.529239 -120.034270
v 87.723538 24.421185 -118.191482
v 87.723538 27.529239 -118.191482
v 87.260522 24.421185 -118.332949
v 87.260522 27.529239 -118.332949
v 86.864333 27.529239 -118.687544
v 86.864333 27.529239 -119.679675
v 86.755342 27.529239 -119.159260
v 87.260522 27.529239 -118.332949
v 87.218357 27.529239 -120.009924
v 87.723538 27.529239 -120.175730
v 87.723538 27.529239 -118.191482
v 88.228726 27.529239 -118.357295
v 88.186553 27.529239 -120.034270
v 88.582749 27.529239 -119.679675
v 88.582749 27.529239 -118.687544
v 88.691741 27.529239 -119.207952
v 86.755342 24.421185 -119.159260
v 86.755342 27.529239 -119.159260
v 86.755342 24.421185 -119.159260
f 8007 8008 8009
f 8008 8007 8010
f 8010 8007 8011
f 8010 8011 8012
f 8010 8012 8013
f 8013 8012 8014
f 8013 8014 8015
f 8015 8014 8016
f 8015 8016 8017
f 8017 8016 8018
f 8019 8020 8021
f 8020 8019 8022
f 8023 8022 8019
f 8022 8023 8024
f 8020 8025 8021
f 8025 8020 8026
f 8027 8028 8029
f 8028 8027 8030
f 8031 8055 8056
f 8057 8031 8032
f 8031 8033 8032
f 8033 8031 8034
f 8034 8035 8033
f 8035 8034 8036
f 8036 8037 8035
f 8037 8036 8038
f 8038 8023 8037
f 8023 8038 8024
f 8026 8039 8025
f 8039 8026 8040
f 8040 8041 8039
f 8041 8040 8042
f 8042 8028 8041
f 8028 8042 8029
f 8043 8044 8045
f 8044 8043 8046
f 8044 8046 8047
f 8047 8046 8048
f 8048 8046 8049
f 8048 8049 8050
f 8048 8050 8051
f 8051 8050 8052
f 8052 8050 8053
f 8052 8053 8054
o Dust_II_Group_093
v 96.086074 13.409489 -18.975449
v 96.086074 13.409489 -17.983323
v 95.977083 13.409489 -18.455037
v 96.482263 13.409489 -17.628728
v 96.440098 13.409489 -19.305696
v 96.945278 13.409489 -19.471511
v 96.945278 13.409489 -17.487259
v 97.408293 13.409489 -19.330042
v 97.450466 13.409489 -17.653074
v 97.804490 13.409489 -18.975449
v 97.804490 13.409489 -17.983323
v 97.913481 13.409489 -18.503732
v 97.913481 13.409489 -18.503732
v 97.804490 16.517543 -17.983323
v 97.804490 13.409489 -17.983323
v 97.913481 16.517543 -18.503732
v 97.804490 13.409489 -18.975449
v 97.804490 16.517543 -18.975449
v 97.450466 13.409489 -17.653074
v 97.450466 16.517543 -17.653074
v 95.977083 16.517543 -18.455037
v 96.086074 13.409489 -17.983323
v 96.086074 16.517543 -17.983323
v 95.977083 13.409489 -18.455037
v 96.086074 16.517543 -18.975449
v 96.086074 13.409489 -18.975449
v 96.440098 13.409489 -19.305696
v 96.440098 16.517543 -19.305696
v 96.945278 13.409489 -19.471511
v 96.945278 16.517543 -19.471511
v 97.408293 13.409489 -19.330042
v 97.408293 16.517543 -19.330042
v 96.945278 13.409489 -17.487259
v 96.945278 16.517543 -17.487259
v 96.482263 13.409489 -17.628728
v 96.482263 16.517543 -17.628728
v 96.086074 16.517543 -17.983323
v 96.086074 16.517543 -18.975449
v 95.977083 16.517543 -18.455037
v 96.482263 16.517543 -17.628728
v 96.440098 16.517543 -19.305696
v 96.945278 16.517543 -19.471511
v 96.945278 16.517543 -17.487259
v 97.450466 16.517543 -17.653074
v 97.408293 16.517543 -19.330042
v 97.804490 16.517543 -18.975449
v 97.804490 16.517543 -17.983323
v 97.913481 16.517543 -18.503732
v 95.977083 13.409489 -18.455037
v 95.977083 16.517543 -18.455037
v 95.977083 13.409489 -18.455037
f 8058 8059 8060
f 8059 8058 8061
f 8061 8058 8062
f 8061 8062 8063
f 8061 8063 8064
f 8064 8063 8065
f 8064 8065 8066
f 8066 8065 8067
f 8066 8067 8068
f 8068 8067 8069
f 8070 8071 8072
f 8071 8070 8073
f 8074 8073 8070
f 8073 8074 8075
f 8071 8076 8072
f 8076 8071 8077
f 8078 8079 8080
f 8079 8078 8081
f 8082 8106 8107
f 8108 8082 8083
f 8082 8084 8083
f 8084 8082 8085
f 8085 8086 8084
f 8086 8085 8087
f 8087 8088 8086
f 8088 8087 8089
f 8089 8074 8088
f 8074 8089 8075
f 8077 8090 8076
f 8090 8077 8091
f 8091 8092 8090
f 8092 8091 8093
f 8093 8079 8092
f 8079 8093 8080
f 8094 8095 8096
f 8095 8094 8097
f 8095 8097 8098
f 8098 8097 8099
f 8099 8097 8100
f 8099 8100 8101
f 8099 8101 8102
f 8102 8101 8103
f 8103 8101 8104
f 8103 8104 8105
o Dust_II_Group_092
v 95.623059 13.409489 -17.132664
v 95.623059 13.409489 -16.140538
v 95.514067 13.409489 -16.612253
v 96.019248 13.409489 -15.785944
v 95.977083 13.409489 -17.462911
v 96.482263 13.409489 -17.628726
v 96.482263 13.409489 -15.644474
v 96.945278 13.409489 -17.487257
v 96.987451 13.409489 -15.810289
v 97.341475 13.409489 -17.132664
v 97.341475 13.409489 -16.140538
v 97.450466 13.409489 -16.660948
v 97.450466 13.409489 -16.660948
v 97.341475 16.517543 -16.140538
v 97.341475 13.409489 -16.140538
v 97.450466 16.517543 -16.660948
v 97.341475 13.409489 -17.132664
v 97.341475 16.517543 -17.132664
v 96.987451 13.409489 -15.810289
v 96.987451 16.517543 -15.810289
v 95.514067 16.517543 -16.612253
v 95.623059 13.409489 -16.140538
v 95.623059 16.517543 -16.140538
v 95.514067 13.409489 -16.612253
v 95.623059 16.517543 -17.132664
v 95.623059 13.409489 -17.132664
v 95.977083 13.409489 -17.462911
v 95.977083 16.517543 -17.462911
v 96.482263 13.409489 -17.628726
v 96.482263 16.517543 -17.628726
v 96.945278 13.409489 -17.487257
v 96.945278 16.517543 -17.487257
v 96.482263 13.409489 -15.644474
v 96.482263 16.517543 -15.644474
v 96.019248 13.409489 -15.785944
v 96.019248 16.517543 -15.785944
v 95.623059 16.517543 -16.140538
v 95.623059 16.517543 -17.132664
v 95.514067 16.517543 -16.612253
v 96.019248 16.517543 -15.785944
v 95.977083 16.517543 -17.462911
v 96.482263 16.517543 -17.628726
v 96.482263 16.517543 -15.644474
v 96.987451 16.517543 -15.810289
v 96.945278 16.517543 -17.487257
v 97.341475 16.517543 -17.132664
v 97.341475 16.517543 -16.140538
v 97.450466 16.517543 -16.660948
v 95.514067 13.409489 -16.612253
v 95.514067 16.517543 -16.612253
v 95.514067 13.409489 -16.612253
f 8109 8110 8111
f 8110 8109 8112
f 8112 8109 8113
f 8112 8113 8114
f 8112 8114 8115
f 8115 8114 8116
f 8115 8116 8117
f 8117 8116 8118
f 8117 8118 8119
f 8119 8118 8120
f 8121 8122 8123
f 8122 8121 8124
f 8125 8124 8121
f 8124 8125 8126
f 8122 8127 8123
f 8127 8122 8128
f 8129 8130 8131
f 8130 8129 8132
f 8133 8157 8158
f 8159 8133 8134
f 8133 8135 8134
f 8135 8133 8136
f 8136 8137 8135
f 8137 8136 8138
f 8138 8139 8137
f 8139 8138 8140
f 8140 8125 8139
f 8125 8140 8126
f 8128 8141 8127
f 8141 8128 8142
f 8142 8143 8141
f 8143 8142 8144
f 8144 8130 8143
f 8130 8144 8131
f 8145 8146 8147
f 8146 8145 8148
f 8146 8148 8149
f 8149 8148 8150
f 8150 8148 8151
f 8150 8151 8152
f 8150 8152 8153
f 8153 8152 8154
f 8154 8152 8155
f 8154 8155 8156
o Dust_II_Group_091
v 97.478518 13.409489 -17.697830
v 97.478518 13.409489 -16.705704
v 97.369526 13.409489 -17.177419
v 97.874707 13.409489 -16.351110
v 97.832542 13.409489 -18.028077
v 98.337722 13.409489 -18.193892
v 98.337722 13.409489 -16.209641
v 98.800737 13.409489 -18.052423
v 98.842910 13.409489 -16.375455
v 99.196934 13.409489 -17.697830
v 99.196934 13.409489 -16.705704
v 99.305925 13.409489 -17.226114
v 99.305925 13.409489 -17.226114
v 99.196934 16.517543 -16.705704
v 99.196934 13.409489 -16.705704
v 99.305925 16.517543 -17.226114
v 99.196934 13.409489 -17.697830
v 99.196934 16.517543 -17.697830
v 98.842910 13.409489 -16.375455
v 98.842910 16.517543 -16.375455
v 97.369526 16.517543 -17.177419
v 97.478518 13.409489 -16.705704
v 97.478518 16.517543 -16.705704
v 97.369526 13.409489 -17.177419
v 97.478518 16.517543 -17.697830
v 97.478518 13.409489 -17.697830
v 97.832542 13.409489 -18.028077
v 97.832542 16.517543 -18.028077
v 98.337722 13.409489 -18.193892
v 98.337722 16.517543 -18.193892
v 98.800737 13.409489 -18.052423
v 98.800737 16.517543 -18.052423
v 98.337722 13.409489 -16.209641
v 98.337722 16.517543 -16.209641
v 97.874707 13.409489 -16.351110
v 97.874707 16.517543 -16.351110
v 97.478518 16.517543 -16.705704
v 97.478518 16.517543 -17.697830
v 97.369526 16.517543 -17.177419
v 97.874707 16.517543 -16.351110
v 97.832542 16.517543 -18.028077
v 98.337722 16.517543 -18.193892
v 98.337722 16.517543 -16.209641
v 98.842910 16.517543 -16.375455
v 98.800737 16.517543 -18.052423
v 99.196934 16.517543 -17.697830
v 99.196934 16.517543 -16.705704
v 99.305925 16.517543 -17.226114
v 97.369526 13.409489 -17.177419
v 97.369526 16.517543 -17.177419
v 97.369526 13.409489 -17.177419
f 8160 8161 8162
f 8161 8160 8163
f 8163 8160 8164
f 8163 8164 8165
f 8163 8165 8166
f 8166 8165 8167
f 8166 8167 8168
f 8168 8167 8169
f 8168 8169 8170
f 8170 8169 8171
f 8172 8173 8174
f 8173 8172 8175
f 8176 8175 8172
f 8175 8176 8177
f 8173 8178 8174
f 8178 8173 8179
f 8180 8181 8182
f 8181 8180 8183
f 8184 8208 8209
f 8210 8184 8185
f 8184 8186 8185
f 8186 8184 8187
f 8187 8188 8186
f 8188 8187 8189
f 8189 8190 8188
f 8190 8189 8191
f 8191 8176 8190
f 8176 8191 8177
f 8179 8192 8178
f 8192 8179 8193
f 8193 8194 8192
f 8194 8193 8195
f 8195 8181 8194
f 8181 8195 8182
f 8196 8197 8198
f 8197 8196 8199
f 8197 8199 8200
f 8200 8199 8201
f 8201 8199 8202
f 8201 8202 8203
f 8201 8203 8204
f 8204 8203 8205
f 8205 8203 8206
f 8205 8206 8207
o Dust_II_Group_090
v 96.288274 16.517543 -18.176997
v 96.288274 16.517543 -17.184871
v 96.179282 16.517543 -17.656586
v 96.684463 16.517543 -16.830276
v 96.642297 16.517543 -18.507244
v 97.147478 16.517543 -18.673059
v 97.147478 16.517543 -16.688807
v 97.610493 16.517543 -18.531592
v 97.652666 16.517543 -16.854622
v 98.006689 16.517543 -18.176997
v 98.006689 16.517543 -17.184871
v 98.115681 16.517543 -17.705281
v 98.115681 16.517543 -17.705281
v 98.006689 19.625598 -17.184871
v 98.006689 16.517543 -17.184871
v 98.115681 19.625598 -17.705281
v 98.006689 16.517543 -18.176997
v 98.006689 19.625598 -18.176997
v 97.652666 16.517543 -16.854622
v 97.652666 19.625598 -16.854622
v 96.179282 19.625598 -17.656586
v 96.288274 16.517543 -17.184871
v 96.288274 19.625598 -17.184871
v 96.179282 16.517543 -17.656586
v 96.288274 19.625598 -18.176997
v 96.288274 16.517543 -18.176997
v 96.642297 16.517543 -18.507244
v 96.642297 19.625598 -18.507244
v 97.147478 16.517543 -18.673059
v 97.147478 19.625598 -18.673059
v 97.610493 16.517543 -18.531592
v 97.610493 19.625598 -18.531592
v 97.147478 16.517543 -16.688807
v 97.147478 19.625598 -16.688807
v 96.684463 16.517543 -16.830276
v 96.684463 19.625598 -16.830276
v 96.288274 19.625598 -17.184871
v 96.288274 19.625598 -18.176997
v 96.179282 19.625598 -17.656586
v 96.684463 19.625598 -16.830276
v 96.642297 19.625598 -18.507244
v 97.147478 19.625598 -18.673059
v 97.147478 19.625598 -16.688807
v 97.652666 19.625598 -16.854622
v 97.610493 19.625598 -18.531592
v 98.006689 19.625598 -18.176997
v 98.006689 19.625598 -17.184871
v 98.115681 19.625598 -17.705281
v 96.179282 16.517543 -17.656586
v 96.179282 19.625598 -17.656586
v 96.179282 16.517543 -17.656586
f 8211 8212 8213
f 8212 8211 8214
f 8214 8211 8215
f 8214 8215 8216
f 8214 8216 8217
f 8217 8216 8218
f 8217 8218 8219
f 8219 8218 8220
f 8219 8220 8221
f 8221 8220 8222
f 8223 8224 8225
f 8224 8223 8226
f 8227 8226 8223
f 8226 8227 8228
f 8224 8229 8225
f 8229 8224 8230
f 8231 8232 8233
f 8232 8231 8234
f 8235 8259 8260
f 8261 8235 8236
f 8235 8237 8236
f 8237 8235 8238
f 8238 8239 8237
f 8239 8238 8240
f 8240 8241 8239
f 8241 8240 8242
f 8242 8227 8241
f 8227 8242 8228
f 8230 8243 8229
f 8243 8230 8244
f 8244 8245 8243
f 8245 8244 8246
f 8246 8232 8245
f 8232 8246 8233
f 8247 8248 8249
f 8248 8247 8250
f 8248 8250 8251
f 8251 8250 8252
f 8252 8250 8253
f 8252 8253 8254
f 8252 8254 8255
f 8255 8254 8256
f 8256 8254 8257
f 8256 8257 8258
o Dust_II_Group_089
v 119.866838 17.361310 13.243534
v 119.866838 17.361310 14.235660
v 119.757847 17.361310 13.763945
v 120.263027 17.361310 14.590255
v 120.220862 17.361310 12.913287
v 120.726042 17.361310 12.747471
v 120.726042 17.361310 14.731723
v 121.189058 17.361310 12.888940
v 121.231230 17.361310 14.565907
v 121.585254 17.361310 13.243534
v 121.585254 17.361310 14.235660
v 121.694246 17.361310 13.715250
v 121.694246 17.361310 13.715250
v 121.585254 20.469364 14.235660
v 121.585254 17.361310 14.235660
v 121.694246 20.469364 13.715250
v 121.585254 17.361310 13.243534
v 121.585254 20.469364 13.243534
v 121.231230 17.361310 14.565907
v 121.231230 20.469364 14.565907
v 119.757847 20.469364 13.763945
v 119.866838 17.361310 14.235660
v 119.866838 20.469364 14.235660
v 119.757847 17.361310 13.763945
v 119.866838 20.469364 13.243534
v 119.866838 17.361310 13.243534
v 120.220862 17.361310 12.913287
v 120.220862 20.469364 12.913287
v 120.726042 17.361310 12.747471
v 120.726042 20.469364 12.747471
v 121.189058 17.361310 12.888940
v 121.189058 20.469364 12.888940
v 120.726042 17.361310 14.731723
v 120.726042 20.469364 14.731723
v 120.263027 17.361310 14.590255
v 120.263027 20.469364 14.590255
v 119.866838 20.469364 14.235660
v 119.866838 20.469364 13.243534
v 119.757847 20.469364 13.763945
v 120.263027 20.469364 14.590255
v 120.220862 20.469364 12.913287
v 120.726042 20.469364 12.747471
v 120.726042 20.469364 14.731723
v 121.231230 20.469364 14.565907
v 121.189058 20.469364 12.888940
v 121.585254 20.469364 13.243534
v 121.585254 20.469364 14.235660
v 121.694246 20.469364 13.715250
v 119.757847 17.361310 13.763945
v 119.757847 20.469364 13.763945
v 119.757847 17.361310 13.763945
f 8262 8263 8264
f 8263 8262 8265
f 8265 8262 8266
f 8265 8266 8267
f 8265 8267 8268
f 8268 8267 8269
f 8268 8269 8270
f 8270 8269 8271
f 8270 8271 8272
f 8272 8271 8273
f 8274 8275 8276
f 8275 8274 8277
f 8278 8277 8274
f 8277 8278 8279
f 8275 8280 8276
f 8280 8275 8281
f 8282 8283 8284
f 8283 8282 8285
f 8286 8310 8311
f 8312 8286 8287
f 8286 8288 8287
f 8288 8286 8289
f 8289 8290 8288
f 8290 8289 8291
f 8291 8292 8290
f 8292 8291 8293
f 8293 8278 8292
f 8278 8293 8279
f 8281 8294 8280
f 8294 8281 8295
f 8295 8296 8294
f 8296 8295 8297
f 8297 8283 8296
f 8283 8297 8284
f 8298 8299 8300
f 8299 8298 8301
f 8299 8301 8302
f 8302 8301 8303
f 8303 8301 8304
f 8303 8304 8305
f 8303 8305 8306
f 8306 8305 8307
f 8307 8305 8308
f 8307 8308 8309
o Dust_II_Group_088
v 119.403816 17.361310 15.086318
v 119.403816 17.361310 16.078444
v 119.294824 17.361310 15.606727
v 119.800005 17.361310 16.433038
v 119.757839 17.361310 14.756071
v 120.263020 17.361310 14.590255
v 120.263020 17.361310 16.574507
v 120.726035 17.361310 14.731723
v 120.768208 17.361310 16.408691
v 121.122231 17.361310 15.086318
v 121.122231 17.361310 16.078444
v 121.231223 17.361310 15.558033
v 121.231223 17.361310 15.558033
v 121.122231 20.469364 16.078444
v 121.122231 17.361310 16.078444
v 121.231223 20.469364 15.558033
v 121.122231 17.361310 15.086318
v 121.122231 20.469364 15.086318
v 120.768208 17.361310 16.408691
v 120.768208 20.469364 16.408691
v 119.294824 20.469364 15.606727
v 119.403816 17.361310 16.078444
v 119.403816 20.469364 16.078444
v 119.294824 17.361310 15.606727
v 119.403816 20.469364 15.086318
v 119.403816 17.361310 15.086318
v 119.757839 17.361310 14.756071
v 119.757839 20.469364 14.756071
v 120.263020 17.361310 14.590255
v 120.263020 20.469364 14.590255
v 120.726035 17.361310 14.731723
v 120.726035 20.469364 14.731723
v 120.263020 17.361310 16.574507
v 120.263020 20.469364 16.574507
v 119.800005 17.361310 16.433038
v 119.800005 20.469364 16.433038
v 119.403816 20.469364 16.078444
v 119.403816 20.469364 15.086318
v 119.294824 20.469364 15.606727
v 119.800005 20.469364 16.433038
v 119.757839 20.469364 14.756071
v 120.263020 20.469364 14.590255
v 120.263020 20.469364 16.574507
v 120.768208 20.469364 16.408691
v 120.726035 20.469364 14.731723
v 121.122231 20.469364 15.086318
v 121.122231 20.469364 16.078444
v 121.231223 20.469364 15.558033
v 119.294824 17.361310 15.606727
v 119.294824 20.469364 15.606727
v 119.294824 17.361310 15.606727
f 8313 8314 8315
f 8314 8313 8316
f 8316 8313 8317
f 8316 8317 8318
f 8316 8318 8319
f 8319 8318 8320
f 8319 8320 8321
f 8321 8320 8322
f 8321 8322 8323
f 8323 8322 8324
f 8325 8326 8327
f 8326 8325 8328
f 8329 8328 8325
f 8328 8329 8330
f 8326 8331 8327
f 8331 8326 8332
f 8333 8334 8335
f 8334 8333 8336
f 8337 8361 8362
f 8363 8337 8338
f 8337 8339 8338
f 8339 8337 8340
f 8340 8341 8339
f 8341 8340 8342
f 8342 8343 8341
f 8343 8342 8344
f 8344 8329 8343
f 8329 8344 8330
f 8332 8345 8331
f 8345 8332 8346
f 8346 8347 8345
f 8347 8346 8348
f 8348 8334 8347
f 8334 8348 8335
f 8349 8350 8351
f 8350 8349 8352
f 8350 8352 8353
f 8353 8352 8354
f 8354 8352 8355
f 8354 8355 8356
f 8354 8356 8357
f 8357 8356 8358
f 8358 8356 8359
f 8358 8359 8360
o Dust_II_Group_087
v 121.259275 17.361310 14.521154
v 121.259275 17.361310 15.513279
v 121.150283 17.361310 15.041563
v 121.655464 17.361310 15.867874
v 121.613298 17.361310 14.190906
v 122.118479 17.361310 14.025091
v 122.118479 17.361310 16.009342
v 122.581494 17.361310 14.166559
v 122.623667 17.361310 15.843527
v 122.977690 17.361310 14.521154
v 122.977690 17.361310 15.513279
v 123.086675 17.361310 14.992869
v 123.086675 17.361310 14.992869
v 122.977690 20.469364 15.513279
v 122.977690 17.361310 15.513279
v 123.086675 20.469364 14.992869
v 122.977690 17.361310 14.521154
v 122.977690 20.469364 14.521154
v 122.623667 17.361310 15.843527
v 122.623667 20.469364 15.843527
v 121.150283 20.469364 15.041563
v 121.259275 17.361310 15.513279
v 121.259275 20.469364 15.513279
v 121.150283 17.361310 15.041563
v 121.259275 20.469364 14.521154
v 121.259275 17.361310 14.521154
v 121.613298 17.361310 14.190906
v 121.613298 20.469364 14.190906
v 122.118479 17.361310 14.025091
v 122.118479 20.469364 14.025091
v 122.581494 17.361310 14.166559
v 122.581494 20.469364 14.166559
v 122.118479 17.361310 16.009342
v 122.118479 20.469364 16.009342
v 121.655464 17.361310 15.867874
v 121.655464 20.469364 15.867874
v 121.259275 20.469364 15.513279
v 121.259275 20.469364 14.521154
v 121.150283 20.469364 15.041563
v 121.655464 20.469364 15.867874
v 121.613298 20.469364 14.190906
v 122.118479 20.469364 14.025091
v 122.118479 20.469364 16.009342
v 122.623667 20.469364 15.843527
v 122.581494 20.469364 14.166559
v 122.977690 20.469364 14.521154
v 122.977690 20.469364 15.513279
v 123.086675 20.469364 14.992869
v 121.150283 17.361310 15.041563
v 121.150283 20.469364 15.041563
v 121.150283 17.361310 15.041563
f 8364 8365 8366
f 8365 8364 8367
f 8367 8364 8368
f 8367 8368 8369
f 8367 8369 8370
f 8370 8369 8371
f 8370 8371 8372
f 8372 8371 8373
f 8372 8373 8374
f 8374 8373 8375
f 8376 8377 8378
f 8377 8376 8379
f 8380 8379 8376
f 8379 8380 8381
f 8377 8382 8378
f 8382 8377 8383
f 8384 8385 8386
f 8385 8384 8387
f 8388 8412 8413
f 8414 8388 8389
f 8388 8390 8389
f 8390 8388 8391
f 8391 8392 8390
f 8392 8391 8393
f 8393 8394 8392
f 8394 8393 8395
f 8395 8380 8394
f 8380 8395 8381
f 8383 8396 8382
f 8396 8383 8397
f 8397 8398 8396
f 8398 8397 8399
f 8399 8385 8398
f 8385 8399 8386
f 8400 8401 8402
f 8401 8400 8403
f 8401 8403 8404
f 8404 8403 8405
f 8405 8403 8406
f 8405 8406 8407
f 8405 8407 8408
f 8408 8407 8409
f 8409 8407 8410
f 8409 8410 8411
o Dust_II_Group_086
v 120.069045 20.469364 14.041985
v 120.069045 20.469364 15.034111
v 119.960054 20.469364 14.562394
v 120.465234 20.469364 15.388705
v 120.423069 20.469364 13.711738
v 120.928250 20.469364 13.545922
v 120.928250 20.469364 15.530174
v 121.391265 20.469364 13.687390
v 121.433437 20.469364 15.364358
v 121.787461 20.469364 14.041985
v 121.787461 20.469364 15.034111
v 121.896453 20.469364 14.513700
v 121.896453 20.469364 14.513700
v 121.787461 23.577418 15.034111
v 121.787461 20.469364 15.034111
v 121.896453 23.577418 14.513700
v 121.787461 20.469364 14.041985
v 121.787461 23.577418 14.041985
v 121.433437 20.469364 15.364358
v 121.433437 23.577418 15.364358
v 119.960054 23.577418 14.562394
v 120.069045 20.469364 15.034111
v 120.069045 23.577418 15.034111
v 119.960054 20.469364 14.562394
v 120.069045 23.577418 14.041985
v 120.069045 20.469364 14.041985
v 120.423069 20.469364 13.711738
v 120.423069 23.577418 13.711738
v 120.928250 20.469364 13.545922
v 120.928250 23.577418 13.545922
v 121.391265 20.469364 13.687390
v 121.391265 23.577418 13.687390
v 120.928250 20.469364 15.530174
v 120.928250 23.577418 15.530174
v 120.465234 20.469364 15.388705
v 120.465234 23.577418 15.388705
v 120.069045 23.577418 15.034111
v 120.069045 23.577418 14.041985
v 119.960054 23.577418 14.562394
v 120.465234 23.577418 15.388705
v 120.423069 23.577418 13.711738
v 120.928250 23.577418 13.545922
v 120.928250 23.577418 15.530174
v 121.433437 23.577418 15.364358
v 121.391265 23.577418 13.687390
v 121.787461 23.577418 14.041985
v 121.787461 23.577418 15.034111
v 121.896453 23.577418 14.513700
v 119.960054 20.469364 14.562394
v 119.960054 23.577418 14.562394
v 119.960054 20.469364 14.562394
f 8415 8416 8417
f 8416 8415 8418
f 8418 8415 8419
f 8418 8419 8420
f 8418 8420 8421
f 8421 8420 8422
f 8421 8422 8423
f 8423 8422 8424
f 8423 8424 8425
f 8425 8424 8426
f 8427 8428 8429
f 8428 8427 8430
f 8431 8430 8427
f 8430 8431 8432
f 8428 8433 8429
f 8433 8428 8434
f 8435 8436 8437
f 8436 8435 8438
f 8439 8463 8464
f 8465 8439 8440
f 8439 8441 8440
f 8441 8439 8442
f 8442 8443 8441
f 8443 8442 8444
f 8444 8445 8443
f 8445 8444 8446
f 8446 8431 8445
f 8431 8446 8432
f 8434 8447 8433
f 8447 8434 8448
f 8448 8449 8447
f 8449 8448 8450
f 8450 8436 8449
f 8436 8450 8437
f 8451 8452 8453
f 8452 8451 8454
f 8452 8454 8455
f 8455 8454 8456
f 8456 8454 8457
f 8456 8457 8458
f 8456 8458 8459
f 8459 8458 8460
f 8460 8458 8461
f 8460 8461 8462
o Dust_II_Group_085
v 84.160298 13.409489 59.569830
v 84.160298 13.409489 60.561958
v 84.051306 13.409489 60.090242
v 84.556487 13.409489 60.916553
v 84.514321 13.409489 59.239585
v 85.019502 13.409489 59.073768
v 85.019502 13.409489 61.058020
v 85.482517 13.409489 59.215236
v 85.524690 13.409489 60.892203
v 85.878713 13.409489 59.569830
v 85.878713 13.409489 60.561958
v 85.987705 13.409489 60.041547
v 85.987705 13.409489 60.041547
v 85.878713 16.517543 60.561958
v 85.878713 13.409489 60.561958
v 85.987705 16.517543 60.041547
v 85.878713 13.409489 59.569830
v 85.878713 16.517543 59.569830
v 85.524690 13.409489 60.892203
v 85.524690 16.517543 60.892203
v 84.051306 16.517543 60.090242
v 84.160298 13.409489 60.561958
v 84.160298 16.517543 60.561958
v 84.051306 13.409489 60.090242
v 84.160298 16.517543 59.569830
v 84.160298 13.409489 59.569830
v 84.514321 13.409489 59.239585
v 84.514321 16.517543 59.239585
v 85.019502 13.409489 59.073768
v 85.019502 16.517543 59.073768
v 85.482517 13.409489 59.215236
v 85.482517 16.517543 59.215236
v 85.019502 13.409489 61.058020
v 85.019502 16.517543 61.058020
v 84.556487 13.409489 60.916553
v 84.556487 16.517543 60.916553
v 84.160298 16.517543 60.561958
v 84.160298 16.517543 59.569830
v 84.051306 16.517543 60.090242
v 84.556487 16.517543 60.916553
v 84.514321 16.517543 59.239585
v 85.019502 16.517543 59.073768
v 85.019502 16.517543 61.058020
v 85.524690 16.517543 60.892203
v 85.482517 16.517543 59.215236
v 85.878713 16.517543 59.569830
v 85.878713 16.517543 60.561958
v 85.987705 16.517543 60.041547
v 84.051306 13.409489 60.090242
v 84.051306 16.517543 60.090242
v 84.051306 13.409489 60.090242
f 8466 8467 8468
f 8467 8466 8469
f 8469 8466 8470
f 8469 8470 8471
f 8469 8471 8472
f 8472 8471 8473
f 8472 8473 8474
f 8474 8473 8475
f 8474 8475 8476
f 8476 8475 8477
f 8478 8479 8480
f 8479 8478 8481
f 8482 8481 8478
f 8481 8482 8483
f 8479 8484 8480
f 8484 8479 8485
f 8486 8487 8488
f 8487 8486 8489
f 8490 8514 8515
f 8516 8490 8491
f 8490 8492 8491
f 8492 8490 8493
f 8493 8494 8492
f 8494 8493 8495
f 8495 8496 8494
f 8496 8495 8497
f 8497 8482 8496
f 8482 8497 8483
f 8485 8498 8484
f 8498 8485 8499
f 8499 8500 8498
f 8500 8499 8501
f 8501 8487 8500
f 8487 8501 8488
f 8502 8503 8504
f 8503 8502 8505
f 8503 8505 8506
f 8506 8505 8507
f 8507 8505 8508
f 8507 8508 8509
f 8507 8509 8510
f 8510 8509 8511
f 8511 8509 8512
f 8511 8512 8513
o Dust_II_Group_084
v 83.697283 13.409489 61.412618
v 83.697283 13.409489 62.404746
v 83.588291 13.409489 61.933030
v 84.093472 13.409489 62.759341
v 84.051306 13.409489 61.082373
v 84.556487 13.409489 60.916556
v 84.556487 13.409489 62.900808
v 85.019502 13.409489 61.058024
v 85.061675 13.409489 62.734991
v 85.415698 13.409489 61.412618
v 85.415698 13.409489 62.404746
v 85.524690 13.409489 61.884335
v 85.524690 13.409489 61.884335
v 85.415698 16.517543 62.404746
v 85.415698 13.409489 62.404746
v 85.524690 16.517543 61.884335
v 85.415698 13.409489 61.412618
v 85.415698 16.517543 61.412618
v 85.061675 13.409489 62.734991
v 85.061675 16.517543 62.734991
v 83.588291 16.517543 61.933030
v 83.697283 13.409489 62.404746
v 83.697283 16.517543 62.404746
v 83.588291 13.409489 61.933030
v 83.697283 16.517543 61.412618
v 83.697283 13.409489 61.412618
v 84.051306 13.409489 61.082373
v 84.051306 16.517543 61.082373
v 84.556487 13.409489 60.916556
v 84.556487 16.517543 60.916556
v 85.019502 13.409489 61.058024
v 85.019502 16.517543 61.058024
v 84.556487 13.409489 62.900808
v 84.556487 16.517543 62.900808
v 84.093472 13.409489 62.759341
v 84.093472 16.517543 62.759341
v 83.697283 16.517543 62.404746
v 83.697283 16.517543 61.412618
v 83.588291 16.517543 61.933030
v 84.093472 16.517543 62.759341
v 84.051306 16.517543 61.082373
v 84.556487 16.517543 60.916556
v 84.556487 16.517543 62.900808
v 85.061675 16.517543 62.734991
v 85.019502 16.517543 61.058024
v 85.415698 16.517543 61.412618
v 85.415698 16.517543 62.404746
v 85.524690 16.517543 61.884335
v 83.588291 13.409489 61.933030
v 83.588291 16.517543 61.933030
v 83.588291 13.409489 61.933030
f 8517 8518 8519
f 8518 8517 8520
f 8520 8517 8521
f 8520 8521 8522
f 8520 8522 8523
f 8523 8522 8524
f 8523 8524 8525
f 8525 8524 8526
f 8525 8526 8527
f 8527 8526 8528
f 8529 8530 8531
f 8530 8529 8532
f 8533 8532 8529
f 8532 8533 8534
f 8530 8535 8531
f 8535 8530 8536
f 8537 8538 8539
f 8538 8537 8540
f 8541 8565 8566
f 8567 8541 8542
f 8541 8543 8542
f 8543 8541 8544
f 8544 8545 8543
f 8545 8544 8546
f 8546 8547 8545
f 8547 8546 8548
f 8548 8533 8547
f 8533 8548 8534
f 8536 8549 8535
f 8549 8536 8550
f 8550 8551 8549
f 8551 8550 8552
f 8552 8538 8551
f 8538 8552 8539
f 8553 8554 8555
f 8554 8553 8556
f 8554 8556 8557
f 8557 8556 8558
f 8558 8556 8559
f 8558 8559 8560
f 8558 8560 8561
f 8561 8560 8562
f 8562 8560 8563
f 8562 8563 8564
o Dust_II_Group_083
v 85.552742 13.409489 60.847452
v 85.552742 13.409489 61.839580
v 85.443750 13.409489 61.367864
v 85.948931 13.409489 62.194175
v 85.906765 13.409489 60.517207
v 86.411946 13.409489 60.351390
v 86.411946 13.409489 62.335642
v 86.874961 13.409489 60.492858
v 86.917134 13.409489 62.169825
v 87.271157 13.409489 60.847452
v 87.271157 13.409489 61.839580
v 87.380149 13.409489 61.319169
v 87.380149 13.409489 61.319169
v 87.271157 16.517543 61.839580
v 87.271157 13.409489 61.839580
v 87.380149 16.517543 61.319169
v 87.271157 13.409489 60.847452
v 87.271157 16.517543 60.847452
v 86.917134 13.409489 62.169825
v 86.917134 16.517543 62.169825
v 85.443750 16.517543 61.367864
v 85.552742 13.409489 61.839580
v 85.552742 16.517543 61.839580
v 85.443750 13.409489 61.367864
v 85.552742 16.517543 60.847452
v 85.552742 13.409489 60.847452
v 85.906765 13.409489 60.517207
v 85.906765 16.517543 60.517207
v 86.411946 13.409489 60.351390
v 86.411946 16.517543 60.351390
v 86.874961 13.409489 60.492858
v 86.874961 16.517543 60.492858
v 86.411946 13.409489 62.335642
v 86.411946 16.517543 62.335642
v 85.948931 13.409489 62.194175
v 85.948931 16.517543 62.194175
v 85.552742 16.517543 61.839580
v 85.552742 16.517543 60.847452
v 85.443750 16.517543 61.367864
v 85.948931 16.517543 62.194175
v 85.906765 16.517543 60.517207
v 86.411946 16.517543 60.351390
v 86.411946 16.517543 62.335642
v 86.917134 16.517543 62.169825
v 86.874961 16.517543 60.492858
v 87.271157 16.517543 60.847452
v 87.271157 16.517543 61.839580
v 87.380149 16.517543 61.319169
v 85.443750 13.409489 61.367864
v 85.443750 16.517543 61.367864
v 85.443750 13.409489 61.367864
f 8568 8569 8570
f 8569 8568 8571
f 8571 8568 8572
f 8571 8572 8573
f 8571 8573 8574
f 8574 8573 8575
f 8574 8575 8576
f 8576 8575 8577
f 8576 8577 8578
f 8578 8577 8579
f 8580 8581 8582
f 8581 8580 8583
f 8584 8583 8580
f 8583 8584 8585
f 8581 8586 8582
f 8586 8581 8587
f 8588 8589 8590
f 8589 8588 8591
f 8592 8616 8617
f 8618 8592 8593
f 8592 8594 8593
f 8594 8592 8595
f 8595 8596 8594
f 8596 8595 8597
f 8597 8598 8596
f 8598 8597 8599
f 8599 8584 8598
f 8584 8599 8585
f 8587 8600 8586
f 8600 8587 8601
f 8601 8602 8600
f 8602 8601 8603
f 8603 8589 8602
f 8589 8603 8590
f 8604 8605 8606
f 8605 8604 8607
f 8605 8607 8608
f 8608 8607 8609
f 8609 8607 8610
f 8609 8610 8611
f 8609 8611 8612
f 8612 8611 8613
f 8613 8611 8614
f 8613 8614 8615
o Dust_II_Group_082
v 84.362505 16.517543 60.368280
v 84.362505 16.517543 61.360408
v 84.253513 16.517543 60.888691
v 84.758694 16.517543 61.715002
v 84.716528 16.517543 60.038035
v 85.221709 16.517543 59.872218
v 85.221709 16.517543 61.856470
v 85.684724 16.517543 60.013685
v 85.726897 16.517543 61.690653
v 86.080920 16.517543 60.368280
v 86.080920 16.517543 61.360408
v 86.189912 16.517543 60.839996
v 86.189912 16.517543 60.839996
v 86.080920 19.625598 61.360408
v 86.080920 16.517543 61.360408
v 86.189912 19.625598 60.839996
v 86.080920 16.517543 60.368280
v 86.080920 19.625598 60.368280
v 85.726897 16.517543 61.690653
v 85.726897 19.625598 61.690653
v 84.253513 19.625598 60.888691
v 84.362505 16.517543 61.360408
v 84.362505 19.625598 61.360408
v 84.253513 16.517543 60.888691
v 84.362505 19.625598 60.368280
v 84.362505 16.517543 60.368280
v 84.716528 16.517543 60.038035
v 84.716528 19.625598 60.038035
v 85.221709 16.517543 59.872218
v 85.221709 19.625598 59.872218
v 85.684724 16.517543 60.013685
v 85.684724 19.625598 60.013685
v 85.221709 16.517543 61.856470
v 85.221709 19.625598 61.856470
v 84.758694 16.517543 61.715002
v 84.758694 19.625598 61.715002
v 84.362505 19.625598 61.360408
v 84.362505 19.625598 60.368280
v 84.253513 19.625598 60.888691
v 84.758694 19.625598 61.715002
v 84.716528 19.625598 60.038035
v 85.221709 19.625598 59.872218
v 85.221709 19.625598 61.856470
v 85.726897 19.625598 61.690653
v 85.684724 19.625598 60.013685
v 86.080920 19.625598 60.368280
v 86.080920 19.625598 61.360408
v 86.189912 19.625598 60.839996
v 84.253513 16.517543 60.888691
v 84.253513 19.625598 60.888691
v 84.253513 16.517543 60.888691
f 8619 8620 8621
f 8620 8619 8622
f 8622 8619 8623
f 8622 8623 8624
f 8622 8624 8625
f 8625 8624 8626
f 8625 8626 8627
f 8627 8626 8628
f 8627 8628 8629
f 8629 8628 8630
f 8631 8632 8633
f 8632 8631 8634
f 8635 8634 8631
f 8634 8635 8636
f 8632 8637 8633
f 8637 8632 8638
f 8639 8640 8641
f 8640 8639 8642
f 8643 8667 8668
f 8669 8643 8644
f 8643 8645 8644
f 8645 8643 8646
f 8646 8647 8645
f 8647 8646 8648
f 8648 8649 8647
f 8649 8648 8650
f 8650 8635 8649
f 8635 8650 8636
f 8638 8651 8637
f 8651 8638 8652
f 8652 8653 8651
f 8653 8652 8654
f 8654 8640 8653
f 8640 8654 8641
f 8655 8656 8657
f 8656 8655 8658
f 8656 8658 8659
f 8659 8658 8660
f 8660 8658 8661
f 8660 8661 8662
f 8660 8662 8663
f 8663 8662 8664
f 8664 8662 8665
f 8664 8665 8666
o Dust_II_Group_081
v 91.573616 13.409489 29.478871
v 91.573616 13.409489 30.470997
v 91.464624 13.409489 29.999282
v 91.969805 13.409489 30.825591
v 91.927639 13.409489 29.148624
v 92.432820 13.409489 28.982809
v 92.432820 13.409489 30.967061
v 92.895835 13.409489 29.124276
v 92.938008 13.409489 30.801246
v 93.292031 13.409489 29.478871
v 93.292031 13.409489 30.470997
v 93.401023 13.409489 29.950587
v 93.401023 13.409489 29.950587
v 93.292031 16.517543 30.470997
v 93.292031 13.409489 30.470997
v 93.401023 16.517543 29.950587
v 93.292031 13.409489 29.478871
v 93.292031 16.517543 29.478871
v 92.938008 13.409489 30.801246
v 92.938008 16.517543 30.801246
v 91.464624 16.517543 29.999282
v 91.573616 13.409489 30.470997
v 91.573616 16.517543 30.470997
v 91.464624 13.409489 29.999282
v 91.573616 16.517543 29.478871
v 91.573616 13.409489 29.478871
v 91.927639 13.409489 29.148624
v 91.927639 16.517543 29.148624
v 92.432820 13.409489 28.982809
v 92.432820 16.517543 28.982809
v 92.895835 13.409489 29.124276
v 92.895835 16.517543 29.124276
v 92.432820 13.409489 30.967061
v 92.432820 16.517543 30.967061
v 91.969805 13.409489 30.825591
v 91.969805 16.517543 30.825591
v 91.573616 16.517543 30.470997
v 91.573616 16.517543 29.478871
v 91.464624 16.517543 29.999282
v 91.969805 16.517543 30.825591
v 91.927639 16.517543 29.148624
v 92.432820 16.517543 28.982809
v 92.432820 16.517543 30.967061
v 92.938008 16.517543 30.801246
v 92.895835 16.517543 29.124276
v 93.292031 16.517543 29.478871
v 93.292031 16.517543 30.470997
v 93.401023 16.517543 29.950587
v 91.464624 13.409489 29.999282
v 91.464624 16.517543 29.999282
v 91.464624 13.409489 29.999282
f 8670 8671 8672
f 8671 8670 8673
f 8673 8670 8674
f 8673 8674 8675
f 8673 8675 8676
f 8676 8675 8677
f 8676 8677 8678
f 8678 8677 8679
f 8678 8679 8680
f 8680 8679 8681
f 8682 8683 8684
f 8683 8682 8685
f 8686 8685 8682
f 8685 8686 8687
f 8683 8688 8684
f 8688 8683 8689
f 8690 8691 8692
f 8691 8690 8693
f 8694 8718 8719
f 8720 8694 8695
f 8694 8696 8695
f 8696 8694 8697
f 8697 8698 8696
f 8698 8697 8699
f 8699 8700 8698
f 8700 8699 8701
f 8701 8686 8700
f 8686 8701 8687
f 8689 8702 8688
f 8702 8689 8703
f 8703 8704 8702
f 8704 8703 8705
f 8705 8691 8704
f 8691 8705 8692
f 8706 8707 8708
f 8707 8706 8709
f 8707 8709 8710
f 8710 8709 8711
f 8711 8709 8712
f 8711 8712 8713
f 8711 8713 8714
f 8714 8713 8715
f 8715 8713 8716
f 8715 8716 8717
o Dust_II_Group_080
v 125.158931 17.361310 29.323401
v 125.158931 17.361310 30.315527
v 125.049946 17.361310 29.843813
v 125.555127 17.361310 30.670122
v 125.512954 17.361310 28.993154
v 126.018149 17.361310 28.827339
v 126.018149 17.361310 30.811591
v 126.481157 17.361310 28.968809
v 126.523330 17.361310 30.645776
v 126.877354 17.361310 29.323401
v 126.877354 17.361310 30.315527
v 126.986338 17.361310 29.795118
v 126.986338 17.361310 29.795118
v 126.877354 20.469364 30.315527
v 126.877354 17.361310 30.315527
v 126.986338 20.469364 29.795118
v 126.877354 17.361310 29.323401
v 126.877354 20.469364 29.323401
v 126.523330 17.361310 30.645776
v 126.523330 20.469364 30.645776
v 125.049946 20.469364 29.843813
v 125.158931 17.361310 30.315527
v 125.158931 20.469364 30.315527
v 125.049946 17.361310 29.843813
v 125.158931 20.469364 29.323401
v 125.158931 17.361310 29.323401
v 125.512954 17.361310 28.993154
v 125.512954 20.469364 28.993154
v 126.018149 17.361310 28.827339
v 126.018149 20.469364 28.827339
v 126.481157 17.361310 28.968809
v 126.481157 20.469364 28.968809
v 126.018149 17.361310 30.811591
v 126.018149 20.469364 30.811591
v 125.555127 17.361310 30.670122
v 125.555127 20.469364 30.670122
v 125.158931 20.469364 30.315527
v 125.158931 20.469364 29.323401
v 125.049946 20.469364 29.843813
v 125.555127 20.469364 30.670122
v 125.512954 20.469364 28.993154
v 126.018149 20.469364 28.827339
v 126.018149 20.469364 30.811591
v 126.523330 20.469364 30.645776
v 126.481157 20.469364 28.968809
v 126.877354 20.469364 29.323401
v 126.877354 20.469364 30.315527
v 126.986338 20.469364 29.795118
v 125.049946 17.361310 29.843813
v 125.049946 20.469364 29.843813
v 125.049946 17.361310 29.843813
f 8721 8722 8723
f 8722 8721 8724
f 8724 8721 8725
f 8724 8725 8726
f 8724 8726 8727
f 8727 8726 8728
f 8727 8728 8729
f 8729 8728 8730
f 8729 8730 8731
f 8731 8730 8732
f 8733 8734 8735
f 8734 8733 8736
f 8737 8736 8733
f 8736 8737 8738
f 8734 8739 8735
f 8739 8734 8740
f 8741 8742 8743
f 8742 8741 8744
f 8745 8769 8770
f 8771 8745 8746
f 8745 8747 8746
f 8747 8745 8748
f 8748 8749 8747
f 8749 8748 8750
f 8750 8751 8749
f 8751 8750 8752
f 8752 8737 8751
f 8737 8752 8738
f 8740 8753 8739
f 8753 8740 8754
f 8754 8755 8753
f 8755 8754 8756
f 8756 8742 8755
f 8742 8756 8743
f 8757 8758 8759
f 8758 8757 8760
f 8758 8760 8761
f 8761 8760 8762
f 8762 8760 8763
f 8762 8763 8764
f 8762 8764 8765
f 8765 8764 8766
f 8766 8764 8767
f 8766 8767 8768
o Dust_II_Group_079
v 92.296787 21.313130 -104.728916
v 92.296787 21.313130 -103.736792
v 92.187795 21.313130 -104.208508
v 92.692976 21.313130 -103.382197
v 92.650811 21.313130 -105.059165
v 93.155991 21.313130 -105.224985
v 93.155991 21.313130 -103.240730
v 93.619006 21.313130 -105.083511
v 93.661179 21.313130 -103.406543
v 94.015203 21.313130 -104.728916
v 94.015203 21.313130 -103.736792
v 94.124194 21.313130 -104.257200
v 94.124194 21.313130 -104.257200
v 94.015203 24.421185 -103.736792
v 94.015203 21.313130 -103.736792
v 94.124194 24.421185 -104.257200
v 94.015203 21.313130 -104.728916
v 94.015203 24.421185 -104.728916
v 93.661179 21.313130 -103.406543
v 93.661179 24.421185 -103.406543
v 92.187795 24.421185 -104.208508
v 92.296787 21.313130 -103.736792
v 92.296787 24.421185 -103.736792
v 92.187795 21.313130 -104.208508
v 92.296787 24.421185 -104.728916
v 92.296787 21.313130 -104.728916
v 92.650811 21.313130 -105.059165
v 92.650811 24.421185 -105.059165
v 93.155991 21.313130 -105.224985
v 93.155991 24.421185 -105.224985
v 93.619006 21.313130 -105.083511
v 93.619006 24.421185 -105.083511
v 93.155991 21.313130 -103.240730
v 93.155991 24.421185 -103.240730
v 92.692976 21.313130 -103.382197
v 92.692976 24.421185 -103.382197
v 92.296787 24.421185 -103.736792
v 92.296787 24.421185 -104.728916
v 92.187795 24.421185 -104.208508
v 92.692976 24.421185 -103.382197
v 92.650811 24.421185 -105.059165
v 93.155991 24.421185 -105.224985
v 93.155991 24.421185 -103.240730
v 93.661179 24.421185 -103.406543
v 93.619006 24.421185 -105.083511
v 94.015203 24.421185 -104.728916
v 94.015203 24.421185 -103.736792
v 94.124194 24.421185 -104.257200
v 92.187795 21.313130 -104.208508
v 92.187795 24.421185 -104.208508
v 92.187795 21.313130 -104.208508
f 8772 8773 8774
f 8773 8772 8775
f 8775 8772 8776
f 8775 8776 8777
f 8775 8777 8778
f 8778 8777 8779
f 8778 8779 8780
f 8780 8779 8781
f 8780 8781 8782
f 8782 8781 8783
f 8784 8785 8786
f 8785 8784 8787
f 8788 8787 8784
f 8787 8788 8789
f 8785 8790 8786
f 8790 8785 8791
f 8792 8793 8794
f 8793 8792 8795
f 8796 8820 8821
f 8822 8796 8797
f 8796 8798 8797
f 8798 8796 8799
f 8799 8800 8798
f 8800 8799 8801
f 8801 8802 8800
f 8802 8801 8803
f 8803 8788 8802
f 8788 8803 8789
f 8791 8804 8790
f 8804 8791 8805
f 8805 8806 8804
f 8806 8805 8807
f 8807 8793 8806
f 8793 8807 8794
f 8808 8809 8810
f 8809 8808 8811
f 8809 8811 8812
f 8812 8811 8813
f 8813 8811 8814
f 8813 8814 8815
f 8813 8815 8816
f 8816 8815 8817
f 8817 8815 8818
f 8817 8818 8819
o Dust_II_Group_078
v 45.204100 13.409489 -32.458195
v 45.204100 13.409489 -31.466067
v 45.095109 13.409489 -31.937783
v 45.600293 13.409489 -31.111472
v 45.558124 13.409489 -32.788440
v 46.063308 13.409489 -32.954257
v 46.063308 13.409489 -30.970005
v 46.526320 13.409489 -32.812789
v 46.568492 13.409489 -31.135822
v 46.922512 13.409489 -32.458195
v 46.922512 13.409489 -31.466067
v 47.031504 13.409489 -31.986478
v 47.031504 13.409489 -31.986478
v 46.922512 16.517543 -31.466067
v 46.922512 13.409489 -31.466067
v 47.031504 16.517543 -31.986478
v 46.922512 13.409489 -32.458195
v 46.922512 16.517543 -32.458195
v 46.568492 13.409489 -31.135822
v 46.568492 16.517543 -31.135822
v 45.095109 16.517543 -31.937783
v 45.204100 13.409489 -31.466067
v 45.204100 16.517543 -31.466067
v 45.095109 13.409489 -31.937783
v 45.204100 16.517543 -32.458195
v 45.204100 13.409489 -32.458195
v 45.558124 13.409489 -32.788440
v 45.558124 16.517543 -32.788440
v 46.063308 13.409489 -32.954257
v 46.063308 16.517543 -32.954257
v 46.526320 13.409489 -32.812789
v 46.526320 16.517543 -32.812789
v 46.063308 13.409489 -30.970005
v 46.063308 16.517543 -30.970005
v 45.600293 13.409489 -31.111472
v 45.600293 16.517543 -31.111472
v 45.204100 16.517543 -31.466067
v 45.204100 16.517543 -32.458195
v 45.095109 16.517543 -31.937783
v 45.600293 16.517543 -31.111472
v 45.558124 16.517543 -32.788440
v 46.063308 16.517543 -32.954257
v 46.063308 16.517543 -30.970005
v 46.568492 16.517543 -31.135822
v 46.526320 16.517543 -32.812789
v 46.922512 16.517543 -32.458195
v 46.922512 16.517543 -31.466067
v 47.031504 16.517543 -31.986478
v 45.095109 13.409489 -31.937783
v 45.095109 16.517543 -31.937783
v 45.095109 13.409489 -31.937783
f 8823 8824 8825
f 8824 8823 8826
f 8826 8823 8827
f 8826 8827 8828
f 8826 8828 8829
f 8829 8828 8830
f 8829 8830 8831
f 8831 8830 8832
f 8831 8832 8833
f 8833 8832 8834
f 8835 8836 8837
f 8836 8835 8838
f 8839 8838 8835
f 8838 8839 8840
f 8836 8841 8837
f 8841 8836 8842
f 8843 8844 8845
f 8844 8843 8846
f 8847 8871 8872
f 8873 8847 8848
f 8847 8849 8848
f 8849 8847 8850
f 8850 8851 8849
f 8851 8850 8852
f 8852 8853 8851
f 8853 8852 8854
f 8854 8839 8853
f 8839 8854 8840
f 8842 8855 8841
f 8855 8842 8856
f 8856 8857 8855
f 8857 8856 8858
f 8858 8844 8857
f 8844 8858 8845
f 8859 8860 8861
f 8860 8859 8862
f 8860 8862 8863
f 8863 8862 8864
f 8864 8862 8865
f 8864 8865 8866
f 8864 8866 8867
f 8867 8866 8868
f 8868 8866 8869
f 8868 8869 8870
o Dust_II_Group_077
v 44.249718 13.409489 -34.155597
v 44.249718 13.409489 -33.163469
v 44.140726 13.409489 -33.635186
v 44.645911 13.409489 -32.808875
v 44.603741 13.409489 -34.485842
v 45.108926 13.409489 -34.651659
v 45.108926 13.409489 -32.667407
v 45.571937 13.409489 -34.510192
v 45.614110 13.409489 -32.833224
v 45.968130 13.409489 -34.155597
v 45.968130 13.409489 -33.163469
v 46.077122 13.409489 -33.683881
v 46.077122 13.409489 -33.683881
v 45.968130 16.517543 -33.163469
v 45.968130 13.409489 -33.163469
v 46.077122 16.517543 -33.683881
v 45.968130 13.409489 -34.155597
v 45.968130 16.517543 -34.155597
v 45.614110 13.409489 -32.833224
v 45.614110 16.517543 -32.833224
v 44.140726 16.517543 -33.635186
v 44.249718 13.409489 -33.163469
v 44.249718 16.517543 -33.163469
v 44.140726 13.409489 -33.635186
v 44.249718 16.517543 -34.155597
v 44.249718 13.409489 -34.155597
v 44.603741 13.409489 -34.485842
v 44.603741 16.517543 -34.485842
v 45.108926 13.409489 -34.651659
v 45.108926 16.517543 -34.651659
v 45.571937 13.409489 -34.510192
v 45.571937 16.517543 -34.510192
v 45.108926 13.409489 -32.667407
v 45.108926 16.517543 -32.667407
v 44.645911 13.409489 -32.808875
v 44.645911 16.517543 -32.808875
v 44.249718 16.517543 -33.163469
v 44.249718 16.517543 -34.155597
v 44.140726 16.517543 -33.635186
v 44.645911 16.517543 -32.808875
v 44.603741 16.517543 -34.485842
v 45.108926 16.517543 -34.651659
v 45.108926 16.517543 -32.667407
v 45.614110 16.517543 -32.833224
v 45.571937 16.517543 -34.510192
v 45.968130 16.517543 -34.155597
v 45.968130 16.517543 -33.163469
v 46.077122 16.517543 -33.683881
v 44.140726 13.409489 -33.635186
v 44.140726 16.517543 -33.635186
v 44.140726 13.409489 -33.635186
f 8874 8875 8876
f 8875 8874 8877
f 8877 8874 8878
f 8877 8878 8879
f 8877 8879 8880
f 8880 8879 8881
f 8880 8881 8882
f 8882 8881 8883
f 8882 8883 8884
f 8884 8883 8885
f 8886 8887 8888
f 8887 8886 8889
f 8890 8889 8886
f 8889 8890 8891
f 8887 8892 8888
f 8892 8887 8893
f 8894 8895 8896
f 8895 8894 8897
f 8898 8922 8923
f 8924 8898 8899
f 8898 8900 8899
f 8900 8898 8901
f 8901 8902 8900
f 8902 8901 8903
f 8903 8904 8902
f 8904 8903 8905
f 8905 8890 8904
f 8890 8905 8891
f 8893 8906 8892
f 8906 8893 8907
f 8907 8908 8906
f 8908 8907 8909
f 8909 8895 8908
f 8895 8909 8896
f 8910 8911 8912
f 8911 8910 8913
f 8911 8913 8914
f 8914 8913 8915
f 8915 8913 8916
f 8915 8916 8917
f 8915 8917 8918
f 8918 8917 8919
f 8919 8917 8920
f 8919 8920 8921
o Dust_II_Group_076
v 46.200000 13.409489 -34.116940
v 46.200000 13.409489 -33.124812
v 46.091008 13.409489 -33.596528
v 46.596193 13.409489 -32.770217
v 46.554023 13.409489 -34.447185
v 47.059208 13.409489 -34.613002
v 47.059208 13.409489 -32.628750
v 47.522219 13.409489 -34.471534
v 47.564392 13.409489 -32.794567
v 47.918412 13.409489 -34.116940
v 47.918412 13.409489 -33.124812
v 48.027404 13.409489 -33.645223
v 48.027404 13.409489 -33.645223
v 47.918412 16.517543 -33.124812
v 47.918412 13.409489 -33.124812
v 48.027404 16.517543 -33.645223
v 47.918412 13.409489 -34.116940
v 47.918412 16.517543 -34.116940
v 47.564392 13.409489 -32.794567
v 47.564392 16.517543 -32.794567
v 46.091008 16.517543 -33.596528
v 46.200000 13.409489 -33.124812
v 46.200000 16.517543 -33.124812
v 46.091008 13.409489 -33.596528
v 46.200000 16.517543 -34.116940
v 46.200000 13.409489 -34.116940
v 46.554023 13.409489 -34.447185
v 46.554023 16.517543 -34.447185
v 47.059208 13.409489 -34.613002
v 47.059208 16.517543 -34.613002
v 47.522219 13.409489 -34.471534
v 47.522219 16.517543 -34.471534
v 47.059208 13.409489 -32.628750
v 47.059208 16.517543 -32.628750
v 46.596193 13.409489 -32.770217
v 46.596193 16.517543 -32.770217
v 46.200000 16.517543 -33.124812
v 46.200000 16.517543 -34.116940
v 46.091008 16.517543 -33.596528
v 46.596193 16.517543 -32.770217
v 46.554023 16.517543 -34.447185
v 47.059208 16.517543 -34.613002
v 47.059208 16.517543 -32.628750
v 47.564392 16.517543 -32.794567
v 47.522219 16.517543 -34.471534
v 47.918412 16.517543 -34.116940
v 47.918412 16.517543 -33.124812
v 48.027404 16.517543 -33.645223
v 46.091008 13.409489 -33.596528
v 46.091008 16.517543 -33.596528
v 46.091008 13.409489 -33.596528
f 8925 8926 8927
f 8926 8925 8928
f 8928 8925 8929
f 8928 8929 8930
f 8928 8930 8931
f 8931 8930 8932
f 8931 8932 8933
f 8933 8932 8934
f 8933 8934 8935
f 8935 8934 8936
f 8937 8938 8939
f 8938 8937 8940
f 8941 8940 8937
f 8940 8941 8942
f 8938 8943 8939
f 8943 8938 8944
f 8945 8946 8947
f 8946 8945 8948
f 8949 8973 8974
f 8975 8949 8950
f 8949 8951 8950
f 8951 8949 8952
f 8952 8953 8951
f 8953 8952 8954
f 8954 8955 8953
f 8955 8954 8956
f 8956 8941 8955
f 8941 8956 8942
f 8944 8957 8943
f 8957 8944 8958
f 8958 8959 8957
f 8959 8958 8960
f 8960 8946 8959
f 8946 8960 8947
f 8961 8962 8963
f 8962 8961 8964
f 8962 8964 8965
f 8965 8964 8966
f 8966 8964 8967
f 8966 8967 8968
f 8966 8968 8969
f 8969 8968 8970
f 8970 8968 8971
f 8970 8971 8972
o Dust_II_Group_075
v 52.815103 13.409489 -30.008917
v 52.815103 13.409489 -29.016790
v 52.706111 13.409489 -29.488506
v 53.211295 13.409489 -28.662195
v 53.169126 13.409489 -30.339163
v 53.674310 13.409489 -30.504979
v 53.674310 13.409489 -28.520728
v 54.137322 13.409489 -30.363512
v 54.179495 13.409489 -28.686544
v 54.533514 13.409489 -30.008917
v 54.533514 13.409489 -29.016790
v 54.642506 13.409489 -29.537201
v 54.642506 13.409489 -29.537201
v 54.533514 16.517543 -29.016790
v 54.533514 13.409489 -29.016790
v 54.642506 16.517543 -29.537201
v 54.533514 13.409489 -30.008917
v 54.533514 16.517543 -30.008917
v 54.179495 13.409489 -28.686544
v 54.179495 16.517543 -28.686544
v 52.706111 16.517543 -29.488506
v 52.815103 13.409489 -29.016790
v 52.815103 16.517543 -29.016790
v 52.706111 13.409489 -29.488506
v 52.815103 16.517543 -30.008917
v 52.815103 13.409489 -30.008917
v 53.169126 13.409489 -30.339163
v 53.169126 16.517543 -30.339163
v 53.674310 13.409489 -30.504979
v 53.674310 16.517543 -30.504979
v 54.137322 13.409489 -30.363512
v 54.137322 16.517543 -30.363512
v 53.674310 13.409489 -28.520728
v 53.674310 16.517543 -28.520728
v 53.211295 13.409489 -28.662195
v 53.211295 16.517543 -28.662195
v 52.815103 16.517543 -29.016790
v 52.815103 16.517543 -30.008917
v 52.706111 16.517543 -29.488506
v 53.211295 16.517543 -28.662195
v 53.169126 16.517543 -30.339163
v 53.674310 16.517543 -30.504979
v 53.674310 16.517543 -28.520728
v 54.179495 16.517543 -28.686544
v 54.137322 16.517543 -30.363512
v 54.533514 16.517543 -30.008917
v 54.533514 16.517543 -29.016790
v 54.642506 16.517543 -29.537201
v 52.706111 13.409489 -29.488506
v 52.706111 16.517543 -29.488506
v 52.706111 13.409489 -29.488506
f 8976 8977 8978
f 8977 8976 8979
f 8979 8976 8980
f 8979 8980 8981
f 8979 8981 8982
f 8982 8981 8983
f 8982 8983 8984
f 8984 8983 8985
f 8984 8985 8986
f 8986 8985 8987
f 8988 8989 8990
f 8989 8988 8991
f 8992 8991 8988
f 8991 8992 8993
f 8989 8994 8990
f 8994 8989 8995
f 8996 8997 8998
f 8997 8996 8999
f 9000 9024 9025
f 9026 9000 9001
f 9000 9002 9001
f 9002 9000 9003
f 9003 9004 9002
f 9004 9003 9005
f 9005 9006 9004
f 9006 9005 9007
f 9007 8992 9006
f 8992 9007 8993
f 8995 9008 8994
f 9008 8995 9009
f 9009 9010 9008
f 9010 9009 9011
f 9011 8997 9010
f 8997 9011 8998
f 9012 9013 9014
f 9013 9012 9015
f 9013 9015 9016
f 9016 9015 9017
f 9017 9015 9018
f 9017 9018 9019
f 9017 9019 9020
f 9020 9019 9021
f 9021 9019 9022
f 9021 9022 9023
o Dust_II_Group_074
v 60.683621 13.409489 96.395068
v 60.683621 13.409489 97.387192
v 60.574629 13.409489 96.915476
v 61.079813 13.409489 97.741787
v 61.037644 13.409489 96.064819
v 61.542825 13.409489 95.898999
v 61.542825 13.409489 97.883254
v 62.005840 13.409489 96.040474
v 62.048013 13.409489 97.717441
v 62.402036 13.409489 96.395068
v 62.402036 13.409489 97.387192
v 62.511028 13.409489 96.866785
v 62.511028 13.409489 96.866785
v 62.402036 16.517543 97.387192
v 62.402036 13.409489 97.387192
v 62.511028 16.517543 96.866785
v 62.402036 13.409489 96.395068
v 62.402036 16.517543 96.395068
v 62.048013 13.409489 97.717441
v 62.048013 16.517543 97.717441
v 60.574629 16.517543 96.915476
v 60.683621 13.409489 97.387192
v 60.683621 16.517543 97.387192
v 60.574629 13.409489 96.915476
v 60.683621 16.517543 96.395068
v 60.683621 13.409489 96.395068
v 61.037644 13.409489 96.064819
v 61.037644 16.517543 96.064819
v 61.542825 13.409489 95.898999
v 61.542825 16.517543 95.898999
v 62.005840 13.409489 96.040474
v 62.005840 16.517543 96.040474
v 61.542825 13.409489 97.883254
v 61.542825 16.517543 97.883254
v 61.079813 13.409489 97.741787
v 61.079813 16.517543 97.741787
v 60.683621 16.517543 97.387192
v 60.683621 16.517543 96.395068
v 60.574629 16.517543 96.915476
v 61.079813 16.517543 97.741787
v 61.037644 16.517543 96.064819
v 61.542825 16.517543 95.898999
v 61.542825 16.517543 97.883254
v 62.048013 16.517543 97.717441
v 62.005840 16.517543 96.040474
v 62.402036 16.517543 96.395068
v 62.402036 16.517543 97.387192
v 62.511028 16.517543 96.866785
v 60.574629 13.409489 96.915476
v 60.574629 16.517543 96.915476
v 60.574629 13.409489 96.915476
f 9027 9028 9029
f 9028 9027 9030
f 9030 9027 9031
f 9030 9031 9032
f 9030 9032 9033
f 9033 9032 9034
f 9033 9034 9035
f 9035 9034 9036
f 9035 9036 9037
f 9037 9036 9038
f 9039 9040 9041
f 9040 9039 9042
f 9043 9042 9039
f 9042 9043 9044
f 9040 9045 9041
f 9045 9040 9046
f 9047 9048 9049
f 9048 9047 9050
f 9051 9075 9076
f 9077 9051 9052
f 9051 9053 9052
f 9053 9051 9054
f 9054 9055 9053
f 9055 9054 9056
f 9056 9057 9055
f 9057 9056 9058
f 9058 9043 9057
f 9043 9058 9044
f 9046 9059 9045
f 9059 9046 9060
f 9060 9061 9059
f 9061 9060 9062
f 9062 9048 9061
f 9048 9062 9049
f 9063 9064 9065
f 9064 9063 9066
f 9064 9066 9067
f 9067 9066 9068
f 9068 9066 9069
f 9068 9069 9070
f 9068 9070 9071
f 9071 9070 9072
f 9072 9070 9073
f 9072 9073 9074
o Dust_II_Group_073
v 60.220609 13.409489 98.237856
v 60.220609 13.409489 99.229980
v 60.111617 13.409489 98.758264
v 60.616802 13.409489 99.584575
v 60.574633 13.409489 97.907607
v 61.079817 13.409489 97.741787
v 61.079817 13.409489 99.726042
v 61.542832 13.409489 97.883262
v 61.584998 13.409489 99.560229
v 61.939021 13.409489 98.237856
v 61.939021 13.409489 99.229980
v 62.048013 13.409489 98.709573
v 62.048013 13.409489 98.709573
v 61.939021 16.517543 99.229980
v 61.939021 13.409489 99.229980
v 62.048013 16.517543 98.709573
v 61.939021 13.409489 98.237856
v 61.939021 16.517543 98.237856
v 61.584998 13.409489 99.560229
v 61.584998 16.517543 99.560229
v 60.111617 16.517543 98.758264
v 60.220609 13.409489 99.229980
v 60.220609 16.517543 99.229980
v 60.111617 13.409489 98.758264
v 60.220609 16.517543 98.237856
v 60.220609 13.409489 98.237856
v 60.574633 13.409489 97.907607
v 60.574633 16.517543 97.907607
v 61.079817 13.409489 97.741787
v 61.079817 16.517543 97.741787
v 61.542832 13.409489 97.883262
v 61.542832 16.517543 97.883262
v 61.079817 13.409489 99.726042
v 61.079817 16.517543 99.726042
v 60.616802 13.409489 99.584575
v 60.616802 16.517543 99.584575
v 60.220609 16.517543 99.229980
v 60.220609 16.517543 98.237856
v 60.111617 16.517543 98.758264
v 60.616802 16.517543 99.584575
v 60.574633 16.517543 97.907607
v 61.079817 16.517543 97.741787
v 61.079817 16.517543 99.726042
v 61.584998 16.517543 99.560229
v 61.542832 16.517543 97.883262
v 61.939021 16.517543 98.237856
v 61.939021 16.517543 99.229980
v 62.048013 16.517543 98.709573
v 60.111617 13.409489 98.758264
v 60.111617 16.517543 98.758264
v 60.111617 13.409489 98.758264
f 9078 9079 9080
f 9079 9078 9081
f 9081 9078 9082
f 9081 9082 9083
f 9081 9083 9084
f 9084 9083 9085
f 9084 9085 9086
f 9086 9085 9087
f 9086 9087 9088
f 9088 9087 9089
f 9090 9091 9092
f 9091 9090 9093
f 9094 9093 9090
f 9093 9094 9095
f 9091 9096 9092
f 9096 9091 9097
f 9098 9099 9100
f 9099 9098 9101
f 9102 9126 9127
f 9128 9102 9103
f 9102 9104 9103
f 9104 9102 9105
f 9105 9106 9104
f 9106 9105 9107
f 9107 9108 9106
f 9108 9107 9109
f 9109 9094 9108
f 9094 9109 9095
f 9097 9110 9096
f 9110 9097 9111
f 9111 9112 9110
f 9112 9111 9113
f 9113 9099 9112
f 9099 9113 9100
f 9114 9115 9116
f 9115 9114 9117
f 9115 9117 9118
f 9118 9117 9119
f 9119 9117 9120
f 9119 9120 9121
f 9119 9121 9122
f 9122 9121 9123
f 9123 9121 9124
f 9123 9124 9125
o Dust_II_Group_072
v 62.076064 13.409489 97.672690
v 62.076064 13.409489 98.664814
v 61.967073 13.409489 98.193098
v 62.472253 13.409489 99.019409
v 62.430088 13.409489 97.342441
v 62.935269 13.409489 97.176621
v 62.935269 13.409489 99.160876
v 63.398284 13.409489 97.318096
v 63.440457 13.409489 98.995063
v 63.794480 13.409489 97.672690
v 63.794480 13.409489 98.664814
v 63.903472 13.409489 98.144407
v 63.903472 13.409489 98.144407
v 63.794480 16.517543 98.664814
v 63.794480 13.409489 98.664814
v 63.903472 16.517543 98.144407
v 63.794480 13.409489 97.672690
v 63.794480 16.517543 97.672690
v 63.440457 13.409489 98.995063
v 63.440457 16.517543 98.995063
v 61.967073 16.517543 98.193098
v 62.076064 13.409489 98.664814
v 62.076064 16.517543 98.664814
v 61.967073 13.409489 98.193098
v 62.076064 16.517543 97.672690
v 62.076064 13.409489 97.672690
v 62.430088 13.409489 97.342441
v 62.430088 16.517543 97.342441
v 62.935269 13.409489 97.176621
v 62.935269 16.517543 97.176621
v 63.398284 13.409489 97.318096
v 63.398284 16.517543 97.318096
v 62.935269 13.409489 99.160876
v 62.935269 16.517543 99.160876
v 62.472253 13.409489 99.019409
v 62.472253 16.517543 99.019409
v 62.076064 16.517543 98.664814
v 62.076064 16.517543 97.672690
v 61.967073 16.517543 98.193098
v 62.472253 16.517543 99.019409
v 62.430088 16.517543 97.342441
v 62.935269 16.517543 97.176621
v 62.935269 16.517543 99.160876
v 63.440457 16.517543 98.995063
v 63.398284 16.517543 97.318096
v 63.794480 16.517543 97.672690
v 63.794480 16.517543 98.664814
v 63.903472 16.517543 98.144407
v 61.967073 13.409489 98.193098
v 61.967073 16.517543 98.193098
v 61.967073 13.409489 98.193098
f 9129 9130 9131
f 9130 9129 9132
f 9132 9129 9133
f 9132 9133 9134
f 9132 9134 9135
f 9135 9134 9136
f 9135 9136 9137
f 9137 9136 9138
f 9137 9138 9139
f 9139 9138 9140
f 9141 9142 9143
f 9142 9141 9144
f 9145 9144 9141
f 9144 9145 9146
f 9142 9147 9143
f 9147 9142 9148
f 9149 9150 9151
f 9150 9149 9152
f 9153 9177 9178
f 9179 9153 9154
f 9153 9155 9154
f 9155 9153 9156
f 9156 9157 9155
f 9157 9156 9158
f 9158 9159 9157
f 9159 9158 9160
f 9160 9145 9159
f 9145 9160 9146
f 9148 9161 9147
f 9161 9148 9162
f 9162 9163 9161
f 9163 9162 9164
f 9164 9150 9163
f 9150 9164 9151
f 9165 9166 9167
f 9166 9165 9168
f 9166 9168 9169
f 9169 9168 9170
f 9170 9168 9171
f 9170 9171 9172
f 9170 9172 9173
f 9173 9172 9174
f 9174 9172 9175
f 9174 9175 9176
o Dust_II_Group_071
v 60.885828 16.517543 97.193525
v 60.885828 16.517543 98.185649
v 60.776836 16.517543 97.713933
v 61.282020 16.517543 98.540244
v 61.239851 16.517543 96.863276
v 61.745032 16.517543 96.697456
v 61.745032 16.517543 98.681711
v 62.208047 16.517543 96.838931
v 62.250220 16.517543 98.515898
v 62.604243 16.517543 97.193525
v 62.604243 16.517543 98.185649
v 62.713235 16.517543 97.665242
v 62.713235 16.517543 97.665242
v 62.604243 19.625598 98.185649
v 62.604243 16.517543 98.185649
v 62.713235 19.625598 97.665242
v 62.604243 16.517543 97.193525
v 62.604243 19.625598 97.193525
v 62.250220 16.517543 98.515898
v 62.250220 19.625598 98.515898
v 60.776836 19.625598 97.713933
v 60.885828 16.517543 98.185649
v 60.885828 19.625598 98.185649
v 60.776836 16.517543 97.713933
v 60.885828 19.625598 97.193525
v 60.885828 16.517543 97.193525
v 61.239851 16.517543 96.863276
v 61.239851 19.625598 96.863276
v 61.745032 16.517543 96.697456
v 61.745032 19.625598 96.697456
v 62.208047 16.517543 96.838931
v 62.208047 19.625598 96.838931
v 61.745032 16.517543 98.681711
v 61.745032 19.625598 98.681711
v 61.282020 16.517543 98.540244
v 61.282020 19.625598 98.540244
v 60.885828 19.625598 98.185649
v 60.885828 19.625598 97.193525
v 60.776836 19.625598 97.713933
v 61.282020 19.625598 98.540244
v 61.239851 19.625598 96.863276
v 61.745032 19.625598 96.697456
v 61.745032 19.625598 98.681711
v 62.250220 19.625598 98.515898
v 62.208047 19.625598 96.838931
v 62.604243 19.625598 97.193525
v 62.604243 19.625598 98.185649
v 62.713235 19.625598 97.665242
v 60.776836 16.517543 97.713933
v 60.776836 19.625598 97.713933
v 60.776836 16.517543 97.713933
f 9180 9181 9182
f 9181 9180 9183
f 9183 9180 9184
f 9183 9184 9185
f 9183 9185 9186
f 9186 9185 9187
f 9186 9187 9188
f 9188 9187 9189
f 9188 9189 9190
f 9190 9189 9191
f 9192 9193 9194
f 9193 9192 9195
f 9196 9195 9192
f 9195 9196 9197
f 9193 9198 9194
f 9198 9193 9199
f 9200 9201 9202
f 9201 9200 9203
f 9204 9228 9229
f 9230 9204 9205
f 9204 9206 9205
f 9206 9204 9207
f 9207 9208 9206
f 9208 9207 9209
f 9209 9210 9208
f 9210 9209 9211
f 9211 9196 9210
f 9196 9211 9197
f 9199 9212 9198
f 9212 9199 9213
f 9213 9214 9212
f 9214 9213 9215
f 9215 9201 9214
f 9201 9215 9202
f 9216 9217 9218
f 9217 9216 9219
f 9217 9219 9220
f 9220 9219 9221
f 9221 9219 9222
f 9221 9222 9223
f 9221 9223 9224
f 9224 9223 9225
f 9225 9223 9226
f 9225 9226 9227
o Dust_II_Group_070
v 41.803576 11.629620 74.543884
v 41.307516 12.331159 75.039945
v 41.620441 11.997603 74.881156
v 40.850067 12.581893 74.937092
v 41.718367 11.396098 74.128431
v 41.444059 11.278848 73.688301
v 40.451932 12.681927 74.680427
v 41.045923 11.378882 73.431635
v 40.177618 12.564677 74.240303
v 40.588475 11.629620 73.328783
v 40.092414 12.331159 73.824843
v 40.275550 11.963172 73.487572
v 40.275550 11.963172 73.487572
v 38.538387 10.133432 75.378872
v 40.092414 12.331159 73.824843
v 38.721522 9.765445 75.041600
v 40.588475 11.629620 73.328783
v 39.034448 9.431893 74.882811
v 40.177618 12.564677 74.240303
v 38.623596 10.366950 75.794325
v 40.066414 9.799876 76.435184
v 41.307516 12.331159 75.039945
v 39.753488 10.133432 76.593973
v 41.620441 11.997603 74.881156
v 40.249549 9.431893 76.097912
v 41.803576 11.629620 74.543884
v 41.718367 11.396098 74.128431
v 40.164345 9.198371 75.682454
v 41.444059 11.278848 73.688301
v 39.890031 9.081121 75.242329
v 41.045923 11.378882 73.431635
v 39.491897 9.181155 74.985664
v 40.451932 12.681927 74.680427
v 38.897905 10.484200 76.234455
v 40.850067 12.581893 74.937092
v 39.296040 10.384166 76.491120
v 39.753488 10.133432 76.593973
v 40.249549 9.431893 76.097912
v 40.066414 9.799876 76.435184
v 39.296040 10.384166 76.491120
v 40.164345 9.198371 75.682454
v 39.890031 9.081121 75.242329
v 38.897905 10.484200 76.234455
v 38.623596 10.366950 75.794325
v 39.491897 9.181155 74.985664
v 39.034448 9.431893 74.882811
v 38.538387 10.133432 75.378872
v 38.721522 9.765445 75.041600
v 41.620441 11.997603 74.881156
v 40.066414 9.799876 76.435184
v 41.620441 11.997603 74.881156
f 9231 9232 9233
f 9232 9231 9234
f 9234 9231 9235
f 9234 9235 9236
f 9234 9236 9237
f 9237 9236 9238
f 9237 9238 9239
f 9239 9238 9240
f 9239 9240 9241
f 9241 9240 9242
f 9243 9244 9245
f 9244 9243 9246
f 9247 9246 9243
f 9246 9247 9248
f 9244 9249 9245
f 9249 9244 9250
f 9251 9252 9253
f 9252 9251 9254
f 9255 9279 9280
f 9281 9255 9256
f 9255 9257 9256
f 9257 9255 9258
f 9258 9259 9257
f 9259 9258 9260
f 9260 9261 9259
f 9261 9260 9262
f 9262 9247 9261
f 9247 9262 9248
f 9250 9263 9249
f 9263 9250 9264
f 9264 9265 9263
f 9265 9264 9266
f 9266 9252 9265
f 9252 9266 9253
f 9267 9268 9269
f 9268 9267 9270
f 9268 9270 9271
f 9271 9270 9272
f 9272 9270 9273
f 9272 9273 9274
f 9272 9274 9275
f 9275 9274 9276
f 9276 9274 9277
f 9276 9277 9278
o Dust_II_Group_069
v -36.788284 21.313130 116.077793
v -36.788284 21.313130 117.069917
v -36.897275 21.313130 116.598201
v -36.392091 21.313130 117.424512
v -36.434260 21.313130 115.747544
v -35.929076 21.313130 115.581724
v -35.929076 21.313130 117.565979
v -35.466064 21.313130 115.723198
v -35.423892 21.313130 117.400166
v -35.069872 21.313130 116.077793
v -35.069872 21.313130 117.069917
v -34.960880 21.313130 116.549509
v -34.960880 21.313130 116.549509
v -35.069872 24.421185 117.069917
v -35.069872 21.313130 117.069917
v -34.960880 24.421185 116.549509
v -35.069872 21.313130 116.077793
v -35.069872 24.421185 116.077793
v -35.423892 21.313130 117.400166
v -35.423892 24.421185 117.400166
v -36.897275 24.421185 116.598201
v -36.788284 21.313130 117.069917
v -36.788284 24.421185 117.069917
v -36.897275 21.313130 116.598201
v -36.788284 24.421185 116.077793
v -36.788284 21.313130 116.077793
v -36.434260 21.313130 115.747544
v -36.434260 24.421185 115.747544
v -35.929076 21.313130 115.581724
v -35.929076 24.421185 115.581724
v -35.466064 21.313130 115.723198
v -35.466064 24.421185 115.723198
v -35.929076 21.313130 117.565979
v -35.929076 24.421185 117.565979
v -36.392091 21.313130 117.424512
v -36.392091 24.421185 117.424512
v -36.788284 24.421185 117.069917
v -36.788284 24.421185 116.077793
v -36.897275 24.421185 116.598201
v -36.392091 24.421185 117.424512
v -36.434260 24.421185 115.747544
v -35.929076 24.421185 115.581724
v -35.929076 24.421185 117.565979
v -35.423892 24.421185 117.400166
v -35.466064 24.421185 115.723198
v -35.069872 24.421185 116.077793
v -35.069872 24.421185 117.069917
v -34.960880 24.421185 116.549509
v -36.897275 21.313130 116.598201
v -36.897275 24.421185 116.598201
v -36.897275 21.313130 116.598201
f 9282 9283 9284
f 9283 9282 9285
f 9285 9282 9286
f 9285 9286 9287
f 9285 9287 9288
f 9288 9287 9289
f 9288 9289 9290
f 9290 9289 9291
f 9290 9291 9292
f 9292 9291 9293
f 9294 9295 9296
f 9295 9294 9297
f 9298 9297 9294
f 9297 9298 9299
f 9295 9300 9296
f 9300 9295 9301
f 9302 9303 9304
f 9303 9302 9305
f 9306 9330 9331
f 9332 9306 9307
f 9306 9308 9307
f 9308 9306 9309
f 9309 9310 9308
f 9310 9309 9311
f 9311 9312 9310
f 9312 9311 9313
f 9313 9298 9312
f 9298 9313 9299
f 9301 9314 9300
f 9314 9301 9315
f 9315 9316 9314
f 9316 9315 9317
f 9317 9303 9316
f 9303 9317 9304
f 9318 9319 9320
f 9319 9318 9321
f 9319 9321 9322
f 9322 9321 9323
f 9323 9321 9324
f 9323 9324 9325
f 9323 9325 9326
f 9326 9325 9327
f 9327 9325 9328
f 9327 9328 9329
o Dust_II_Group_068
v 53.082202 13.277882 -69.240579
v 52.043958 13.277882 -68.202334
v 52.043958 13.277882 -69.240579
v 53.082202 13.277882 -68.202334
v 53.082202 14.316127 -68.202334
v 52.043958 14.316127 -69.240579
v 52.043958 14.316127 -68.202334
v 53.082202 14.316127 -69.240579
v 52.043958 14.316127 -69.240579
v 53.082202 13.277882 -69.240579
v 52.043958 13.277882 -69.240579
v 53.082202 14.316127 -69.240579
v 52.043958 13.277882 -68.202334
v 52.043958 14.316127 -68.202334
v 53.082202 14.316127 -68.202334
v 53.082202 13.277882 -68.202334
v 52.043958 14.316127 -69.240579
v 52.043958 14.316127 -69.240579
v 52.043958 13.277882 -69.240579
v 53.082202 13.277882 -69.240579
v 53.082202 13.277882 -69.240579
v 53.082202 14.316127 -69.240579
v 53.082202 14.316127 -68.202334
v 52.043958 13.277882 -68.202334
v 53.082202 13.277882 -68.202334
v 52.043958 13.277882 -68.202334
v 53.082202 14.316127 -68.202334
v 52.043958 14.316127 -68.202334
f 9333 9334 9335
f 9334 9333 9336
f 9337 9338 9339
f 9338 9337 9340
f 9341 9342 9343
f 9342 9341 9344
f 9349 9345 9346
f 9345 9350 9351
f 9352 9347 9348
f 9347 9353 9354
f 9355 9356 9357
f 9358 9359 9360
o Dust_II_Group_067
v 58.970259 8.861840 -69.240579
v 57.932014 8.861840 -68.202334
v 57.932014 8.861840 -69.240579
v 58.970259 8.861840 -68.202334
v 58.970259 9.900085 -68.202334
v 57.932014 9.900085 -69.240579
v 57.932014 9.900085 -68.202334
v 58.970259 9.900085 -69.240579
v 57.932014 9.900085 -69.240579
v 58.970259 8.861840 -69.240579
v 57.932014 8.861840 -69.240579
v 58.970259 9.900085 -69.240579
v 57.932014 8.861840 -68.202334
v 57.932014 9.900085 -68.202334
v 58.970259 9.900085 -68.202334
v 58.970259 8.861840 -68.202334
v 57.932014 9.900085 -69.240579
v 57.932014 9.900085 -69.240579
v 57.932014 8.861840 -69.240579
v 58.970259 8.861840 -69.240579
v 58.970259 8.861840 -69.240579
v 58.970259 9.900085 -69.240579
v 58.970259 9.900085 -68.202334
v 57.932014 8.861840 -68.202334
v 58.970259 8.861840 -68.202334
v 57.932014 8.861840 -68.202334
v 58.970259 9.900085 -68.202334
v 57.932014 9.900085 -68.202334
f 9361 9362 9363
f 9362 9361 9364
f 9365 9366 9367
f 9366 9365 9368
f 9369 9370 9371
f 9370 9369 9372
f 9377 9373 9374
f 9373 9378 9379
f 9380 9375 9376
f 9375 9381 9382
f 9383 9384 9385
f 9386 9387 9388
o Dust_II_Group_066
v 46.759596 18.973771 -59.993621
v 47.490436 18.180053 -60.218635
v 46.759596 18.180053 -59.993621
v 47.490436 18.973771 -60.218635
v 48.232566 18.973771 -57.442368
v 47.490436 18.180053 -57.217354
v 48.232566 18.180053 -57.442368
v 47.490436 18.973771 -57.217354
v 46.023113 18.973771 -58.717998
v 46.190841 18.180053 -57.967676
v 46.190841 18.973771 -57.967676
v 46.023113 18.180053 -58.717998
v 46.759596 18.180053 -57.442368
v 46.759596 18.973771 -57.442368
v 48.790031 18.180053 -59.468320
v 48.969053 18.973771 -58.717998
v 48.969053 18.180053 -58.717998
v 48.790031 18.973771 -59.468320
v 46.190841 18.973771 -59.468320
v 46.529652 18.973771 -58.717998
v 46.639607 18.973771 -58.226118
v 47.012454 18.973771 -57.881755
v 47.491542 18.973771 -57.734249
v 47.978035 18.973771 -57.881755
v 48.343480 18.973771 -58.226118
v 48.790031 18.973771 -57.967676
v 48.460836 18.973771 -58.717998
v 46.639607 18.973771 -59.209871
v 47.012454 18.973771 -59.554241
v 47.491542 18.973771 -59.701743
v 48.232566 18.973771 -59.993621
v 47.978035 18.973771 -59.554241
v 48.343480 18.973771 -59.209871
v 48.232566 18.180053 -59.993621
v 48.790031 18.180053 -57.967676
v 46.190841 18.180053 -59.468320
v 46.529652 18.180053 -58.717998
v 46.639607 18.180053 -59.209871
v 47.012454 18.180053 -59.554241
v 47.491542 18.180053 -59.701743
v 47.978035 18.180053 -59.554241
v 48.343480 18.180053 -59.209871
v 48.460836 18.180053 -58.717998
v 46.639607 18.180053 -58.226118
v 47.012454 18.180053 -57.881755
v 47.491542 18.180053 -57.734249
v 47.978035 18.180053 -57.881755
v 48.343480 18.180053 -58.226118
v 47.012454 18.973771 -57.881755
v 47.491542 18.180053 -57.734249
v 47.012454 18.180053 -57.881755
v 47.491542 18.973771 -57.734249
v 46.639607 18.180053 -58.226118
v 46.529652 18.973771 -58.717998
v 46.639607 18.973771 -58.226118
v 46.529652 18.180053 -58.717998
v 47.491542 18.973771 -59.701743
v 47.012454 18.180053 -59.554241
v 47.491542 18.180053 -59.701743
v 47.012454 18.973771 -59.554241
v 48.343480 18.973771 -59.209871
v 47.978035 18.180053 -59.554241
v 48.343480 18.180053 -59.209871
v 47.978035 18.973771 -59.554241
v 48.460836 18.973771 -58.717998
v 48.343480 18.180053 -58.226118
v 48.343480 18.973771 -58.226118
v 48.460836 18.180053 -58.717998
v 46.639607 18.180053 -59.209871
v 46.639607 18.973771 -59.209871
v 47.978035 18.973771 -57.881755
v 47.978035 18.180053 -57.881755
v 46.190841 18.973771 -57.967676
v 46.023113 18.973771 -58.717998
v 46.190841 18.973771 -57.967676
v 46.759596 18.973771 -57.442368
v 46.759596 18.973771 -57.442368
v 46.759596 18.973771 -57.442368
v 46.759596 18.973771 -57.442368
v 46.759596 18.973771 -57.442368
v 47.490436 18.973771 -57.217354
v 47.490436 18.973771 -57.217354
v 47.490436 18.973771 -57.217354
v 48.232566 18.973771 -57.442368
v 48.232566 18.973771 -57.442368
v 48.232566 18.973771 -57.442368
v 48.232566 18.973771 -57.442368
v 46.759596 18.973771 -59.993621
v 46.759596 18.973771 -59.993621
v 46.759596 18.973771 -59.993621
v 46.759596 18.973771 -59.993621
v 47.490436 18.973771 -60.218635
v 47.490436 18.973771 -60.218635
v 47.490436 18.973771 -60.218635
v 48.790031 18.973771 -59.468320
v 48.790031 18.973771 -59.468320
v 48.790031 18.973771 -59.468320
v 48.790031 18.973771 -59.468320
v 48.969053 18.973771 -58.717998
v 48.232566 18.973771 -59.993621
v 48.232566 18.973771 -59.993621
v 48.232566 18.973771 -59.993621
v 48.969053 18.180053 -58.717998
v 48.790031 18.973771 -57.967676
v 48.790031 18.973771 -57.967676
v 48.969053 18.180053 -58.717998
v 48.969053 18.973771 -58.717998
v 46.190841 18.973771 -59.468320
v 46.190841 18.973771 -59.468320
v 48.790031 18.973771 -57.967676
v 48.790031 18.973771 -57.967676
v 46.190841 18.180053 -59.468320
v 46.190841 18.180053 -57.967676
v 46.023113 18.180053 -58.717998
v 46.190841 18.180053 -57.967676
v 46.190841 18.180053 -59.468320
v 46.759596 18.180053 -59.993621
v 46.190841 18.180053 -57.967676
v 46.759596 18.180053 -59.993621
v 46.759596 18.180053 -59.993621
v 46.759596 18.180053 -59.993621
v 46.759596 18.180053 -59.993621
v 47.490436 18.180053 -60.218635
v 47.490436 18.180053 -60.218635
v 47.490436 18.180053 -60.218635
v 48.232566 18.180053 -59.993621
v 48.232566 18.180053 -59.993621
v 48.232566 18.180053 -59.993621
v 48.232566 18.180053 -59.993621
v 48.790031 18.180053 -59.468320
v 48.790031 18.180053 -59.468320
v 46.759596 18.180053 -57.442368
v 46.190841 18.180053 -57.967676
v 46.759596 18.180053 -57.442368
v 46.759596 18.180053 -57.442368
v 46.759596 18.180053 -57.442368
v 47.490436 18.180053 -57.217354
v 47.490436 18.180053 -57.217354
v 47.490436 18.180053 -57.217354
v 48.232566 18.180053 -57.442368
v 48.232566 18.180053 -57.442368
v 48.232566 18.180053 -57.442368
v 48.232566 18.180053 -57.442368
v 48.790031 18.180053 -57.967676
v 48.790031 18.180053 -57.967676
v 48.790031 18.180053 -57.967676
v 48.790031 18.180053 -59.468320
v 48.790031 18.180053 -57.967676
v 48.790031 18.180053 -59.468320
v 48.969053 18.180053 -58.717998
v 46.190841 18.973771 -59.468320
v 46.190841 18.973771 -59.468320
v 47.978035 18.973771 -59.554241
v 47.491542 18.180053 -59.701743
v 47.978035 18.180053 -59.554241
v 47.491542 18.180053 -59.701743
v 47.978035 18.973771 -59.554241
v 47.491542 18.973771 -59.701743
v 47.012454 18.973771 -59.554241
v 47.012454 18.180053 -59.554241
v 47.012454 18.973771 -59.554241
v 46.639607 18.973771 -58.226118
v 47.012454 18.180053 -57.881755
v 46.639607 18.180053 -58.226118
v 47.012454 18.180053 -57.881755
v 46.639607 18.973771 -58.226118
v 47.012454 18.973771 -57.881755
v 48.343480 18.973771 -59.209871
v 48.460836 18.180053 -58.717998
v 48.460836 18.973771 -58.717998
v 48.460836 18.180053 -58.717998
v 48.343480 18.973771 -59.209871
v 48.343480 18.180053 -59.209871
v 46.639607 18.180053 -59.209871
v 46.529652 18.973771 -58.717998
v 46.529652 18.180053 -58.717998
v 46.529652 18.973771 -58.717998
v 46.639607 18.180053 -59.209871
v 46.639607 18.973771 -59.209871
v 48.343480 18.180053 -58.226118
v 48.343480 18.180053 -58.226118
v 48.343480 18.973771 -58.226118
v 47.491542 18.973771 -57.734249
v 47.978035 18.180053 -57.881755
v 47.491542 18.180053 -57.734249
v 47.978035 18.180053 -57.881755
v 47.491542 18.973771 -57.734249
v 47.978035 18.973771 -57.881755
f 9389 9390 9391
f 9390 9389 9392
f 9393 9394 9395
f 9394 9393 9396
f 9397 9398 9399
f 9398 9397 9400
f 9396 9401 9394
f 9401 9396 9402
f 9403 9404 9405
f 9404 9403 9406
f 9402 9398 9401
f 9398 9402 9399
f 9461 9407 9462
f 9407 9463 9464
f 9407 9465 9408
f 9408 9466 9409
f 9409 9467 9410
f 9410 9468 9469
f 9410 9470 9411
f 9411 9471 9472
f 9411 9473 9412
f 9412 9474 9413
f 9413 9475 9414
f 9413 9414 9415
f 9408 9476 9407
f 9477 9408 9416
f 9478 9416 9417
f 9479 9417 9480
f 9481 9417 9418
f 9482 9418 9419
f 9419 9418 9420
f 9419 9420 9421
f 9419 9421 9483
f 9484 9421 9415
f 9485 9415 9414
f 9486 9414 9487
f 9488 9403 9422
f 9403 9489 9406
f 9392 9422 9390
f 9422 9392 9490
f 9491 9492 9423
f 9493 9494 9495
f 9496 9400 9397
f 9400 9497 9424
f 9498 9395 9423
f 9395 9499 9393
f 9500 9501 9502
f 9503 9504 9505
f 9506 9507 9425
f 9425 9508 9426
f 9426 9509 9427
f 9427 9510 9511
f 9427 9512 9428
f 9428 9513 9514
f 9428 9515 9429
f 9429 9516 9430
f 9430 9517 9518
f 9430 9519 9431
f 9425 9520 9521
f 9522 9425 9432
f 9523 9432 9433
f 9524 9433 9525
f 9526 9433 9434
f 9527 9434 9528
f 9529 9434 9435
f 9530 9435 9436
f 9531 9436 9532
f 9533 9436 9431
f 9534 9431 9535
f 9536 9537 9538
f 9539 9391 9424
f 9391 9540 9389
f 9437 9438 9439
f 9438 9437 9440
f 9441 9442 9443
f 9442 9441 9444
f 9445 9446 9447
f 9446 9445 9448
f 9449 9450 9451
f 9450 9449 9452
f 9541 9542 9543
f 9544 9545 9546
f 9453 9454 9455
f 9454 9453 9456
f 9547 9457 9548
f 9457 9549 9458
f 9550 9551 9552
f 9553 9554 9555
f 9556 9557 9558
f 9559 9560 9561
f 9562 9563 9564
f 9565 9566 9567
f 9459 9568 9460
f 9569 9459 9570
f 9571 9572 9573
f 9574 9575 9576
o Dust_II_Group_065
v 124.008900 17.746930 -39.395848
v 122.172349 17.746930 -37.559297
v 122.172349 17.746930 -39.395848
v 124.008900 17.746930 -37.559297
v 124.008900 19.583481 -37.559297
v 122.172349 19.583481 -39.395848
v 122.172349 19.583481 -37.559297
v 124.008900 19.583481 -39.395848
v 122.172349 19.583481 -39.395848
v 124.008900 17.746930 -39.395848
v 122.172349 17.746930 -39.395848
v 124.008900 19.583481 -39.395848
v 122.172349 17.746930 -37.559297
v 122.172349 19.583481 -37.559297
v 124.008900 19.583481 -37.559297
v 124.008900 17.746930 -37.559297
v 122.172349 19.583481 -39.395848
v 122.172349 19.583481 -39.395848
v 122.172349 17.746930 -39.395848
v 124.008900 17.746930 -39.395848
v 124.008900 17.746930 -39.395848
v 124.008900 19.583481 -39.395848
v 124.008900 19.583481 -37.559297
v 122.172349 17.746930 -37.559297
v 124.008900 17.746930 -37.559297
v 122.172349 17.746930 -37.559297
v 124.008900 19.583481 -37.559297
v 122.172349 19.583481 -37.559297
f 9577 9578 9579
f 9578 9577 9580
f 9581 9582 9583
f 9582 9581 9584
f 9585 9586 9587
f 9586 9585 9588
f 9593 9589 9590
f 9589 9594 9595
f 9596 9591 9592
f 9591 9597 9598
f 9599 9600 9601
f 9602 9603 9604
o Dust_II_Group_064
v 66.339431 14.981863 3.970289
v 65.168569 14.981863 5.141150
v 65.168569 14.981863 3.970289
v 66.339431 14.981863 5.141150
v 66.339431 16.152725 5.141150
v 65.168569 16.152725 3.970289
v 65.168569 16.152725 5.141150
v 66.339431 16.152725 3.970289
v 65.168569 16.152725 3.970289
v 66.339431 14.981863 3.970289
v 65.168569 14.981863 3.970289
v 66.339431 16.152725 3.970289
v 65.168569 14.981863 5.141150
v 65.168569 16.152725 5.141150
v 66.339431 16.152725 5.141150
v 66.339431 14.981863 5.141150
v 65.168569 16.152725 3.970289
v 65.168569 16.152725 3.970289
v 65.168569 14.981863 3.970289
v 66.339431 14.981863 3.970289
v 66.339431 14.981863 3.970289
v 66.339431 16.152725 3.970289
v 66.339431 16.152725 5.141150
v 65.168569 14.981863 5.141150
v 66.339431 14.981863 5.141150
v 65.168569 14.981863 5.141150
v 66.339431 16.152725 5.141150
v 65.168569 16.152725 5.141150
f 9605 9606 9607
f 9606 9605 9608
f 9609 9610 9611
f 9610 9609 9612
f 9613 9614 9615
f 9614 9613 9616
f 9621 9617 9618
f 9617 9622 9623
f 9624 9619 9620
f 9619 9625 9626
f 9627 9628 9629
f 9630 9631 9632
o Dust_II_Group_063
v 53.082202 7.389826 -69.240579
v 52.043958 7.389826 -68.202334
v 52.043958 7.389826 -69.240579
v 53.082202 7.389826 -68.202334
v 53.082202 8.428071 -68.202334
v 52.043958 8.428071 -69.240579
v 52.043958 8.428071 -68.202334
v 53.082202 8.428071 -69.240579
v 52.043958 8.428071 -69.240579
v 53.082202 7.389826 -69.240579
v 52.043958 7.389826 -69.240579
v 53.082202 8.428071 -69.240579
v 52.043958 7.389826 -68.202334
v 52.043958 8.428071 -68.202334
v 53.082202 8.428071 -68.202334
v 53.082202 7.389826 -68.202334
v 52.043958 8.428071 -69.240579
v 52.043958 8.428071 -69.240579
v 52.043958 7.389826 -69.240579
v 53.082202 7.389826 -69.240579
v 53.082202 7.389826 -69.240579
v 53.082202 8.428071 -69.240579
v 53.082202 8.428071 -68.202334
v 52.043958 7.389826 -68.202334
v 53.082202 7.389826 -68.202334
v 52.043958 7.389826 -68.202334
v 53.082202 8.428071 -68.202334
v 52.043958 8.428071 -68.202334
f 9633 9634 9635
f 9634 9633 9636
f 9637 9638 9639
f 9638 9637 9640
f 9641 9642 9643
f 9642 9641 9644
f 9649 9645 9646
f 9645 9650 9651
f 9652 9647 9648
f 9647 9653 9654
f 9655 9656 9657
f 9658 9659 9660
o Dust_II_Group_062
v 82.720862 22.703132 -119.062515
v 81.682617 22.703132 -118.024270
v 81.682617 22.703132 -119.062515
v 82.720862 22.703132 -118.024270
v 82.720862 23.741377 -118.024270
v 81.682617 23.741377 -119.062515
v 81.682617 23.741377 -118.024270
v 82.720862 23.741377 -119.062515
v 81.682617 23.741377 -119.062515
v 82.720862 22.703132 -119.062515
v 81.682617 22.703132 -119.062515
v 82.720862 23.741377 -119.062515
v 81.682617 22.703132 -118.024270
v 81.682617 23.741377 -118.024270
v 82.720862 23.741377 -118.024270
v 82.720862 22.703132 -118.024270
v 81.682617 23.741377 -119.062515
v 81.682617 23.741377 -119.062515
v 81.682617 22.703132 -119.062515
v 82.720862 22.703132 -119.062515
v 82.720862 22.703132 -119.062515
v 82.720862 23.741377 -119.062515
v 82.720862 23.741377 -118.024270
v 81.682617 22.703132 -118.024270
v 82.720862 22.703132 -118.024270
v 81.682617 22.703132 -118.024270
v 82.720862 23.741377 -118.024270
v 81.682617 23.741377 -118.024270
f 9661 9662 9663
f 9662 9661 9664
f 9665 9666 9667
f 9666 9665 9668
f 9669 9670 9671
f 9670 9669 9672
f 9677 9673 9674
f 9673 9678 9679
f 9680 9675 9676
f 9675 9681 9682
f 9683 9684 9685
f 9686 9687 9688
o Dust_II_Group_061
v 45.325543 14.460797 -13.351249
v 44.512445 14.460797 -12.538151
v 44.512445 14.460797 -13.351249
v 45.325543 14.460797 -12.538151
v 45.325543 15.273895 -12.538151
v 44.512445 15.273895 -13.351249
v 44.512445 15.273895 -12.538151
v 45.325543 15.273895 -13.351249
v 44.512445 15.273895 -13.351249
v 45.325543 14.460797 -13.351249
v 44.512445 14.460797 -13.351249
v 45.325543 15.273895 -13.351249
v 44.512445 14.460797 -12.538151
v 44.512445 15.273895 -12.538151
v 45.325543 15.273895 -12.538151
v 45.325543 14.460797 -12.538151
v 44.512445 15.273895 -13.351249
v 44.512445 15.273895 -13.351249
v 44.512445 14.460797 -13.351249
v 45.325543 14.460797 -13.351249
v 45.325543 14.460797 -13.351249
v 45.325543 15.273895 -13.351249
v 45.325543 15.273895 -12.538151
v 44.512445 14.460797 -12.538151
v 45.325543 14.460797 -12.538151
v 44.512445 14.460797 -12.538151
v 45.325543 15.273895 -12.538151
v 44.512445 15.273895 -12.538151
f 9689 9690 9691
f 9690 9689 9692
f 9693 9694 9695
f 9694 9693 9696
f 9697 9698 9699
f 9698 9697 9700
f 9705 9701 9702
f 9701 9706 9707
f 9708 9703 9704
f 9703 9709 9710
f 9711 9712 9713
f 9714 9715 9716
o Dust_II_Group_060
v -2.346943 6.557155 -14.083079
v -3.160042 6.557155 -13.269981
v -3.160042 6.557155 -14.083079
v -2.346943 6.557155 -13.269981
v -2.346943 7.370253 -13.269981
v -3.160042 7.370253 -14.083079
v -3.160042 7.370253 -13.269981
v -2.346943 7.370253 -14.083079
v -3.160042 7.370253 -14.083079
v -2.346943 6.557155 -14.083079
v -3.160042 6.557155 -14.083079
v -2.346943 7.370253 -14.083079
v -3.160042 6.557155 -13.269981
v -3.160042 7.370253 -13.269981
v -2.346943 7.370253 -13.269981
v -2.346943 6.557155 -13.269981
v -3.160042 7.370253 -14.083079
v -3.160042 7.370253 -14.083079
v -3.160042 6.557155 -14.083079
v -2.346943 6.557155 -14.083079
v -2.346943 6.557155 -14.083079
v -2.346943 7.370253 -14.083079
v -2.346943 7.370253 -13.269981
v -3.160042 6.557155 -13.269981
v -2.346943 6.557155 -13.269981
v -3.160042 6.557155 -13.269981
v -2.346943 7.370253 -13.269981
v -3.160042 7.370253 -13.269981
f 9717 9718 9719
f 9718 9717 9720
f 9721 9722 9723
f 9722 9721 9724
f 9725 9726 9727
f 9726 9725 9728
f 9733 9729 9730
f 9729 9734 9735
f 9736 9731 9732
f 9731 9737 9738
f 9739 9740 9741
f 9742 9743 9744
o Dust_II_Group_059
v 26.831528 14.460797 71.612901
v 26.018430 14.460797 72.425999
v 26.018430 14.460797 71.612901
v 26.831528 14.460797 72.425999
v 26.831528 15.273895 72.425999
v 26.018430 15.273895 71.612901
v 26.018430 15.273895 72.425999
v 26.831528 15.273895 71.612901
v 26.018430 15.273895 71.612901
v 26.831528 14.460797 71.612901
v 26.018430 14.460797 71.612901
v 26.831528 15.273895 71.612901
v 26.018430 14.460797 72.425999
v 26.018430 15.273895 72.425999
v 26.831528 15.273895 72.425999
v 26.831528 14.460797 72.425999
v 26.018430 15.273895 71.612901
v 26.018430 15.273895 71.612901
v 26.018430 14.460797 71.612901
v 26.831528 14.460797 71.612901
v 26.831528 14.460797 71.612901
v 26.831528 15.273895 71.612901
v 26.831528 15.273895 72.425999
v 26.018430 14.460797 72.425999
v 26.831528 14.460797 72.425999
v 26.018430 14.460797 72.425999
v 26.831528 15.273895 72.425999
v 26.018430 15.273895 72.425999
f 9745 9746 9747
f 9746 9745 9748
f 9749 9750 9751
f 9750 9749 9752
f 9753 9754 9755
f 9754 9753 9756
f 9761 9757 9758
f 9757 9762 9763
f 9764 9759 9760
f 9759 9765 9766
f 9767 9768 9769
f 9770 9771 9772
o Dust_II_Group_058
v 40.883716 14.182856 116.648577
v 40.542195 13.841335 116.648577
v 40.883716 13.841335 116.648577
v 40.542195 14.182856 116.648577
v 40.542195 14.182856 116.307056
v 40.542195 13.841335 116.307056
v 40.883716 13.841335 116.307056
v 40.883716 14.182856 116.307056
v 40.883716 14.182856 116.648577
v 40.542195 14.182856 116.307056
v 40.542195 14.182856 116.648577
v 40.883716 14.182856 116.307056
v 40.883716 13.841335 116.307056
v 40.542195 13.841335 116.648577
v 40.542195 13.841335 116.307056
v 40.883716 13.841335 116.648577
v 40.542195 13.841335 116.648577
v 40.542195 14.182856 116.648577
v 40.542195 13.841335 116.648577
v 40.883716 14.182856 116.648577
v 40.883716 13.841335 116.648577
v 40.883716 14.182856 116.648577
v 40.542195 14.182856 116.307056
v 40.883716 13.841335 116.307056
v 40.542195 13.841335 116.307056
v 40.883716 13.841335 116.307056
v 40.542195 14.182856 116.307056
v 40.883716 14.182856 116.307056
f 9773 9774 9775
f 9774 9773 9776
f 9777 9789 9790
f 9791 9777 9778
f 9779 9792 9793
f 9794 9779 9780
f 9795 9796 9797
f 9798 9799 9800
f 9781 9782 9783
f 9782 9781 9784
f 9785 9786 9787
f 9786 9785 9788
o Dust_II_Group_057
v 61.141091 14.460797 35.816389
v 60.327993 14.460797 36.629487
v 60.327993 14.460797 35.816389
v 61.141091 14.460797 36.629487
v 61.141091 15.273895 36.629487
v 60.327993 15.273895 35.816389
v 60.327993 15.273895 36.629487
v 61.141091 15.273895 35.816389
v 60.327993 15.273895 35.816389
v 61.141091 14.460797 35.816389
v 60.327993 14.460797 35.816389
v 61.141091 15.273895 35.816389
v 60.327993 14.460797 36.629487
v 60.327993 15.273895 36.629487
v 61.141091 15.273895 36.629487
v 61.141091 14.460797 36.629487
v 60.327993 15.273895 35.816389
v 60.327993 15.273895 35.816389
v 60.327993 14.460797 35.816389
v 61.141091 14.460797 35.816389
v 61.141091 14.460797 35.816389
v 61.141091 15.273895 35.816389
v 61.141091 15.273895 36.629487
v 60.327993 14.460797 36.629487
v 61.141091 14.460797 36.629487
v 60.327993 14.460797 36.629487
v 61.141091 15.273895 36.629487
v 60.327993 15.273895 36.629487
f 9801 9802 9803
f 9802 9801 9804
f 9805 9806 9807
f 9806 9805 9808
f 9809 9810 9811
f 9810 9809 9812
f 9817 9813 9814
f 9813 9818 9819
f 9820 9815 9816
f 9815 9821 9822
f 9823 9824 9825
f 9826 9827 9828
o Dust_II_Group_056
v 52.341358 22.162650 60.026229
v 55.842241 15.807283 63.112442
v 52.341358 15.807283 60.026229
v 55.842241 18.759941 63.112442
v 55.845203 19.549410 63.115058
v 52.813076 22.161351 60.442072
v 55.845203 22.161351 63.115058
v 55.655835 18.759941 63.332973
v 52.154956 15.807283 60.246760
v 55.655835 15.807283 63.332973
v 52.154956 22.162650 60.246760
v 55.658802 19.549410 63.335586
v 52.626674 22.161351 60.662604
v 55.658802 22.161351 63.335586
v 55.845203 19.549410 63.115058
v 55.658802 22.161351 63.335586
v 55.658802 19.549410 63.335586
v 55.658802 22.161351 63.335586
v 55.845203 19.549410 63.115058
v 55.845203 22.161351 63.115058
v 55.842241 15.807283 63.112442
v 52.154956 15.807283 60.246760
v 52.341358 15.807283 60.026229
v 52.154956 15.807283 60.246760
v 55.842241 15.807283 63.112442
v 55.655835 15.807283 63.332973
v 55.842241 18.759941 63.112442
v 55.658802 19.549410 63.335586
v 55.655835 18.759941 63.332973
v 55.658802 19.549410 63.335586
v 55.842241 18.759941 63.112442
v 55.845203 19.549410 63.115058
v 55.842241 15.807283 63.112442
v 55.655835 18.759941 63.332973
v 55.655835 15.807283 63.332973
v 55.655835 18.759941 63.332973
v 55.842241 15.807283 63.112442
v 55.842241 18.759941 63.112442
v 52.341358 22.162650 60.026229
v 52.154956 15.807283 60.246760
v 52.154956 22.162650 60.246760
v 52.154956 15.807283 60.246760
v 52.341358 22.162650 60.026229
v 52.341358 15.807283 60.026229
f 9829 9830 9831
f 9830 9829 9832
f 9832 9829 9833
f 9833 9829 9834
f 9835 9833 9834
f 9836 9837 9838
f 9837 9836 9839
f 9839 9836 9840
f 9839 9840 9841
f 9841 9840 9842
f 9843 9844 9845
f 9846 9847 9848
f 9849 9850 9851
f 9852 9853 9854
f 9855 9856 9857
f 9858 9859 9860
f 9861 9862 9863
f 9864 9865 9866
f 9867 9868 9869
f 9870 9871 9872
o Dust_II_Group_055
v -2.953545 13.046039 49.319024
v -2.229165 12.252321 49.564034
v -2.953545 12.252321 49.319024
v -2.229165 13.046039 49.564034
v -3.251253 13.046039 52.249883
v -3.984791 12.252321 51.998267
v -3.251253 12.252321 52.249883
v -3.984791 13.046039 51.998267
v -4.297070 13.046039 49.922827
v -4.599938 12.252321 50.629499
v -4.599938 13.046039 50.629499
v -4.297070 12.252321 49.922827
v -4.445923 12.252321 51.388257
v -4.445923 13.046039 51.388257
v -1.614018 12.252321 50.932798
v -1.907726 13.046039 51.646076
v -1.907726 12.252321 51.646076
v -1.614018 13.046039 50.932798
v -3.722125 13.046039 49.412382
v -3.886235 13.046039 50.219130
v -4.084783 13.046039 50.682396
v -3.983819 13.046039 51.179797
v -3.681530 13.046039 51.579678
v -3.200670 13.046039 51.744621
v -2.702834 13.046039 51.679090
v -2.491830 13.046039 52.149915
v -2.319921 13.046039 51.348796
v -3.509326 13.046039 49.884507
v -3.005486 13.046039 49.823305
v -2.530630 13.046039 49.983918
v -1.758874 13.046039 50.180651
v -2.222337 13.046039 50.388129
v -2.127377 13.046039 50.881200
v -1.758874 12.252321 50.180651
v -2.491830 12.252321 52.149915
v -3.722125 12.252321 49.412382
v -3.886235 12.252321 50.219130
v -3.509326 12.252321 49.884507
v -3.005486 12.252321 49.823305
v -2.530630 12.252321 49.983918
v -2.222337 12.252321 50.388129
v -2.127377 12.252321 50.881200
v -2.319921 12.252321 51.348796
v -4.084783 12.252321 50.682396
v -3.983819 12.252321 51.179797
v -3.681530 12.252321 51.579678
v -3.200670 12.252321 51.744621
v -2.702834 12.252321 51.679090
v -3.983819 13.046039 51.179797
v -3.681530 12.252321 51.579678
v -3.983819 12.252321 51.179797
v -3.681530 13.046039 51.579678
v -4.084783 12.252321 50.682396
v -3.886235 13.046039 50.219130
v -4.084783 13.046039 50.682396
v -3.886235 12.252321 50.219130
v -2.530630 13.046039 49.983918
v -3.005486 12.252321 49.823305
v -2.530630 12.252321 49.983918
v -3.005486 13.046039 49.823305
v -2.127377 13.046039 50.881200
v -2.222337 12.252321 50.388129
v -2.127377 12.252321 50.881200
v -2.222337 13.046039 50.388129
v -2.319921 13.046039 51.348796
v -2.702834 12.252321 51.679090
v -2.702834 13.046039 51.679090
v -2.319921 12.252321 51.348796
v -3.509326 12.252321 49.884507
v -3.509326 13.046039 49.884507
v -3.200670 13.046039 51.744621
v -3.200670 12.252321 51.744621
v -4.599938 13.046039 50.629499
v -4.297070 13.046039 49.922827
v -4.599938 13.046039 50.629499
v -4.445923 13.046039 51.388257
v -4.445923 13.046039 51.388257
v -4.445923 13.046039 51.388257
v -4.445923 13.046039 51.388257
v -4.445923 13.046039 51.388257
v -3.984791 13.046039 51.998267
v -3.984791 13.046039 51.998267
v -3.984791 13.046039 51.998267
v -3.251253 13.046039 52.249883
v -3.251253 13.046039 52.249883
v -3.251253 13.046039 52.249883
v -3.251253 13.046039 52.249883
v -2.953545 13.046039 49.319024
v -2.953545 13.046039 49.319024
v -2.953545 13.046039 49.319024
v -2.953545 13.046039 49.319024
v -2.229165 13.046039 49.564034
v -2.229165 13.046039 49.564034
v -2.229165 13.046039 49.564034
v -1.614018 13.046039 50.932798
v -1.614018 13.046039 50.932798
v -1.614018 13.046039 50.932798
v -1.614018 13.046039 50.932798
v -1.907726 13.046039 51.646076
v -1.758874 13.046039 50.180651
v -1.758874 13.046039 50.180651
v -1.758874 13.046039 50.180651
v -1.907726 12.252321 51.646076
v -2.491830 13.046039 52.149915
v -2.491830 13.046039 52.149915
v -1.907726 12.252321 51.646076
v -1.907726 13.046039 51.646076
v -3.722125 13.046039 49.412382
v -3.722125 13.046039 49.412382
v -2.491830 13.046039 52.149915
v -2.491830 13.046039 52.149915
v -3.722125 12.252321 49.412382
v -4.599938 12.252321 50.629499
v -4.297070 12.252321 49.922827
v -4.599938 12.252321 50.629499
v -3.722125 12.252321 49.412382
v -2.953545 12.252321 49.319024
v -4.599938 12.252321 50.629499
v -2.953545 12.252321 49.319024
v -2.953545 12.252321 49.319024
v -2.953545 12.252321 49.319024
v -2.953545 12.252321 49.319024
v -2.229165 12.252321 49.564034
v -2.229165 12.252321 49.564034
v -2.229165 12.252321 49.564034
v -1.758874 12.252321 50.180651
v -1.758874 12.252321 50.180651
v -1.758874 12.252321 50.180651
v -1.758874 12.252321 50.180651
v -1.614018 12.252321 50.932798
v -1.614018 12.252321 50.932798
v -4.445923 12.252321 51.388257
v -4.599938 12.252321 50.629499
v -4.445923 12.252321 51.388257
v -4.445923 12.252321 51.388257
v -4.445923 12.252321 51.388257
v -3.984791 12.252321 51.998267
v -3.984791 12.252321 51.998267
v -3.984791 12.252321 51.998267
v -3.251253 12.252321 52.249883
v -3.251253 12.252321 52.249883
v -3.251253 12.252321 52.249883
v -3.251253 12.252321 52.249883
v -2.491830 12.252321 52.149915
v -2.491830 12.252321 52.149915
v -2.491830 12.252321 52.149915
v -1.614018 12.252321 50.932798
v -2.491830 12.252321 52.149915
v -1.614018 12.252321 50.932798
v -1.907726 12.252321 51.646076
v -3.722125 13.046039 49.412382
v -3.722125 13.046039 49.412382
v -2.222337 13.046039 50.388129
v -2.530630 12.252321 49.983918
v -2.222337 12.252321 50.388129
v -2.530630 12.252321 49.983918
v -2.222337 13.046039 50.388129
v -2.530630 13.046039 49.983918
v -3.005486 13.046039 49.823305
v -3.005486 12.252321 49.823305
v -3.005486 13.046039 49.823305
v -4.084783 13.046039 50.682396
v -3.983819 12.252321 51.179797
v -4.084783 12.252321 50.682396
v -3.983819 12.252321 51.179797
v -4.084783 13.046039 50.682396
v -3.983819 13.046039 51.179797
v -2.127377 13.046039 50.881200
v -2.319921 12.252321 51.348796
v -2.319921 13.046039 51.348796
v -2.319921 12.252321 51.348796
v -2.127377 13.046039 50.881200
v -2.127377 12.252321 50.881200
v -3.509326 12.252321 49.884507
v -3.886235 13.046039 50.219130
v -3.886235 12.252321 50.219130
v -3.886235 13.046039 50.219130
v -3.509326 12.252321 49.884507
v -3.509326 13.046039 49.884507
v -2.702834 12.252321 51.679090
v -2.702834 12.252321 51.679090
v -2.702834 13.046039 51.679090
v -3.681530 13.046039 51.579678
v -3.200670 12.252321 51.744621
v -3.681530 12.252321 51.579678
v -3.200670 12.252321 51.744621
v -3.681530 13.046039 51.579678
v -3.200670 13.046039 51.744621
f 9873 9874 9875
f 9874 9873 9876
f 9877 9878 9879
f 9878 9877 9880
f 9881 9882 9883
f 9882 9881 9884
f 9880 9885 9878
f 9885 9880 9886
f 9887 9888 9889
f 9888 9887 9890
f 9886 9882 9885
f 9882 9886 9883
f 9945 9891 9946
f 9891 9947 9948
f 9891 9949 9892
f 9892 9950 9893
f 9893 9951 9894
f 9894 9952 9953
f 9894 9954 9895
f 9895 9955 9956
f 9895 9957 9896
f 9896 9958 9897
f 9897 9959 9898
f 9897 9898 9899
f 9892 9960 9891
f 9961 9892 9900
f 9962 9900 9901
f 9963 9901 9964
f 9965 9901 9902
f 9966 9902 9903
f 9903 9902 9904
f 9903 9904 9905
f 9903 9905 9967
f 9968 9905 9899
f 9969 9899 9898
f 9970 9898 9971
f 9972 9887 9906
f 9887 9973 9890
f 9876 9906 9874
f 9906 9876 9974
f 9975 9976 9907
f 9977 9978 9979
f 9980 9884 9881
f 9884 9981 9908
f 9982 9879 9907
f 9879 9983 9877
f 9984 9985 9986
f 9987 9988 9989
f 9990 9991 9909
f 9909 9992 9910
f 9910 9993 9911
f 9911 9994 9995
f 9911 9996 9912
f 9912 9997 9998
f 9912 9999 9913
f 9913 10000 9914
f 9914 10001 10002
f 9914 10003 9915
f 9909 10004 10005
f 10006 9909 9916
f 10007 9916 9917
f 10008 9917 10009
f 10010 9917 9918
f 10011 9918 10012
f 10013 9918 9919
f 10014 9919 9920
f 10015 9920 10016
f 10017 9920 9915
f 10018 9915 10019
f 10020 10021 10022
f 10023 9875 9908
f 9875 10024 9873
f 9921 9922 9923
f 9922 9921 9924
f 9925 9926 9927
f 9926 9925 9928
f 9929 9930 9931
f 9930 9929 9932
f 9933 9934 9935
f 9934 9933 9936
f 10025 10026 10027
f 10028 10029 10030
f 9937 9938 9939
f 9938 9937 9940
f 10031 9941 10032
f 9941 10033 9942
f 10034 10035 10036
f 10037 10038 10039
f 10040 10041 10042
f 10043 10044 10045
f 10046 10047 10048
f 10049 10050 10051
f 9943 10052 9944
f 10053 9943 10054
f 10055 10056 10057
f 10058 10059 10060
o Dust_II_Group_054
v -2.169034 11.833209 46.979345
v -1.666652 11.125098 47.658266
v -2.378573 11.184246 47.385456
v -1.457111 11.774061 47.252151
v -2.281347 13.420806 49.458351
v -3.212019 12.829930 49.585208
v -2.490887 12.771843 49.864462
v -3.002479 13.478892 49.179093
v -3.426524 12.488610 47.377846
v -3.885609 12.281615 48.361461
v -3.676069 12.930578 47.955347
v -3.636064 11.839649 47.783960
v -3.692221 12.633447 49.023463
v -3.482680 13.282409 48.617349
v -0.993062 11.673413 48.882012
v -1.023856 12.765403 49.059847
v -1.233396 12.116442 49.465962
v -0.783521 12.322375 48.475898
v -2.903385 12.078163 46.991877
v -3.013398 12.536203 47.667056
v -3.176989 12.825939 48.045641
v -3.050213 13.056580 48.479614
v -2.735425 13.185382 48.847858
v -2.262698 13.147304 49.030922
v -1.787333 12.986030 49.018478
v -1.556206 13.174791 49.439370
v -1.438348 12.717652 48.769679
v -2.670450 12.267131 47.414031
v -2.189049 12.106553 47.405816
v -1.722359 12.067779 47.584651
v -0.967700 11.971605 47.820344
v -1.401532 12.197277 47.957121
v -1.280795 12.427223 48.386868
v -1.177240 11.322643 48.226459
v -1.765745 12.525828 49.845482
v -3.112925 11.429200 47.397988
v -3.222938 11.887242 48.073171
v -2.879991 11.618169 47.820146
v -2.398590 11.457591 47.811931
v -1.931899 11.418817 47.990765
v -1.611073 11.548314 48.363236
v -1.490335 11.778260 48.792982
v -1.647888 12.068691 49.175793
v -3.386529 12.176976 48.451756
v -3.259754 12.407617 48.885728
v -2.944965 12.536420 49.253973
v -2.472237 12.498341 49.437033
v -1.996874 12.337068 49.424593
v -3.050213 13.056580 48.479614
v -2.944965 12.536420 49.253973
v -3.259754 12.407617 48.885728
v -2.735425 13.185382 48.847858
v -3.386529 12.176976 48.451756
v -3.013398 12.536203 47.667056
v -3.176989 12.825939 48.045641
v -3.222938 11.887242 48.073171
v -1.722359 12.067779 47.584651
v -2.398590 11.457591 47.811931
v -1.931899 11.418817 47.990765
v -2.189049 12.106553 47.405816
v -1.280795 12.427223 48.386868
v -1.611073 11.548314 48.363236
v -1.490335 11.778260 48.792982
v -1.401532 12.197277 47.957121
v -1.438348 12.717652 48.769679
v -1.996874 12.337068 49.424593
v -1.787333 12.986030 49.018478
v -1.647888 12.068691 49.175793
v -2.879991 11.618169 47.820146
v -2.670450 12.267131 47.414031
v -2.262698 13.147304 49.030922
v -2.472237 12.498341 49.437033
v -3.676069 12.930578 47.955347
v -3.426524 12.488610 47.377846
v -3.676069 12.930578 47.955347
v -3.482680 13.282409 48.617349
v -3.482680 13.282409 48.617349
v -3.482680 13.282409 48.617349
v -3.482680 13.282409 48.617349
v -3.482680 13.282409 48.617349
v -3.002479 13.478892 49.179093
v -3.002479 13.478892 49.179093
v -3.002479 13.478892 49.179093
v -2.281347 13.420806 49.458351
v -2.281347 13.420806 49.458351
v -2.281347 13.420806 49.458351
v -2.281347 13.420806 49.458351
v -2.169034 11.833209 46.979345
v -2.169034 11.833209 46.979345
v -2.169034 11.833209 46.979345
v -2.169034 11.833209 46.979345
v -1.457111 11.774061 47.252151
v -1.457111 11.774061 47.252151
v -1.457111 11.774061 47.252151
v -0.783521 12.322375 48.475898
v -0.783521 12.322375 48.475898
v -0.783521 12.322375 48.475898
v -0.783521 12.322375 48.475898
v -1.023856 12.765403 49.059847
v -0.967700 11.971605 47.820344
v -0.967700 11.971605 47.820344
v -0.967700 11.971605 47.820344
v -1.233396 12.116442 49.465962
v -1.556206 13.174791 49.439370
v -1.556206 13.174791 49.439370
v -1.233396 12.116442 49.465962
v -1.023856 12.765403 49.059847
v -2.903385 12.078163 46.991877
v -2.903385 12.078163 46.991877
v -1.556206 13.174791 49.439370
v -1.556206 13.174791 49.439370
v -3.112925 11.429200 47.397988
v -3.885609 12.281615 48.361461
v -3.636064 11.839649 47.783960
v -3.885609 12.281615 48.361461
v -3.112925 11.429200 47.397988
v -2.378573 11.184246 47.385456
v -3.885609 12.281615 48.361461
v -2.378573 11.184246 47.385456
v -2.378573 11.184246 47.385456
v -2.378573 11.184246 47.385456
v -2.378573 11.184246 47.385456
v -1.666652 11.125098 47.658266
v -1.666652 11.125098 47.658266
v -1.666652 11.125098 47.658266
v -1.177240 11.322643 48.226459
v -1.177240 11.322643 48.226459
v -1.177240 11.322643 48.226459
v -1.177240 11.322643 48.226459
v -0.993062 11.673413 48.882012
v -0.993062 11.673413 48.882012
v -3.692221 12.633447 49.023463
v -3.885609 12.281615 48.361461
v -3.692221 12.633447 49.023463
v -3.692221 12.633447 49.023463
v -3.692221 12.633447 49.023463
v -3.212019 12.829930 49.585208
v -3.212019 12.829930 49.585208
v -3.212019 12.829930 49.585208
v -2.490887 12.771843 49.864462
v -2.490887 12.771843 49.864462
v -2.490887 12.771843 49.864462
v -2.490887 12.771843 49.864462
v -1.765745 12.525828 49.845482
v -1.765745 12.525828 49.845482
v -1.765745 12.525828 49.845482
v -0.993062 11.673413 48.882012
v -1.765745 12.525828 49.845482
v -0.993062 11.673413 48.882012
v -1.233396 12.116442 49.465962
v -2.903385 12.078163 46.991877
v -2.903385 12.078163 46.991877
v -1.401532 12.197277 47.957121
v -1.931899 11.418817 47.990765
v -1.611073 11.548314 48.363236
v -1.931899 11.418817 47.990765
v -1.401532 12.197277 47.957121
v -1.722359 12.067779 47.584651
v -2.189049 12.106553 47.405816
v -2.398590 11.457591 47.811931
v -2.189049 12.106553 47.405816
v -3.176989 12.825939 48.045641
v -3.259754 12.407617 48.885728
v -3.386529 12.176976 48.451756
v -3.259754 12.407617 48.885728
v -3.176989 12.825939 48.045641
v -3.050213 13.056580 48.479614
v -1.280795 12.427223 48.386868
v -1.647888 12.068691 49.175793
v -1.438348 12.717652 48.769679
v -1.647888 12.068691 49.175793
v -1.280795 12.427223 48.386868
v -1.490335 11.778260 48.792982
v -2.879991 11.618169 47.820146
v -3.013398 12.536203 47.667056
v -3.222938 11.887242 48.073171
v -3.013398 12.536203 47.667056
v -2.879991 11.618169 47.820146
v -2.670450 12.267131 47.414031
v -1.996874 12.337068 49.424593
v -1.996874 12.337068 49.424593
v -1.787333 12.986030 49.018478
v -2.735425 13.185382 48.847858
v -2.472237 12.498341 49.437033
v -2.944965 12.536420 49.253973
v -2.472237 12.498341 49.437033
v -2.735425 13.185382 48.847858
v -2.262698 13.147304 49.030922
f 10061 10062 10063
f 10062 10061 10064
f 10065 10066 10067
f 10066 10065 10068
f 10069 10070 10071
f 10070 10069 10072
f 10068 10073 10066
f 10073 10068 10074
f 10075 10076 10077
f 10076 10075 10078
f 10074 10070 10073
f 10070 10074 10071
f 10133 10079 10134
f 10079 10135 10136
f 10079 10137 10080
f 10080 10138 10081
f 10081 10139 10082
f 10082 10140 10141
f 10082 10142 10083
f 10083 10143 10144
f 10083 10145 10084
f 10084 10146 10085
f 10085 10147 10086
f 10085 10086 10087
f 10080 10148 10079
f 10149 10080 10088
f 10150 10088 10089
f 10151 10089 10152
f 10153 10089 10090
f 10154 10090 10091
f 10091 10090 10092
f 10091 10092 10093
f 10091 10093 10155
f 10156 10093 10087
f 10157 10087 10086
f 10158 10086 10159
f 10160 10075 10094
f 10075 10161 10078
f 10064 10094 10062
f 10094 10064 10162
f 10163 10164 10095
f 10165 10166 10167
f 10168 10072 10069
f 10072 10169 10096
f 10170 10067 10095
f 10067 10171 10065
f 10172 10173 10174
f 10175 10176 10177
f 10178 10179 10097
f 10097 10180 10098
f 10098 10181 10099
f 10099 10182 10183
f 10099 10184 10100
f 10100 10185 10186
f 10100 10187 10101
f 10101 10188 10102
f 10102 10189 10190
f 10102 10191 10103
f 10097 10192 10193
f 10194 10097 10104
f 10195 10104 10105
f 10196 10105 10197
f 10198 10105 10106
f 10199 10106 10200
f 10201 10106 10107
f 10202 10107 10108
f 10203 10108 10204
f 10205 10108 10103
f 10206 10103 10207
f 10208 10209 10210
f 10211 10063 10096
f 10063 10212 10061
f 10109 10110 10111
f 10110 10109 10112
f 10113 10114 10115
f 10114 10113 10116
f 10117 10118 10119
f 10118 10117 10120
f 10121 10122 10123
f 10122 10121 10124
f 10213 10214 10215
f 10216 10217 10218
f 10125 10126 10127
f 10126 10125 10128
f 10219 10129 10220
f 10129 10221 10130
f 10222 10223 10224
f 10225 10226 10227
f 10228 10229 10230
f 10231 10232 10233
f 10234 10235 10236
f 10237 10238 10239
f 10131 10240 10132
f 10241 10131 10242
f 10243 10244 10245
f 10246 10247 10248
o Dust_II_Group_053
v 82.324827 19.393524 67.117727
v 81.983306 19.052003 67.117727
v 82.324827 19.052003 67.117727
v 81.983306 19.393524 67.117727
v 81.983306 19.393524 66.776206
v 81.983306 19.052003 66.776206
v 82.324827 19.052003 66.776206
v 82.324827 19.393524 66.776206
v 81.983306 19.393524 67.117727
v 82.324827 19.393524 66.776206
v 81.983306 19.393524 66.776206
v 82.324827 19.393524 67.117727
v 82.324827 19.052003 66.776206
v 81.983306 19.052003 67.117727
v 81.983306 19.052003 66.776206
v 82.324827 19.052003 67.117727
v 81.983306 19.052003 67.117727
v 81.983306 19.393524 67.117727
v 81.983306 19.052003 67.117727
v 82.324827 19.393524 67.117727
v 82.324827 19.052003 67.117727
v 82.324827 19.393524 67.117727
v 81.983306 19.393524 66.776206
v 82.324827 19.052003 66.776206
v 81.983306 19.052003 66.776206
v 82.324827 19.052003 66.776206
v 81.983306 19.393524 66.776206
v 82.324827 19.393524 66.776206
f 10249 10250 10251
f 10250 10249 10252
f 10253 10265 10266
f 10267 10253 10254
f 10255 10268 10269
f 10270 10255 10256
f 10271 10272 10273
f 10274 10275 10276
f 10257 10258 10259
f 10258 10257 10260
f 10261 10262 10263
f 10262 10261 10264
o Dust_II_Group_052
v 78.205202 19.671465 65.685169
v 77.392104 19.671465 66.498267
v 77.392104 19.671465 65.685169
v 78.205202 19.671465 66.498267
v 78.205202 20.484563 66.498267
v 77.392104 20.484563 65.685169
v 77.392104 20.484563 66.498267
v 78.205202 20.484563 65.685169
v 77.392104 20.484563 65.685169
v 78.205202 19.671465 65.685169
v 77.392104 19.671465 65.685169
v 78.205202 20.484563 65.685169
v 77.392104 19.671465 66.498267
v 77.392104 20.484563 66.498267
v 78.205202 20.484563 66.498267
v 78.205202 19.671465 66.498267
v 77.392104 20.484563 65.685169
v 77.392104 20.484563 65.685169
v 77.392104 19.671465 65.685169
v 78.205202 19.671465 65.685169
v 78.205202 19.671465 65.685169
v 78.205202 20.484563 65.685169
v 78.205202 20.484563 66.498267
v 77.392104 19.671465 66.498267
v 78.205202 19.671465 66.498267
v 77.392104 19.671465 66.498267
v 78.205202 20.484563 66.498267
v 77.392104 20.484563 66.498267
f 10277 10278 10279
f 10278 10277 10280
f 10281 10282 10283
f 10282 10281 10284
f 10285 10286 10287
f 10286 10285 10288
f 10293 10289 10290
f 10289 10294 10295
f 10296 10291 10292
f 10291 10297 10298
f 10299 10300 10301
f 10302 10303 10304
o Dust_II_Group_051
v 86.108225 13.046039 52.971222
v 86.839058 12.252321 52.746207
v 86.108225 12.252321 52.971222
v 86.839058 13.046039 52.746207
v 87.581191 13.046039 55.522478
v 86.839058 12.252321 55.747493
v 87.581191 12.252321 55.522478
v 86.839058 13.046039 55.747493
v 85.371738 13.046039 54.246852
v 85.539470 12.252321 54.997170
v 85.539470 13.046039 54.997170
v 85.371738 12.252321 54.246852
v 86.108225 12.252321 55.522478
v 86.108225 13.046039 55.522478
v 88.138652 12.252321 53.496530
v 88.317678 13.046039 54.246852
v 88.317678 12.252321 54.246852
v 88.138652 13.046039 53.496530
v 85.539470 13.046039 53.496530
v 85.878274 13.046039 54.246852
v 85.988232 13.046039 54.738728
v 86.361079 13.046039 55.083091
v 86.840171 13.046039 55.230597
v 87.326660 13.046039 55.083091
v 87.692102 13.046039 54.738728
v 88.138652 13.046039 54.997170
v 87.809465 13.046039 54.246852
v 85.988232 13.046039 53.754972
v 86.361079 13.046039 53.410609
v 86.840171 13.046039 53.263103
v 87.581191 13.046039 52.971222
v 87.326660 13.046039 53.410609
v 87.692102 13.046039 53.754972
v 87.581191 12.252321 52.971222
v 88.138652 12.252321 54.997170
v 85.539470 12.252321 53.496530
v 85.878274 12.252321 54.246852
v 85.988232 12.252321 53.754972
v 86.361079 12.252321 53.410609
v 86.840171 12.252321 53.263103
v 87.326660 12.252321 53.410609
v 87.692102 12.252321 53.754972
v 87.809465 12.252321 54.246852
v 85.988232 12.252321 54.738728
v 86.361079 12.252321 55.083091
v 86.840171 12.252321 55.230597
v 87.326660 12.252321 55.083091
v 87.692102 12.252321 54.738728
v 86.361079 13.046039 55.083091
v 86.840171 12.252321 55.230597
v 86.361079 12.252321 55.083091
v 86.840171 13.046039 55.230597
v 85.988232 12.252321 54.738728
v 85.878274 13.046039 54.246852
v 85.988232 13.046039 54.738728
v 85.878274 12.252321 54.246852
v 86.840171 13.046039 53.263103
v 86.361079 12.252321 53.410609
v 86.840171 12.252321 53.263103
v 86.361079 13.046039 53.410609
v 87.692102 13.046039 53.754972
v 87.326660 12.252321 53.410609
v 87.692102 12.252321 53.754972
v 87.326660 13.046039 53.410609
v 87.809465 13.046039 54.246852
v 87.692102 12.252321 54.738728
v 87.692102 13.046039 54.738728
v 87.809465 12.252321 54.246852
v 85.988232 12.252321 53.754972
v 85.988232 13.046039 53.754972
v 87.326660 13.046039 55.083091
v 87.326660 12.252321 55.083091
v 85.539470 13.046039 54.997170
v 85.371738 13.046039 54.246852
v 85.539470 13.046039 54.997170
v 86.108225 13.046039 55.522478
v 86.108225 13.046039 55.522478
v 86.108225 13.046039 55.522478
v 86.108225 13.046039 55.522478
v 86.108225 13.046039 55.522478
v 86.839058 13.046039 55.747493
v 86.839058 13.046039 55.747493
v 86.839058 13.046039 55.747493
v 87.581191 13.046039 55.522478
v 87.581191 13.046039 55.522478
v 87.581191 13.046039 55.522478
v 87.581191 13.046039 55.522478
v 86.108225 13.046039 52.971222
v 86.108225 13.046039 52.971222
v 86.108225 13.046039 52.971222
v 86.108225 13.046039 52.971222
v 86.839058 13.046039 52.746207
v 86.839058 13.046039 52.746207
v 86.839058 13.046039 52.746207
v 88.138652 13.046039 53.496530
v 88.138652 13.046039 53.496530
v 88.138652 13.046039 53.496530
v 88.138652 13.046039 53.496530
v 88.317678 13.046039 54.246852
v 87.581191 13.046039 52.971222
v 87.581191 13.046039 52.971222
v 87.581191 13.046039 52.971222
v 88.317678 12.252321 54.246852
v 88.138652 13.046039 54.997170
v 88.138652 13.046039 54.997170
v 88.317678 12.252321 54.246852
v 88.317678 13.046039 54.246852
v 85.539470 13.046039 53.496530
v 85.539470 13.046039 53.496530
v 88.138652 13.046039 54.997170
v 88.138652 13.046039 54.997170
v 85.539470 12.252321 53.496530
v 85.539470 12.252321 54.997170
v 85.371738 12.252321 54.246852
v 85.539470 12.252321 54.997170
v 85.539470 12.252321 53.496530
v 86.108225 12.252321 52.971222
v 85.539470 12.252321 54.997170
v 86.108225 12.252321 52.971222
v 86.108225 12.252321 52.971222
v 86.108225 12.252321 52.971222
v 86.108225 12.252321 52.971222
v 86.839058 12.252321 52.746207
v 86.839058 12.252321 52.746207
v 86.839058 12.252321 52.746207
v 87.581191 12.252321 52.971222
v 87.581191 12.252321 52.971222
v 87.581191 12.252321 52.971222
v 87.581191 12.252321 52.971222
v 88.138652 12.252321 53.496530
v 88.138652 12.252321 53.496530
v 86.108225 12.252321 55.522478
v 85.539470 12.252321 54.997170
v 86.108225 12.252321 55.522478
v 86.108225 12.252321 55.522478
v 86.108225 12.252321 55.522478
v 86.839058 12.252321 55.747493
v 86.839058 12.252321 55.747493
v 86.839058 12.252321 55.747493
v 87.581191 12.252321 55.522478
v 87.581191 12.252321 55.522478
v 87.581191 12.252321 55.522478
v 87.581191 12.252321 55.522478
v 88.138652 12.252321 54.997170
v 88.138652 12.252321 54.997170
v 88.138652 12.252321 54.997170
v 88.138652 12.252321 53.496530
v 88.138652 12.252321 54.997170
v 88.138652 12.252321 53.496530
v 88.317678 12.252321 54.246852
v 85.539470 13.046039 53.496530
v 85.539470 13.046039 53.496530
v 87.326660 13.046039 53.410609
v 86.840171 12.252321 53.263103
v 87.326660 12.252321 53.410609
v 86.840171 12.252321 53.263103
v 87.326660 13.046039 53.410609
v 86.840171 13.046039 53.263103
v 86.361079 13.046039 53.410609
v 86.361079 12.252321 53.410609
v 86.361079 13.046039 53.410609
v 85.988232 13.046039 54.738728
v 86.361079 12.252321 55.083091
v 85.988232 12.252321 54.738728
v 86.361079 12.252321 55.083091
v 85.988232 13.046039 54.738728
v 86.361079 13.046039 55.083091
v 87.692102 13.046039 53.754972
v 87.809465 12.252321 54.246852
v 87.809465 13.046039 54.246852
v 87.809465 12.252321 54.246852
v 87.692102 13.046039 53.754972
v 87.692102 12.252321 53.754972
v 85.988232 12.252321 53.754972
v 85.878274 13.046039 54.246852
v 85.878274 12.252321 54.246852
v 85.878274 13.046039 54.246852
v 85.988232 12.252321 53.754972
v 85.988232 13.046039 53.754972
v 87.692102 12.252321 54.738728
v 87.692102 12.252321 54.738728
v 87.692102 13.046039 54.738728
v 86.840171 13.046039 55.230597
v 87.326660 12.252321 55.083091
v 86.840171 12.252321 55.230597
v 87.326660 12.252321 55.083091
v 86.840171 13.046039 55.230597
v 87.326660 13.046039 55.083091
f 10305 10306 10307
f 10306 10305 10308
f 10309 10310 10311
f 10310 10309 10312
f 10313 10314 10315
f 10314 10313 10316
f 10312 10317 10310
f 10317 10312 10318
f 10319 10320 10321
f 10320 10319 10322
f 10318 10314 10317
f 10314 10318 10315
f 10377 10323 10378
f 10323 10379 10380
f 10323 10381 10324
f 10324 10382 10325
f 10325 10383 10326
f 10326 10384 10385
f 10326 10386 10327
f 10327 10387 10388
f 10327 10389 10328
f 10328 10390 10329
f 10329 10391 10330
f 10329 10330 10331
f 10324 10392 10323
f 10393 10324 10332
f 10394 10332 10333
f 10395 10333 10396
f 10397 10333 10334
f 10398 10334 10335
f 10335 10334 10336
f 10335 10336 10337
f 10335 10337 10399
f 10400 10337 10331
f 10401 10331 10330
f 10402 10330 10403
f 10404 10319 10338
f 10319 10405 10322
f 10308 10338 10306
f 10338 10308 10406
f 10407 10408 10339
f 10409 10410 10411
f 10412 10316 10313
f 10316 10413 10340
f 10414 10311 10339
f 10311 10415 10309
f 10416 10417 10418
f 10419 10420 10421
f 10422 10423 10341
f 10341 10424 10342
f 10342 10425 10343
f 10343 10426 10427
f 10343 10428 10344
f 10344 10429 10430
f 10344 10431 10345
f 10345 10432 10346
f 10346 10433 10434
f 10346 10435 10347
f 10341 10436 10437
f 10438 10341 10348
f 10439 10348 10349
f 10440 10349 10441
f 10442 10349 10350
f 10443 10350 10444
f 10445 10350 10351
f 10446 10351 10352
f 10447 10352 10448
f 10449 10352 10347
f 10450 10347 10451
f 10452 10453 10454
f 10455 10307 10340
f 10307 10456 10305
f 10353 10354 10355
f 10354 10353 10356
f 10357 10358 10359
f 10358 10357 10360
f 10361 10362 10363
f 10362 10361 10364
f 10365 10366 10367
f 10366 10365 10368
f 10457 10458 10459
f 10460 10461 10462
f 10369 10370 10371
f 10370 10369 10372
f 10463 10373 10464
f 10373 10465 10374
f 10466 10467 10468
f 10469 10470 10471
f 10472 10473 10474
f 10475 10476 10477
f 10478 10479 10480
f 10481 10482 10483
f 10375 10484 10376
f 10485 10375 10486
f 10487 10488 10489
f 10490 10491 10492
o Dust_II_Group_050
v 96.531746 20.893622 -73.364248
v 100.503494 17.389140 -75.233304
v 96.531746 17.389140 -75.233304
v 100.503494 20.893622 -73.364248
v 100.503494 19.024564 -69.859765
v 96.531746 15.520082 -71.728821
v 100.503494 15.520082 -71.728821
v 96.531746 19.024564 -69.859765
v 100.503494 17.389140 -75.233304
v 96.531746 15.520082 -71.728821
v 96.531746 17.389140 -75.233304
v 100.503494 15.520082 -71.728821
v 100.503494 19.024564 -69.859765
v 96.531746 20.893622 -73.364248
v 96.531746 19.024564 -69.859765
v 100.503494 20.893622 -73.364248
v 96.531746 20.893622 -73.364248
v 96.531746 15.520082 -71.728821
v 96.531746 19.024564 -69.859765
v 96.531746 17.389140 -75.233304
v 100.503494 17.389140 -75.233304
v 100.503494 19.024564 -69.859765
v 100.503494 15.520082 -71.728821
v 100.503494 20.893622 -73.364248
f 10493 10494 10495
f 10494 10493 10496
f 10497 10498 10499
f 10498 10497 10500
f 10501 10502 10503
f 10502 10501 10504
f 10505 10506 10507
f 10506 10505 10508
f 10509 10510 10511
f 10510 10509 10512
f 10513 10514 10515
f 10514 10513 10516
o Dust_II_Group_049
v 83.692185 30.829233 66.886707
v 84.423018 30.035515 66.661699
v 83.692185 30.035515 66.886707
v 84.423018 30.829233 66.661699
v 85.165151 30.829233 69.437966
v 84.423018 30.035515 69.662981
v 85.165151 30.035515 69.437966
v 84.423018 30.829233 69.662981
v 82.955698 30.829233 68.162336
v 83.123430 30.035515 68.912659
v 83.123430 30.829233 68.912659
v 82.955698 30.035515 68.162336
v 83.692185 30.035515 69.437966
v 83.692185 30.829233 69.437966
v 85.722612 30.035515 67.412014
v 85.901638 30.829233 68.162336
v 85.901638 30.035515 68.162336
v 85.722612 30.829233 67.412014
v 83.123430 30.829233 67.412014
v 83.462234 30.829233 68.162336
v 83.572192 30.829233 68.654216
v 83.945039 30.829233 68.998579
v 84.424131 30.829233 69.146082
v 84.910620 30.829233 68.998579
v 85.276062 30.829233 68.654216
v 85.722612 30.829233 68.912659
v 85.393425 30.829233 68.162336
v 83.572192 30.829233 67.670464
v 83.945039 30.829233 67.326094
v 84.424131 30.829233 67.178591
v 85.165151 30.829233 66.886707
v 84.910620 30.829233 67.326094
v 85.276062 30.829233 67.670464
v 85.165151 30.035515 66.886707
v 85.722612 30.035515 68.912659
v 83.123430 30.035515 67.412014
v 83.462234 30.035515 68.162336
v 83.572192 30.035515 67.670464
v 83.945039 30.035515 67.326094
v 84.424131 30.035515 67.178591
v 84.910620 30.035515 67.326094
v 85.276062 30.035515 67.670464
v 85.393425 30.035515 68.162336
v 83.572192 30.035515 68.654216
v 83.945039 30.035515 68.998579
v 84.424131 30.035515 69.146082
v 84.910620 30.035515 68.998579
v 85.276062 30.035515 68.654216
v 83.945039 30.829233 68.998579
v 84.424131 30.035515 69.146082
v 83.945039 30.035515 68.998579
v 84.424131 30.829233 69.146082
v 83.572192 30.035515 68.654216
v 83.462234 30.829233 68.162336
v 83.572192 30.829233 68.654216
v 83.462234 30.035515 68.162336
v 84.424131 30.829233 67.178591
v 83.945039 30.035515 67.326094
v 84.424131 30.035515 67.178591
v 83.945039 30.829233 67.326094
v 85.276062 30.829233 67.670464
v 84.910620 30.035515 67.326094
v 85.276062 30.035515 67.670464
v 84.910620 30.829233 67.326094
v 85.393425 30.829233 68.162336
v 85.276062 30.035515 68.654216
v 85.276062 30.829233 68.654216
v 85.393425 30.035515 68.162336
v 83.572192 30.035515 67.670464
v 83.572192 30.829233 67.670464
v 84.910620 30.829233 68.998579
v 84.910620 30.035515 68.998579
v 83.123430 30.829233 68.912659
v 82.955698 30.829233 68.162336
v 83.123430 30.829233 68.912659
v 83.692185 30.829233 69.437966
v 83.692185 30.829233 69.437966
v 83.692185 30.829233 69.437966
v 83.692185 30.829233 69.437966
v 83.692185 30.829233 69.437966
v 84.423018 30.829233 69.662981
v 84.423018 30.829233 69.662981
v 84.423018 30.829233 69.662981
v 85.165151 30.829233 69.437966
v 85.165151 30.829233 69.437966
v 85.165151 30.829233 69.437966
v 85.165151 30.829233 69.437966
v 83.692185 30.829233 66.886707
v 83.692185 30.829233 66.886707
v 83.692185 30.829233 66.886707
v 83.692185 30.829233 66.886707
v 84.423018 30.829233 66.661699
v 84.423018 30.829233 66.661699
v 84.423018 30.829233 66.661699
v 85.722612 30.829233 67.412014
v 85.722612 30.829233 67.412014
v 85.722612 30.829233 67.412014
v 85.722612 30.829233 67.412014
v 85.901638 30.829233 68.162336
v 85.165151 30.829233 66.886707
v 85.165151 30.829233 66.886707
v 85.165151 30.829233 66.886707
v 85.901638 30.035515 68.162336
v 85.722612 30.829233 68.912659
v 85.722612 30.829233 68.912659
v 85.901638 30.035515 68.162336
v 85.901638 30.829233 68.162336
v 83.123430 30.829233 67.412014
v 83.123430 30.829233 67.412014
v 85.722612 30.829233 68.912659
v 85.722612 30.829233 68.912659
v 83.123430 30.035515 67.412014
v 83.123430 30.035515 68.912659
v 82.955698 30.035515 68.162336
v 83.123430 30.035515 68.912659
v 83.123430 30.035515 67.412014
v 83.692185 30.035515 66.886707
v 83.123430 30.035515 68.912659
v 83.692185 30.035515 66.886707
v 83.692185 30.035515 66.886707
v 83.692185 30.035515 66.886707
v 83.692185 30.035515 66.886707
v 84.423018 30.035515 66.661699
v 84.423018 30.035515 66.661699
v 84.423018 30.035515 66.661699
v 85.165151 30.035515 66.886707
v 85.165151 30.035515 66.886707
v 85.165151 30.035515 66.886707
v 85.165151 30.035515 66.886707
v 85.722612 30.035515 67.412014
v 85.722612 30.035515 67.412014
v 83.692185 30.035515 69.437966
v 83.123430 30.035515 68.912659
v 83.692185 30.035515 69.437966
v 83.692185 30.035515 69.437966
v 83.692185 30.035515 69.437966
v 84.423018 30.035515 69.662981
v 84.423018 30.035515 69.662981
v 84.423018 30.035515 69.662981
v 85.165151 30.035515 69.437966
v 85.165151 30.035515 69.437966
v 85.165151 30.035515 69.437966
v 85.165151 30.035515 69.437966
v 85.722612 30.035515 68.912659
v 85.722612 30.035515 68.912659
v 85.722612 30.035515 68.912659
v 85.722612 30.035515 67.412014
v 85.722612 30.035515 68.912659
v 85.722612 30.035515 67.412014
v 85.901638 30.035515 68.162336
v 83.123430 30.829233 67.412014
v 83.123430 30.829233 67.412014
v 84.910620 30.829233 67.326094
v 84.424131 30.035515 67.178591
v 84.910620 30.035515 67.326094
v 84.424131 30.035515 67.178591
v 84.910620 30.829233 67.326094
v 84.424131 30.829233 67.178591
v 83.945039 30.829233 67.326094
v 83.945039 30.035515 67.326094
v 83.945039 30.829233 67.326094
v 83.572192 30.829233 68.654216
v 83.945039 30.035515 68.998579
v 83.572192 30.035515 68.654216
v 83.945039 30.035515 68.998579
v 83.572192 30.829233 68.654216
v 83.945039 30.829233 68.998579
v 85.276062 30.829233 67.670464
v 85.393425 30.035515 68.162336
v 85.393425 30.829233 68.162336
v 85.393425 30.035515 68.162336
v 85.276062 30.829233 67.670464
v 85.276062 30.035515 67.670464
v 83.572192 30.035515 67.670464
v 83.462234 30.829233 68.162336
v 83.462234 30.035515 68.162336
v 83.462234 30.829233 68.162336
v 83.572192 30.035515 67.670464
v 83.572192 30.829233 67.670464
v 85.276062 30.035515 68.654216
v 85.276062 30.035515 68.654216
v 85.276062 30.829233 68.654216
v 84.424131 30.829233 69.146082
v 84.910620 30.035515 68.998579
v 84.424131 30.035515 69.146082
v 84.910620 30.035515 68.998579
v 84.424131 30.829233 69.146082
v 84.910620 30.829233 68.998579
f 10517 10518 10519
f 10518 10517 10520
f 10521 10522 10523
f 10522 10521 10524
f 10525 10526 10527
f 10526 10525 10528
f 10524 10529 10522
f 10529 10524 10530
f 10531 10532 10533
f 10532 10531 10534
f 10530 10526 10529
f 10526 10530 10527
f 10589 10535 10590
f 10535 10591 10592
f 10535 10593 10536
f 10536 10594 10537
f 10537 10595 10538
f 10538 10596 10597
f 10538 10598 10539
f 10539 10599 10600
f 10539 10601 10540
f 10540 10602 10541
f 10541 10603 10542
f 10541 10542 10543
f 10536 10604 10535
f 10605 10536 10544
f 10606 10544 10545
f 10607 10545 10608
f 10609 10545 10546
f 10610 10546 10547
f 10547 10546 10548
f 10547 10548 10549
f 10547 10549 10611
f 10612 10549 10543
f 10613 10543 10542
f 10614 10542 10615
f 10616 10531 10550
f 10531 10617 10534
f 10520 10550 10518
f 10550 10520 10618
f 10619 10620 10551
f 10621 10622 10623
f 10624 10528 10525
f 10528 10625 10552
f 10626 10523 10551
f 10523 10627 10521
f 10628 10629 10630
f 10631 10632 10633
f 10634 10635 10553
f 10553 10636 10554
f 10554 10637 10555
f 10555 10638 10639
f 10555 10640 10556
f 10556 10641 10642
f 10556 10643 10557
f 10557 10644 10558
f 10558 10645 10646
f 10558 10647 10559
f 10553 10648 10649
f 10650 10553 10560
f 10651 10560 10561
f 10652 10561 10653
f 10654 10561 10562
f 10655 10562 10656
f 10657 10562 10563
f 10658 10563 10564
f 10659 10564 10660
f 10661 10564 10559
f 10662 10559 10663
f 10664 10665 10666
f 10667 10519 10552
f 10519 10668 10517
f 10565 10566 10567
f 10566 10565 10568
f 10569 10570 10571
f 10570 10569 10572
f 10573 10574 10575
f 10574 10573 10576
f 10577 10578 10579
f 10578 10577 10580
f 10669 10670 10671
f 10672 10673 10674
f 10581 10582 10583
f 10582 10581 10584
f 10675 10585 10676
f 10585 10677 10586
f 10678 10679 10680
f 10681 10682 10683
f 10684 10685 10686
f 10687 10688 10689
f 10690 10691 10692
f 10693 10694 10695
f 10587 10696 10588
f 10697 10587 10698
f 10699 10700 10701
f 10702 10703 10704
o Dust_II_Group_048
v 120.466252 22.837954 -41.828654
v 121.197085 22.044236 -42.053668
v 120.466252 22.044236 -41.828654
v 121.197085 22.837954 -42.053668
v 121.939219 22.837954 -39.277397
v 121.197085 22.044236 -39.052383
v 121.939219 22.044236 -39.277397
v 121.197085 22.837954 -39.052383
v 119.729766 22.837954 -40.553024
v 119.897498 22.044236 -39.802705
v 119.897498 22.837954 -39.802705
v 119.729766 22.044236 -40.553024
v 120.466252 22.044236 -39.277397
v 120.466252 22.837954 -39.277397
v 122.496680 22.044236 -41.303346
v 122.675706 22.837954 -40.553024
v 122.675706 22.044236 -40.553024
v 122.496680 22.837954 -41.303346
v 119.897498 22.837954 -41.303346
v 120.236301 22.837954 -40.553024
v 120.346260 22.837954 -40.061147
v 120.719106 22.837954 -39.716785
v 121.198198 22.837954 -39.569279
v 121.684687 22.837954 -39.716785
v 122.050129 22.837954 -40.061147
v 122.496680 22.837954 -39.802705
v 122.167493 22.837954 -40.553024
v 120.346260 22.837954 -41.044904
v 120.719106 22.837954 -41.389266
v 121.198198 22.837954 -41.536772
v 121.939219 22.837954 -41.828654
v 121.684687 22.837954 -41.389266
v 122.050129 22.837954 -41.044904
v 121.939219 22.044236 -41.828654
v 122.496680 22.044236 -39.802705
v 119.897498 22.044236 -41.303346
v 120.236301 22.044236 -40.553024
v 120.346260 22.044236 -41.044904
v 120.719106 22.044236 -41.389266
v 121.198198 22.044236 -41.536772
v 121.684687 22.044236 -41.389266
v 122.050129 22.044236 -41.044904
v 122.167493 22.044236 -40.553024
v 120.346260 22.044236 -40.061147
v 120.719106 22.044236 -39.716785
v 121.198198 22.044236 -39.569279
v 121.684687 22.044236 -39.716785
v 122.050129 22.044236 -40.061147
v 120.719106 22.837954 -39.716785
v 121.198198 22.044236 -39.569279
v 120.719106 22.044236 -39.716785
v 121.198198 22.837954 -39.569279
v 120.346260 22.044236 -40.061147
v 120.236301 22.837954 -40.553024
v 120.346260 22.837954 -40.061147
v 120.236301 22.044236 -40.553024
v 121.198198 22.837954 -41.536772
v 120.719106 22.044236 -41.389266
v 121.198198 22.044236 -41.536772
v 120.719106 22.837954 -41.389266
v 122.050129 22.837954 -41.044904
v 121.684687 22.044236 -41.389266
v 122.050129 22.044236 -41.044904
v 121.684687 22.837954 -41.389266
v 122.167493 22.837954 -40.553024
v 122.050129 22.044236 -40.061147
v 122.050129 22.837954 -40.061147
v 122.167493 22.044236 -40.553024
v 120.346260 22.044236 -41.044904
v 120.346260 22.837954 -41.044904
v 121.684687 22.837954 -39.716785
v 121.684687 22.044236 -39.716785
v 119.897498 22.837954 -39.802705
v 119.729766 22.837954 -40.553024
v 119.897498 22.837954 -39.802705
v 120.466252 22.837954 -39.277397
v 120.466252 22.837954 -39.277397
v 120.466252 22.837954 -39.277397
v 120.466252 22.837954 -39.277397
v 120.466252 22.837954 -39.277397
v 121.197085 22.837954 -39.052383
v 121.197085 22.837954 -39.052383
v 121.197085 22.837954 -39.052383
v 121.939219 22.837954 -39.277397
v 121.939219 22.837954 -39.277397
v 121.939219 22.837954 -39.277397
v 121.939219 22.837954 -39.277397
v 120.466252 22.837954 -41.828654
v 120.466252 22.837954 -41.828654
v 120.466252 22.837954 -41.828654
v 120.466252 22.837954 -41.828654
v 121.197085 22.837954 -42.053668
v 121.197085 22.837954 -42.053668
v 121.197085 22.837954 -42.053668
v 122.496680 22.837954 -41.303346
v 122.496680 22.837954 -41.303346
v 122.496680 22.837954 -41.303346
v 122.496680 22.837954 -41.303346
v 122.675706 22.837954 -40.553024
v 121.939219 22.837954 -41.828654
v 121.939219 22.837954 -41.828654
v 121.939219 22.837954 -41.828654
v 122.675706 22.044236 -40.553024
v 122.496680 22.837954 -39.802705
v 122.496680 22.837954 -39.802705
v 122.675706 22.044236 -40.553024
v 122.675706 22.837954 -40.553024
v 119.897498 22.837954 -41.303346
v 119.897498 22.837954 -41.303346
v 122.496680 22.837954 -39.802705
v 122.496680 22.837954 -39.802705
v 119.897498 22.044236 -41.303346
v 119.897498 22.044236 -39.802705
v 119.729766 22.044236 -40.553024
v 119.897498 22.044236 -39.802705
v 119.897498 22.044236 -41.303346
v 120.466252 22.044236 -41.828654
v 119.897498 22.044236 -39.802705
v 120.466252 22.044236 -41.828654
v 120.466252 22.044236 -41.828654
v 120.466252 22.044236 -41.828654
v 120.466252 22.044236 -41.828654
v 121.197085 22.044236 -42.053668
v 121.197085 22.044236 -42.053668
v 121.197085 22.044236 -42.053668
v 121.939219 22.044236 -41.828654
v 121.939219 22.044236 -41.828654
v 121.939219 22.044236 -41.828654
v 121.939219 22.044236 -41.828654
v 122.496680 22.044236 -41.303346
v 122.496680 22.044236 -41.303346
v 120.466252 22.044236 -39.277397
v 119.897498 22.044236 -39.802705
v 120.466252 22.044236 -39.277397
v 120.466252 22.044236 -39.277397
v 120.466252 22.044236 -39.277397
v 121.197085 22.044236 -39.052383
v 121.197085 22.044236 -39.052383
v 121.197085 22.044236 -39.052383
v 121.939219 22.044236 -39.277397
v 121.939219 22.044236 -39.277397
v 121.939219 22.044236 -39.277397
v 121.939219 22.044236 -39.277397
v 122.496680 22.044236 -39.802705
v 122.496680 22.044236 -39.802705
v 122.496680 22.044236 -39.802705
v 122.496680 22.044236 -41.303346
v 122.496680 22.044236 -39.802705
v 122.496680 22.044236 -41.303346
v 122.675706 22.044236 -40.553024
v 119.897498 22.837954 -41.303346
v 119.897498 22.837954 -41.303346
v 121.684687 22.837954 -41.389266
v 121.198198 22.044236 -41.536772
v 121.684687 22.044236 -41.389266
v 121.198198 22.044236 -41.536772
v 121.684687 22.837954 -41.389266
v 121.198198 22.837954 -41.536772
v 120.719106 22.837954 -41.389266
v 120.719106 22.044236 -41.389266
v 120.719106 22.837954 -41.389266
v 120.346260 22.837954 -40.061147
v 120.719106 22.044236 -39.716785
v 120.346260 22.044236 -40.061147
v 120.719106 22.044236 -39.716785
v 120.346260 22.837954 -40.061147
v 120.719106 22.837954 -39.716785
v 122.050129 22.837954 -41.044904
v 122.167493 22.044236 -40.553024
v 122.167493 22.837954 -40.553024
v 122.167493 22.044236 -40.553024
v 122.050129 22.837954 -41.044904
v 122.050129 22.044236 -41.044904
v 120.346260 22.044236 -41.044904
v 120.236301 22.837954 -40.553024
v 120.236301 22.044236 -40.553024
v 120.236301 22.837954 -40.553024
v 120.346260 22.044236 -41.044904
v 120.346260 22.837954 -41.044904
v 122.050129 22.044236 -40.061147
v 122.050129 22.044236 -40.061147
v 122.050129 22.837954 -40.061147
v 121.198198 22.837954 -39.569279
v 121.684687 22.044236 -39.716785
v 121.198198 22.044236 -39.569279
v 121.684687 22.044236 -39.716785
v 121.198198 22.837954 -39.569279
v 121.684687 22.837954 -39.716785
f 10705 10706 10707
f 10706 10705 10708
f 10709 10710 10711
f 10710 10709 10712
f 10713 10714 10715
f 10714 10713 10716
f 10712 10717 10710
f 10717 10712 10718
f 10719 10720 10721
f 10720 10719 10722
f 10718 10714 10717
f 10714 10718 10715
f 10777 10723 10778
f 10723 10779 10780
f 10723 10781 10724
f 10724 10782 10725
f 10725 10783 10726
f 10726 10784 10785
f 10726 10786 10727
f 10727 10787 10788
f 10727 10789 10728
f 10728 10790 10729
f 10729 10791 10730
f 10729 10730 10731
f 10724 10792 10723
f 10793 10724 10732
f 10794 10732 10733
f 10795 10733 10796
f 10797 10733 10734
f 10798 10734 10735
f 10735 10734 10736
f 10735 10736 10737
f 10735 10737 10799
f 10800 10737 10731
f 10801 10731 10730
f 10802 10730 10803
f 10804 10719 10738
f 10719 10805 10722
f 10708 10738 10706
f 10738 10708 10806
f 10807 10808 10739
f 10809 10810 10811
f 10812 10716 10713
f 10716 10813 10740
f 10814 10711 10739
f 10711 10815 10709
f 10816 10817 10818
f 10819 10820 10821
f 10822 10823 10741
f 10741 10824 10742
f 10742 10825 10743
f 10743 10826 10827
f 10743 10828 10744
f 10744 10829 10830
f 10744 10831 10745
f 10745 10832 10746
f 10746 10833 10834
f 10746 10835 10747
f 10741 10836 10837
f 10838 10741 10748
f 10839 10748 10749
f 10840 10749 10841
f 10842 10749 10750
f 10843 10750 10844
f 10845 10750 10751
f 10846 10751 10752
f 10847 10752 10848
f 10849 10752 10747
f 10850 10747 10851
f 10852 10853 10854
f 10855 10707 10740
f 10707 10856 10705
f 10753 10754 10755
f 10754 10753 10756
f 10757 10758 10759
f 10758 10757 10760
f 10761 10762 10763
f 10762 10761 10764
f 10765 10766 10767
f 10766 10765 10768
f 10857 10858 10859
f 10860 10861 10862
f 10769 10770 10771
f 10770 10769 10772
f 10863 10773 10864
f 10773 10865 10774
f 10866 10867 10868
f 10869 10870 10871
f 10872 10873 10874
f 10875 10876 10877
f 10878 10879 10880
f 10881 10882 10883
f 10775 10884 10776
f 10885 10775 10886
f 10887 10888 10889
f 10890 10891 10892
o Dust_II_Group_047
v 95.496160 20.949681 -105.814124
v 96.226992 20.155963 -106.039131
v 95.496160 20.155963 -105.814124
v 96.226992 20.949681 -106.039131
v 96.969126 20.949681 -103.262864
v 96.226992 20.155963 -103.037849
v 96.969126 20.155963 -103.262864
v 96.226992 20.949681 -103.037849
v 94.759673 20.949681 -104.538494
v 94.927405 20.155963 -103.788171
v 94.927405 20.949681 -103.788171
v 94.759673 20.155963 -104.538494
v 95.496160 20.155963 -103.262864
v 95.496160 20.949681 -103.262864
v 97.526587 20.155963 -105.288816
v 97.705613 20.949681 -104.538494
v 97.705613 20.155963 -104.538494
v 97.526587 20.949681 -105.288816
v 94.927405 20.949681 -105.288816
v 95.266208 20.949681 -104.538494
v 95.376167 20.949681 -104.046614
v 95.749014 20.949681 -103.702251
v 96.228105 20.949681 -103.554749
v 96.714595 20.949681 -103.702251
v 97.080037 20.949681 -104.046614
v 97.526587 20.949681 -103.788171
v 97.197400 20.949681 -104.538494
v 95.376167 20.949681 -105.030366
v 95.749014 20.949681 -105.374736
v 96.228105 20.949681 -105.522239
v 96.969126 20.949681 -105.814124
v 96.714595 20.949681 -105.374736
v 97.080037 20.949681 -105.030366
v 96.969126 20.155963 -105.814124
v 97.526587 20.155963 -103.788171
v 94.927405 20.155963 -105.288816
v 95.266208 20.155963 -104.538494
v 95.376167 20.155963 -105.030366
v 95.749014 20.155963 -105.374736
v 96.228105 20.155963 -105.522239
v 96.714595 20.155963 -105.374736
v 97.080037 20.155963 -105.030366
v 97.197400 20.155963 -104.538494
v 95.376167 20.155963 -104.046614
v 95.749014 20.155963 -103.702251
v 96.228105 20.155963 -103.554749
v 96.714595 20.155963 -103.702251
v 97.080037 20.155963 -104.046614
v 95.749014 20.949681 -103.702251
v 96.228105 20.155963 -103.554749
v 95.749014 20.155963 -103.702251
v 96.228105 20.949681 -103.554749
v 95.376167 20.155963 -104.046614
v 95.266208 20.949681 -104.538494
v 95.376167 20.949681 -104.046614
v 95.266208 20.155963 -104.538494
v 96.228105 20.949681 -105.522239
v 95.749014 20.155963 -105.374736
v 96.228105 20.155963 -105.522239
v 95.749014 20.949681 -105.374736
v 97.080037 20.949681 -105.030366
v 96.714595 20.155963 -105.374736
v 97.080037 20.155963 -105.030366
v 96.714595 20.949681 -105.374736
v 97.197400 20.949681 -104.538494
v 97.080037 20.155963 -104.046614
v 97.080037 20.949681 -104.046614
v 97.197400 20.155963 -104.538494
v 95.376167 20.155963 -105.030366
v 95.376167 20.949681 -105.030366
v 96.714595 20.949681 -103.702251
v 96.714595 20.155963 -103.702251
v 94.927405 20.949681 -103.788171
v 94.759673 20.949681 -104.538494
v 94.927405 20.949681 -103.788171
v 95.496160 20.949681 -103.262864
v 95.496160 20.949681 -103.262864
v 95.496160 20.949681 -103.262864
v 95.496160 20.949681 -103.262864
v 95.496160 20.949681 -103.262864
v 96.226992 20.949681 -103.037849
v 96.226992 20.949681 -103.037849
v 96.226992 20.949681 -103.037849
v 96.969126 20.949681 -103.262864
v 96.969126 20.949681 -103.262864
v 96.969126 20.949681 -103.262864
v 96.969126 20.949681 -103.262864
v 95.496160 20.949681 -105.814124
v 95.496160 20.949681 -105.814124
v 95.496160 20.949681 -105.814124
v 95.496160 20.949681 -105.814124
v 96.226992 20.949681 -106.039131
v 96.226992 20.949681 -106.039131
v 96.226992 20.949681 -106.039131
v 97.526587 20.949681 -105.288816
v 97.526587 20.949681 -105.288816
v 97.526587 20.949681 -105.288816
v 97.526587 20.949681 -105.288816
v 97.705613 20.949681 -104.538494
v 96.969126 20.949681 -105.814124
v 96.969126 20.949681 -105.814124
v 96.969126 20.949681 -105.814124
v 97.705613 20.155963 -104.538494
v 97.526587 20.949681 -103.788171
v 97.526587 20.949681 -103.788171
v 97.705613 20.155963 -104.538494
v 97.705613 20.949681 -104.538494
v 94.927405 20.949681 -105.288816
v 94.927405 20.949681 -105.288816
v 97.526587 20.949681 -103.788171
v 97.526587 20.949681 -103.788171
v 94.927405 20.155963 -105.288816
v 94.927405 20.155963 -103.788171
v 94.759673 20.155963 -104.538494
v 94.927405 20.155963 -103.788171
v 94.927405 20.155963 -105.288816
v 95.496160 20.155963 -105.814124
v 94.927405 20.155963 -103.788171
v 95.496160 20.155963 -105.814124
v 95.496160 20.155963 -105.814124
v 95.496160 20.155963 -105.814124
v 95.496160 20.155963 -105.814124
v 96.226992 20.155963 -106.039131
v 96.226992 20.155963 -106.039131
v 96.226992 20.155963 -106.039131
v 96.969126 20.155963 -105.814124
v 96.969126 20.155963 -105.814124
v 96.969126 20.155963 -105.814124
v 96.969126 20.155963 -105.814124
v 97.526587 20.155963 -105.288816
v 97.526587 20.155963 -105.288816
v 95.496160 20.155963 -103.262864
v 94.927405 20.155963 -103.788171
v 95.496160 20.155963 -103.262864
v 95.496160 20.155963 -103.262864
v 95.496160 20.155963 -103.262864
v 96.226992 20.155963 -103.037849
v 96.226992 20.155963 -103.037849
v 96.226992 20.155963 -103.037849
v 96.969126 20.155963 -103.262864
v 96.969126 20.155963 -103.262864
v 96.969126 20.155963 -103.262864
v 96.969126 20.155963 -103.262864
v 97.526587 20.155963 -103.788171
v 97.526587 20.155963 -103.788171
v 97.526587 20.155963 -103.788171
v 97.526587 20.155963 -105.288816
v 97.526587 20.155963 -103.788171
v 97.526587 20.155963 -105.288816
v 97.705613 20.155963 -104.538494
v 94.927405 20.949681 -105.288816
v 94.927405 20.949681 -105.288816
v 96.714595 20.949681 -105.374736
v 96.228105 20.155963 -105.522239
v 96.714595 20.155963 -105.374736
v 96.228105 20.155963 -105.522239
v 96.714595 20.949681 -105.374736
v 96.228105 20.949681 -105.522239
v 95.749014 20.949681 -105.374736
v 95.749014 20.155963 -105.374736
v 95.749014 20.949681 -105.374736
v 95.376167 20.949681 -104.046614
v 95.749014 20.155963 -103.702251
v 95.376167 20.155963 -104.046614
v 95.749014 20.155963 -103.702251
v 95.376167 20.949681 -104.046614
v 95.749014 20.949681 -103.702251
v 97.080037 20.949681 -105.030366
v 97.197400 20.155963 -104.538494
v 97.197400 20.949681 -104.538494
v 97.197400 20.155963 -104.538494
v 97.080037 20.949681 -105.030366
v 97.080037 20.155963 -105.030366
v 95.376167 20.155963 -105.030366
v 95.266208 20.949681 -104.538494
v 95.266208 20.155963 -104.538494
v 95.266208 20.949681 -104.538494
v 95.376167 20.155963 -105.030366
v 95.376167 20.949681 -105.030366
v 97.080037 20.155963 -104.046614
v 97.080037 20.155963 -104.046614
v 97.080037 20.949681 -104.046614
v 96.228105 20.949681 -103.554749
v 96.714595 20.155963 -103.702251
v 96.228105 20.155963 -103.554749
v 96.714595 20.155963 -103.702251
v 96.228105 20.949681 -103.554749
v 96.714595 20.949681 -103.702251
f 10893 10894 10895
f 10894 10893 10896
f 10897 10898 10899
f 10898 10897 10900
f 10901 10902 10903
f 10902 10901 10904
f 10900 10905 10898
f 10905 10900 10906
f 10907 10908 10909
f 10908 10907 10910
f 10906 10902 10905
f 10902 10906 10903
f 10965 10911 10966
f 10911 10967 10968
f 10911 10969 10912
f 10912 10970 10913
f 10913 10971 10914
f 10914 10972 10973
f 10914 10974 10915
f 10915 10975 10976
f 10915 10977 10916
f 10916 10978 10917
f 10917 10979 10918
f 10917 10918 10919
f 10912 10980 10911
f 10981 10912 10920
f 10982 10920 10921
f 10983 10921 10984
f 10985 10921 10922
f 10986 10922 10923
f 10923 10922 10924
f 10923 10924 10925
f 10923 10925 10987
f 10988 10925 10919
f 10989 10919 10918
f 10990 10918 10991
f 10992 10907 10926
f 10907 10993 10910
f 10896 10926 10894
f 10926 10896 10994
f 10995 10996 10927
f 10997 10998 10999
f 11000 10904 10901
f 10904 11001 10928
f 11002 10899 10927
f 10899 11003 10897
f 11004 11005 11006
f 11007 11008 11009
f 11010 11011 10929
f 10929 11012 10930
f 10930 11013 10931
f 10931 11014 11015
f 10931 11016 10932
f 10932 11017 11018
f 10932 11019 10933
f 10933 11020 10934
f 10934 11021 11022
f 10934 11023 10935
f 10929 11024 11025
f 11026 10929 10936
f 11027 10936 10937
f 11028 10937 11029
f 11030 10937 10938
f 11031 10938 11032
f 11033 10938 10939
f 11034 10939 10940
f 11035 10940 11036
f 11037 10940 10935
f 11038 10935 11039
f 11040 11041 11042
f 11043 10895 10928
f 10895 11044 10893
f 10941 10942 10943
f 10942 10941 10944
f 10945 10946 10947
f 10946 10945 10948
f 10949 10950 10951
f 10950 10949 10952
f 10953 10954 10955
f 10954 10953 10956
f 11045 11046 11047
f 11048 11049 11050
f 10957 10958 10959
f 10958 10957 10960
f 11051 10961 11052
f 10961 11053 10962
f 11054 11055 11056
f 11057 11058 11059
f 11060 11061 11062
f 11063 11064 11065
f 11066 11067 11068
f 11069 11070 11071
f 10963 11072 10964
f 11073 10963 11074
f 11075 11076 11077
f 11078 11079 11080
o Dust_II_Group_046
v 7.190759 13.867181 -3.881731
v 8.260949 14.004325 -4.106744
v 7.838257 13.408122 -3.881731
v 7.613451 14.463383 -4.106744
v 8.042674 15.068797 -1.330474
v 8.260949 14.004325 -1.105460
v 8.690171 14.609738 -1.330474
v 7.613451 14.463383 -1.105460
v 6.764802 13.266374 -2.606103
v 7.509308 12.944144 -1.855781
v 6.861811 13.403202 -1.855781
v 7.412300 12.807315 -2.606103
v 7.838257 13.408122 -1.330474
v 7.190759 13.867181 -1.330474
v 9.012588 15.064505 -3.356424
v 8.468632 15.669605 -2.606103
v 9.116128 15.210546 -2.606103
v 8.365091 15.523564 -3.356424
v 6.861811 13.403202 -3.356424
v 7.057766 13.679596 -2.606103
v 7.121361 13.769296 -2.114225
v 7.337002 14.073455 -1.769861
v 7.614092 14.464287 -1.622357
v 7.895462 14.861156 -1.769861
v 8.106822 15.159277 -2.114224
v 8.365091 15.523564 -1.855781
v 8.174698 15.255015 -2.606103
v 7.121361 13.769296 -3.097981
v 7.337002 14.073455 -3.442344
v 7.614092 14.464287 -3.589849
v 8.042674 15.068797 -3.881731
v 7.895462 14.861156 -3.442344
v 8.106822 15.159277 -3.097981
v 8.690171 14.609738 -3.881731
v 9.012588 15.064505 -1.855781
v 7.509308 12.944144 -3.356424
v 7.705264 13.220537 -2.606103
v 7.768859 13.310237 -3.097981
v 7.984500 13.614397 -3.442344
v 8.261589 14.005227 -3.589849
v 8.542960 14.402098 -3.442344
v 8.754319 14.700219 -3.097981
v 8.822195 14.795957 -2.606103
v 7.768859 13.310237 -2.114225
v 7.984500 13.614397 -1.769861
v 8.261589 14.005227 -1.622357
v 8.542960 14.402098 -1.769861
v 8.754319 14.700219 -2.114224
v 7.337002 14.073455 -1.769861
v 8.261589 14.005227 -1.622357
v 7.984500 13.614397 -1.769861
v 7.614092 14.464287 -1.622357
v 7.768859 13.310237 -2.114225
v 7.057766 13.679596 -2.606103
v 7.121361 13.769296 -2.114225
v 7.705264 13.220537 -2.606103
v 7.614092 14.464287 -3.589849
v 7.984500 13.614397 -3.442344
v 8.261589 14.005227 -3.589849
v 7.337002 14.073455 -3.442344
v 8.106822 15.159277 -3.097981
v 8.542960 14.402098 -3.442344
v 8.754319 14.700219 -3.097981
v 7.895462 14.861156 -3.442344
v 8.174698 15.255015 -2.606103
v 8.754319 14.700219 -2.114224
v 8.106822 15.159277 -2.114224
v 8.822195 14.795957 -2.606103
v 7.768859 13.310237 -3.097981
v 7.121361 13.769296 -3.097981
v 7.895462 14.861156 -1.769861
v 8.542960 14.402098 -1.769861
v 6.861811 13.403202 -1.855781
v 6.764802 13.266374 -2.606103
v 6.861811 13.403202 -1.855781
v 7.190759 13.867181 -1.330474
v 7.190759 13.867181 -1.330474
v 7.190759 13.867181 -1.330474
v 7.190759 13.867181 -1.330474
v 7.190759 13.867181 -1.330474
v 7.613451 14.463383 -1.105460
v 7.613451 14.463383 -1.105460
v 7.613451 14.463383 -1.105460
v 8.042674 15.068797 -1.330474
v 8.042674 15.068797 -1.330474
v 8.042674 15.068797 -1.330474
v 8.042674 15.068797 -1.330474
v 7.190759 13.867181 -3.881731
v 7.190759 13.867181 -3.881731
v 7.190759 13.867181 -3.881731
v 7.190759 13.867181 -3.881731
v 7.613451 14.463383 -4.106744
v 7.613451 14.463383 -4.106744
v 7.613451 14.463383 -4.106744
v 8.365091 15.523564 -3.356424
v 8.365091 15.523564 -3.356424
v 8.365091 15.523564 -3.356424
v 8.365091 15.523564 -3.356424
v 8.468632 15.669605 -2.606103
v 8.042674 15.068797 -3.881731
v 8.042674 15.068797 -3.881731
v 8.042674 15.068797 -3.881731
v 9.116128 15.210546 -2.606103
v 8.365091 15.523564 -1.855781
v 8.365091 15.523564 -1.855781
v 9.116128 15.210546 -2.606103
v 8.468632 15.669605 -2.606103
v 6.861811 13.403202 -3.356424
v 6.861811 13.403202 -3.356424
v 8.365091 15.523564 -1.855781
v 8.365091 15.523564 -1.855781
v 7.509308 12.944144 -3.356424
v 7.509308 12.944144 -1.855781
v 7.412300 12.807315 -2.606103
v 7.509308 12.944144 -1.855781
v 7.509308 12.944144 -3.356424
v 7.838257 13.408122 -3.881731
v 7.509308 12.944144 -1.855781
v 7.838257 13.408122 -3.881731
v 7.838257 13.408122 -3.881731
v 7.838257 13.408122 -3.881731
v 7.838257 13.408122 -3.881731
v 8.260949 14.004325 -4.106744
v 8.260949 14.004325 -4.106744
v 8.260949 14.004325 -4.106744
v 8.690171 14.609738 -3.881731
v 8.690171 14.609738 -3.881731
v 8.690171 14.609738 -3.881731
v 8.690171 14.609738 -3.881731
v 9.012588 15.064505 -3.356424
v 9.012588 15.064505 -3.356424
v 7.838257 13.408122 -1.330474
v 7.509308 12.944144 -1.855781
v 7.838257 13.408122 -1.330474
v 7.838257 13.408122 -1.330474
v 7.838257 13.408122 -1.330474
v 8.260949 14.004325 -1.105460
v 8.260949 14.004325 -1.105460
v 8.260949 14.004325 -1.105460
v 8.690171 14.609738 -1.330474
v 8.690171 14.609738 -1.330474
v 8.690171 14.609738 -1.330474
v 8.690171 14.609738 -1.330474
v 9.012588 15.064505 -1.855781
v 9.012588 15.064505 -1.855781
v 9.012588 15.064505 -1.855781
v 9.012588 15.064505 -3.356424
v 9.012588 15.064505 -1.855781
v 9.012588 15.064505 -3.356424
v 9.116128 15.210546 -2.606103
v 6.861811 13.403202 -3.356424
v 6.861811 13.403202 -3.356424
v 7.895462 14.861156 -3.442344
v 8.261589 14.005227 -3.589849
v 8.542960 14.402098 -3.442344
v 8.261589 14.005227 -3.589849
v 7.895462 14.861156 -3.442344
v 7.614092 14.464287 -3.589849
v 7.337002 14.073455 -3.442344
v 7.984500 13.614397 -3.442344
v 7.337002 14.073455 -3.442344
v 7.121361 13.769296 -2.114225
v 7.984500 13.614397 -1.769861
v 7.768859 13.310237 -2.114225
v 7.984500 13.614397 -1.769861
v 7.121361 13.769296 -2.114225
v 7.337002 14.073455 -1.769861
v 8.106822 15.159277 -3.097981
v 8.822195 14.795957 -2.606103
v 8.174698 15.255015 -2.606103
v 8.822195 14.795957 -2.606103
v 8.106822 15.159277 -3.097981
v 8.754319 14.700219 -3.097981
v 7.768859 13.310237 -3.097981
v 7.057766 13.679596 -2.606103
v 7.705264 13.220537 -2.606103
v 7.057766 13.679596 -2.606103
v 7.768859 13.310237 -3.097981
v 7.121361 13.769296 -3.097981
v 8.754319 14.700219 -2.114224
v 8.754319 14.700219 -2.114224
v 8.106822 15.159277 -2.114224
v 7.614092 14.464287 -1.622357
v 8.542960 14.402098 -1.769861
v 8.261589 14.005227 -1.622357
v 8.542960 14.402098 -1.769861
v 7.614092 14.464287 -1.622357
v 7.895462 14.861156 -1.769861
f 11081 11082 11083
f 11082 11081 11084
f 11085 11086 11087
f 11086 11085 11088
f 11089 11090 11091
f 11090 11089 11092
f 11088 11093 11086
f 11093 11088 11094
f 11095 11096 11097
f 11096 11095 11098
f 11094 11090 11093
f 11090 11094 11091
f 11153 11099 11154
f 11099 11155 11156
f 11099 11157 11100
f 11100 11158 11101
f 11101 11159 11102
f 11102 11160 11161
f 11102 11162 11103
f 11103 11163 11164
f 11103 11165 11104
f 11104 11166 11105
f 11105 11167 11106
f 11105 11106 11107
f 11100 11168 11099
f 11169 11100 11108
f 11170 11108 11109
f 11171 11109 11172
f 11173 11109 11110
f 11174 11110 11111
f 11111 11110 11112
f 11111 11112 11113
f 11111 11113 11175
f 11176 11113 11107
f 11177 11107 11106
f 11178 11106 11179
f 11180 11095 11114
f 11095 11181 11098
f 11084 11114 11082
f 11114 11084 11182
f 11183 11184 11115
f 11185 11186 11187
f 11188 11092 11089
f 11092 11189 11116
f 11190 11087 11115
f 11087 11191 11085
f 11192 11193 11194
f 11195 11196 11197
f 11198 11199 11117
f 11117 11200 11118
f 11118 11201 11119
f 11119 11202 11203
f 11119 11204 11120
f 11120 11205 11206
f 11120 11207 11121
f 11121 11208 11122
f 11122 11209 11210
f 11122 11211 11123
f 11117 11212 11213
f 11214 11117 11124
f 11215 11124 11125
f 11216 11125 11217
f 11218 11125 11126
f 11219 11126 11220
f 11221 11126 11127
f 11222 11127 11128
f 11223 11128 11224
f 11225 11128 11123
f 11226 11123 11227
f 11228 11229 11230
f 11231 11083 11116
f 11083 11232 11081
f 11129 11130 11131
f 11130 11129 11132
f 11133 11134 11135
f 11134 11133 11136
f 11137 11138 11139
f 11138 11137 11140
f 11141 11142 11143
f 11142 11141 11144
f 11233 11234 11235
f 11236 11237 11238
f 11145 11146 11147
f 11146 11145 11148
f 11239 11149 11240
f 11149 11241 11150
f 11242 11243 11244
f 11245 11246 11247
f 11248 11249 11250
f 11251 11252 11253
f 11254 11255 11256
f 11257 11258 11259
f 11151 11260 11152
f 11261 11151 11262
f 11263 11264 11265
f 11266 11267 11268
o Dust_II_Group_045
v 34.936307 13.046039 118.313313
v 35.667147 12.252321 118.088306
v 34.936307 12.252321 118.313313
v 35.667147 13.046039 118.088306
v 36.409277 13.046039 120.864573
v 35.667147 12.252321 121.089587
v 36.409277 12.252321 120.864573
v 35.667147 13.046039 121.089587
v 34.199824 13.046039 119.588943
v 34.367552 12.252321 120.339265
v 34.367552 13.046039 120.339265
v 34.199824 12.252321 119.588943
v 34.936307 12.252321 120.864573
v 34.936307 13.046039 120.864573
v 36.966742 12.252321 118.838621
v 37.145764 13.046039 119.588943
v 37.145764 12.252321 119.588943
v 36.966742 13.046039 118.838621
v 34.367552 13.046039 118.838621
v 34.706364 13.046039 119.588943
v 34.816318 13.046039 120.080823
v 35.189165 13.046039 120.425186
v 35.668253 13.046039 120.572688
v 36.154746 13.046039 120.425186
v 36.520192 13.046039 120.080823
v 36.966742 13.046039 120.339265
v 36.637548 13.046039 119.588943
v 34.816318 13.046039 119.097070
v 35.189165 13.046039 118.752700
v 35.668253 13.046039 118.605198
v 36.409277 13.046039 118.313313
v 36.154746 13.046039 118.752700
v 36.520192 13.046039 119.097070
v 36.409277 12.252321 118.313313
v 36.966742 12.252321 120.339265
v 34.367552 12.252321 118.838621
v 34.706364 12.252321 119.588943
v 34.816318 12.252321 119.097070
v 35.189165 12.252321 118.752700
v 35.668253 12.252321 118.605198
v 36.154746 12.252321 118.752700
v 36.520192 12.252321 119.097070
v 36.637548 12.252321 119.588943
v 34.816318 12.252321 120.080823
v 35.189165 12.252321 120.425186
v 35.668253 12.252321 120.572688
v 36.154746 12.252321 120.425186
v 36.520192 12.252321 120.080823
v 35.189165 13.046039 120.425186
v 35.668253 12.252321 120.572688
v 35.189165 12.252321 120.425186
v 35.668253 13.046039 120.572688
v 34.816318 12.252321 120.080823
v 34.706364 13.046039 119.588943
v 34.816318 13.046039 120.080823
v 34.706364 12.252321 119.588943
v 35.668253 13.046039 118.605198
v 35.189165 12.252321 118.752700
v 35.668253 12.252321 118.605198
v 35.189165 13.046039 118.752700
v 36.520192 13.046039 119.097070
v 36.154746 12.252321 118.752700
v 36.520192 12.252321 119.097070
v 36.154746 13.046039 118.752700
v 36.637548 13.046039 119.588943
v 36.520192 12.252321 120.080823
v 36.520192 13.046039 120.080823
v 36.637548 12.252321 119.588943
v 34.816318 12.252321 119.097070
v 34.816318 13.046039 119.097070
v 36.154746 13.046039 120.425186
v 36.154746 12.252321 120.425186
v 34.367552 13.046039 120.339265
v 34.199824 13.046039 119.588943
v 34.367552 13.046039 120.339265
v 34.936307 13.046039 120.864573
v 34.936307 13.046039 120.864573
v 34.936307 13.046039 120.864573
v 34.936307 13.046039 120.864573
v 34.936307 13.046039 120.864573
v 35.667147 13.046039 121.089587
v 35.667147 13.046039 121.089587
v 35.667147 13.046039 121.089587
v 36.409277 13.046039 120.864573
v 36.409277 13.046039 120.864573
v 36.409277 13.046039 120.864573
v 36.409277 13.046039 120.864573
v 34.936307 13.046039 118.313313
v 34.936307 13.046039 118.313313
v 34.936307 13.046039 118.313313
v 34.936307 13.046039 118.313313
v 35.667147 13.046039 118.088306
v 35.667147 13.046039 118.088306
v 35.667147 13.046039 118.088306
v 36.966742 13.046039 118.838621
v 36.966742 13.046039 118.838621
v 36.966742 13.046039 118.838621
v 36.966742 13.046039 118.838621
v 37.145764 13.046039 119.588943
v 36.409277 13.046039 118.313313
v 36.409277 13.046039 118.313313
v 36.409277 13.046039 118.313313
v 37.145764 12.252321 119.588943
v 36.966742 13.046039 120.339265
v 36.966742 13.046039 120.339265
v 37.145764 12.252321 119.588943
v 37.145764 13.046039 119.588943
v 34.367552 13.046039 118.838621
v 34.367552 13.046039 118.838621
v 36.966742 13.046039 120.339265
v 36.966742 13.046039 120.339265
v 34.367552 12.252321 118.838621
v 34.367552 12.252321 120.339265
v 34.199824 12.252321 119.588943
v 34.367552 12.252321 120.339265
v 34.367552 12.252321 118.838621
v 34.936307 12.252321 118.313313
v 34.367552 12.252321 120.339265
v 34.936307 12.252321 118.313313
v 34.936307 12.252321 118.313313
v 34.936307 12.252321 118.313313
v 34.936307 12.252321 118.313313
v 35.667147 12.252321 118.088306
v 35.667147 12.252321 118.088306
v 35.667147 12.252321 118.088306
v 36.409277 12.252321 118.313313
v 36.409277 12.252321 118.313313
v 36.409277 12.252321 118.313313
v 36.409277 12.252321 118.313313
v 36.966742 12.252321 118.838621
v 36.966742 12.252321 118.838621
v 34.936307 12.252321 120.864573
v 34.367552 12.252321 120.339265
v 34.936307 12.252321 120.864573
v 34.936307 12.252321 120.864573
v 34.936307 12.252321 120.864573
v 35.667147 12.252321 121.089587
v 35.667147 12.252321 121.089587
v 35.667147 12.252321 121.089587
v 36.409277 12.252321 120.864573
v 36.409277 12.252321 120.864573
v 36.409277 12.252321 120.864573
v 36.409277 12.252321 120.864573
v 36.966742 12.252321 120.339265
v 36.966742 12.252321 120.339265
v 36.966742 12.252321 120.339265
v 36.966742 12.252321 118.838621
v 36.966742 12.252321 120.339265
v 36.966742 12.252321 118.838621
v 37.145764 12.252321 119.588943
v 34.367552 13.046039 118.838621
v 34.367552 13.046039 118.838621
v 36.154746 13.046039 118.752700
v 35.668253 12.252321 118.605198
v 36.154746 12.252321 118.752700
v 35.668253 12.252321 118.605198
v 36.154746 13.046039 118.752700
v 35.668253 13.046039 118.605198
v 35.189165 13.046039 118.752700
v 35.189165 12.252321 118.752700
v 35.189165 13.046039 118.752700
v 34.816318 13.046039 120.080823
v 35.189165 12.252321 120.425186
v 34.816318 12.252321 120.080823
v 35.189165 12.252321 120.425186
v 34.816318 13.046039 120.080823
v 35.189165 13.046039 120.425186
v 36.520192 13.046039 119.097070
v 36.637548 12.252321 119.588943
v 36.637548 13.046039 119.588943
v 36.637548 12.252321 119.588943
v 36.520192 13.046039 119.097070
v 36.520192 12.252321 119.097070
v 34.816318 12.252321 119.097070
v 34.706364 13.046039 119.588943
v 34.706364 12.252321 119.588943
v 34.706364 13.046039 119.588943
v 34.816318 12.252321 119.097070
v 34.816318 13.046039 119.097070
v 36.520192 12.252321 120.080823
v 36.520192 12.252321 120.080823
v 36.520192 13.046039 120.080823
v 35.668253 13.046039 120.572688
v 36.154746 12.252321 120.425186
v 35.668253 12.252321 120.572688
v 36.154746 12.252321 120.425186
v 35.668253 13.046039 120.572688
v 36.154746 13.046039 120.425186
f 11269 11270 11271
f 11270 11269 11272
f 11273 11274 11275
f 11274 11273 11276
f 11277 11278 11279
f 11278 11277 11280
f 11276 11281 11274
f 11281 11276 11282
f 11283 11284 11285
f 11284 11283 11286
f 11282 11278 11281
f 11278 11282 11279
f 11341 11287 11342
f 11287 11343 11344
f 11287 11345 11288
f 11288 11346 11289
f 11289 11347 11290
f 11290 11348 11349
f 11290 11350 11291
f 11291 11351 11352
f 11291 11353 11292
f 11292 11354 11293
f 11293 11355 11294
f 11293 11294 11295
f 11288 11356 11287
f 11357 11288 11296
f 11358 11296 11297
f 11359 11297 11360
f 11361 11297 11298
f 11362 11298 11299
f 11299 11298 11300
f 11299 11300 11301
f 11299 11301 11363
f 11364 11301 11295
f 11365 11295 11294
f 11366 11294 11367
f 11368 11283 11302
f 11283 11369 11286
f 11272 11302 11270
f 11302 11272 11370
f 11371 11372 11303
f 11373 11374 11375
f 11376 11280 11277
f 11280 11377 11304
f 11378 11275 11303
f 11275 11379 11273
f 11380 11381 11382
f 11383 11384 11385
f 11386 11387 11305
f 11305 11388 11306
f 11306 11389 11307
f 11307 11390 11391
f 11307 11392 11308
f 11308 11393 11394
f 11308 11395 11309
f 11309 11396 11310
f 11310 11397 11398
f 11310 11399 11311
f 11305 11400 11401
f 11402 11305 11312
f 11403 11312 11313
f 11404 11313 11405
f 11406 11313 11314
f 11407 11314 11408
f 11409 11314 11315
f 11410 11315 11316
f 11411 11316 11412
f 11413 11316 11311
f 11414 11311 11415
f 11416 11417 11418
f 11419 11271 11304
f 11271 11420 11269
f 11317 11318 11319
f 11318 11317 11320
f 11321 11322 11323
f 11322 11321 11324
f 11325 11326 11327
f 11326 11325 11328
f 11329 11330 11331
f 11330 11329 11332
f 11421 11422 11423
f 11424 11425 11426
f 11333 11334 11335
f 11334 11333 11336
f 11427 11337 11428
f 11337 11429 11338
f 11430 11431 11432
f 11433 11434 11435
f 11436 11437 11438
f 11439 11440 11441
f 11442 11443 11444
f 11445 11446 11447
f 11339 11448 11340
f 11449 11339 11450
f 11451 11452 11453
f 11454 11455 11456
o Dust_II_Group_044
v 57.857976 22.162650 58.171101
v 60.503440 15.807283 62.040091
v 57.857976 15.807283 58.171101
v 60.503440 18.759941 62.040091
v 60.505683 19.549410 62.043372
v 58.214432 22.161351 58.692419
v 60.505683 22.161351 62.043372
v 60.269764 18.759941 62.207633
v 57.624294 15.807283 58.338640
v 60.269764 15.807283 62.207633
v 57.624294 22.162650 58.338640
v 60.272003 19.549410 62.210908
v 57.980750 22.161351 58.859958
v 60.272003 22.161351 62.210908
v 60.505683 19.549410 62.043372
v 60.272003 22.161351 62.210908
v 60.272003 19.549410 62.210908
v 60.272003 22.161351 62.210908
v 60.505683 19.549410 62.043372
v 60.505683 22.161351 62.043372
v 60.503440 15.807283 62.040091
v 57.624294 15.807283 58.338640
v 57.857976 15.807283 58.171101
v 57.624294 15.807283 58.338640
v 60.503440 15.807283 62.040091
v 60.269764 15.807283 62.207633
v 60.503440 18.759941 62.040091
v 60.272003 19.549410 62.210908
v 60.269764 18.759941 62.207633
v 60.272003 19.549410 62.210908
v 60.503440 18.759941 62.040091
v 60.505683 19.549410 62.043372
v 60.503440 15.807283 62.040091
v 60.269764 18.759941 62.207633
v 60.269764 15.807283 62.207633
v 60.269764 18.759941 62.207633
v 60.503440 15.807283 62.040091
v 60.503440 18.759941 62.040091
v 57.857976 22.162650 58.171101
v 57.624294 15.807283 58.338640
v 57.624294 22.162650 58.338640
v 57.624294 15.807283 58.338640
v 57.857976 22.162650 58.171101
v 57.857976 15.807283 58.171101
f 11457 11458 11459
f 11458 11457 11460
f 11460 11457 11461
f 11461 11457 11462
f 11463 11461 11462
f 11464 11465 11466
f 11465 11464 11467
f 11467 11464 11468
f 11467 11468 11469
f 11469 11468 11470
f 11471 11472 11473
f 11474 11475 11476
f 11477 11478 11479
f 11480 11481 11482
f 11483 11484 11485
f 11486 11487 11488
f 11489 11490 11491
f 11492 11493 11494
f 11495 11496 11497
f 11498 11499 11500
o Dust_II_Group_043
v 112.339028 5.957618 63.865001
v 116.310776 1.985873 63.865001
v 112.339028 1.985873 63.865001
v 116.310776 5.957618 63.865001
v 116.310776 5.957618 67.836746
v 112.339028 1.985873 67.836746
v 116.310776 1.985873 67.836746
v 112.339028 5.957618 67.836746
v 116.310776 1.985873 63.865001
v 112.339028 1.985873 67.836746
v 112.339028 1.985873 63.865001
v 116.310776 1.985873 67.836746
v 116.310776 5.957618 67.836746
v 112.339028 5.957618 63.865001
v 112.339028 5.957618 67.836746
v 116.310776 5.957618 63.865001
v 112.339028 5.957618 63.865001
v 112.339028 1.985873 67.836746
v 112.339028 5.957618 67.836746
v 112.339028 1.985873 63.865001
v 116.310776 1.985873 63.865001
v 116.310776 5.957618 67.836746
v 116.310776 1.985873 67.836746
v 116.310776 5.957618 63.865001
f 11501 11502 11503
f 11502 11501 11504
f 11505 11506 11507
f 11506 11505 11508
f 11509 11510 11511
f 11510 11509 11512
f 11513 11514 11515
f 11514 11513 11516
f 11517 11518 11519
f 11518 11517 11520
f 11521 11522 11523
f 11522 11521 11524
o Dust_II_Group_042
v 70.699189 20.073402 -1.492981
v 76.514226 14.258369 -1.492981
v 70.699189 14.258369 -1.492981
v 76.514226 20.073402 -1.492981
v 76.514226 20.073402 4.322053
v 70.699189 14.258369 4.322053
v 76.514226 14.258369 4.322053
v 70.699189 20.073402 4.322053
v 76.514226 14.258369 -1.492981
v 70.699189 14.258369 4.322053
v 70.699189 14.258369 -1.492981
v 76.514226 14.258369 4.322053
v 76.514226 20.073402 4.322053
v 70.699189 20.073402 -1.492981
v 70.699189 20.073402 4.322053
v 76.514226 20.073402 -1.492981
v 70.699189 20.073402 -1.492981
v 70.699189 14.258369 4.322053
v 70.699189 20.073402 4.322053
v 70.699189 14.258369 -1.492981
v 76.514226 14.258369 -1.492981
v 76.514226 20.073402 4.322053
v 76.514226 14.258369 4.322053
v 76.514226 20.073402 -1.492981
f 11525 11526 11527
f 11526 11525 11528
f 11529 11530 11531
f 11530 11529 11532
f 11533 11534 11535
f 11534 11533 11536
f 11537 11538 11539
f 11538 11537 11540
f 11541 11542 11543
f 11542 11541 11544
f 11545 11546 11547
f 11546 11545 11548
o Dust_II_Group_041
v 81.712412 27.712560 -74.189758
v 85.684160 23.740814 -74.189758
v 81.712412 23.740814 -74.189758
v 85.684160 27.712560 -74.189758
v 85.684160 27.712560 -70.218010
v 81.712412 23.740814 -70.218010
v 85.684160 23.740814 -70.218010
v 81.712412 27.712560 -70.218010
v 85.684160 23.740814 -74.189758
v 81.712412 23.740814 -70.218010
v 81.712412 23.740814 -74.189758
v 85.684160 23.740814 -70.218010
v 85.684160 27.712560 -70.218010
v 81.712412 27.712560 -74.189758
v 81.712412 27.712560 -70.218010
v 85.684160 27.712560 -74.189758
v 81.712412 27.712560 -74.189758
v 81.712412 23.740814 -70.218010
v 81.712412 27.712560 -70.218010
v 81.712412 23.740814 -74.189758
v 85.684160 23.740814 -74.189758
v 85.684160 27.712560 -70.218010
v 85.684160 23.740814 -70.218010
v 85.684160 27.712560 -74.189758
f 11549 11550 11551
f 11550 11549 11552
f 11553 11554 11555
f 11554 11553 11556
f 11557 11558 11559
f 11558 11557 11560
f 11561 11562 11563
f 11562 11561 11564
f 11565 11566 11567
f 11566 11565 11568
f 11569 11570 11571
f 11570 11569 11572
o Dust_II_Group_040
v 84.155592 23.740812 -76.055826
v 87.595225 19.769066 -74.069956
v 84.155592 19.769066 -76.055826
v 87.595225 23.740812 -74.069956
v 85.609354 23.740812 -70.630323
v 82.169722 19.769066 -72.616194
v 85.609354 19.769066 -70.630323
v 82.169722 23.740812 -72.616194
v 87.595225 19.769066 -74.069956
v 82.169722 19.769066 -72.616194
v 84.155592 19.769066 -76.055826
v 85.609354 19.769066 -70.630323
v 85.609354 23.740812 -70.630323
v 84.155592 23.740812 -76.055826
v 82.169722 23.740812 -72.616194
v 87.595225 23.740812 -74.069956
v 84.155592 23.740812 -76.055826
v 82.169722 19.769066 -72.616194
v 82.169722 23.740812 -72.616194
v 84.155592 19.769066 -76.055826
v 87.595225 19.769066 -74.069956
v 85.609354 23.740812 -70.630323
v 85.609354 19.769066 -70.630323
v 87.595225 23.740812 -74.069956
f 11573 11574 11575
f 11574 11573 11576
f 11577 11578 11579
f 11578 11577 11580
f 11581 11582 11583
f 11582 11581 11584
f 11585 11586 11587
f 11586 11585 11588
f 11589 11590 11591
f 11590 11589 11592
f 11593 11594 11595
f 11594 11593 11596
o Dust_II_Group_039
v 81.712412 23.740812 -72.203884
v 85.684160 19.769066 -72.203884
v 81.712412 19.769066 -72.203884
v 85.684160 23.740812 -72.203884
v 85.684160 23.740812 -68.232136
v 81.712412 19.769066 -68.232136
v 85.684160 19.769066 -68.232136
v 81.712412 23.740812 -68.232136
v 85.684160 19.769066 -72.203884
v 81.712412 19.769066 -68.232136
v 81.712412 19.769066 -72.203884
v 85.684160 19.769066 -68.232136
v 85.684160 23.740812 -68.232136
v 81.712412 23.740812 -72.203884
v 81.712412 23.740812 -68.232136
v 85.684160 23.740812 -72.203884
v 81.712412 23.740812 -72.203884
v 81.712412 19.769066 -68.232136
v 81.712412 23.740812 -68.232136
v 81.712412 19.769066 -72.203884
v 85.684160 19.769066 -72.203884
v 85.684160 23.740812 -68.232136
v 85.684160 19.769066 -68.232136
v 85.684160 23.740812 -72.203884
f 11597 11598 11599
f 11598 11597 11600
f 11601 11602 11603
f 11602 11601 11604
f 11605 11606 11607
f 11606 11605 11608
f 11609 11610 11611
f 11610 11609 11612
f 11613 11614 11615
f 11614 11613 11616
f 11617 11618 11619
f 11618 11617 11620
o Dust_II_Group_038
v 91.402258 23.740812 -85.176694
v 95.374006 19.769066 -85.176694
v 91.402258 19.769066 -85.176694
v 95.374006 23.740812 -85.176694
v 95.374006 23.740812 -81.204946
v 91.402258 19.769066 -81.204946
v 95.374006 19.769066 -81.204946
v 91.402258 23.740812 -81.204946
v 95.374006 19.769066 -85.176694
v 91.402258 19.769066 -81.204946
v 91.402258 19.769066 -85.176694
v 95.374006 19.769066 -81.204946
v 95.374006 23.740812 -81.204946
v 91.402258 23.740812 -85.176694
v 91.402258 23.740812 -81.204946
v 95.374006 23.740812 -85.176694
v 91.402258 23.740812 -85.176694
v 91.402258 19.769066 -81.204946
v 91.402258 23.740812 -81.204946
v 91.402258 19.769066 -85.176694
v 95.374006 19.769066 -85.176694
v 95.374006 23.740812 -81.204946
v 95.374006 19.769066 -81.204946
v 95.374006 23.740812 -85.176694
f 11621 11622 11623
f 11622 11621 11624
f 11625 11626 11627
f 11626 11625 11628
f 11629 11630 11631
f 11630 11629 11632
f 11633 11634 11635
f 11634 11633 11636
f 11637 11638 11639
f 11638 11637 11640
f 11641 11642 11643
f 11642 11641 11644
o Dust_II_Group_037
v 20.329284 9.909439 -63.596832
v 19.395361 5.937694 -59.736449
v 20.329284 5.937694 -63.596832
v 19.395361 9.909439 -59.736449
v 15.534979 9.909439 -60.670372
v 16.468901 5.937694 -64.530754
v 15.534979 5.937694 -60.670372
v 16.468901 9.909439 -64.530754
v 19.395361 5.937694 -59.736449
v 16.468901 5.937694 -64.530754
v 20.329284 5.937694 -63.596832
v 15.534979 5.937694 -60.670372
v 15.534979 9.909439 -60.670372
v 20.329284 9.909439 -63.596832
v 16.468901 9.909439 -64.530754
v 19.395361 9.909439 -59.736449
v 20.329284 9.909439 -63.596832
v 16.468901 5.937694 -64.530754
v 16.468901 9.909439 -64.530754
v 20.329284 5.937694 -63.596832
v 19.395361 5.937694 -59.736449
v 15.534979 9.909439 -60.670372
v 15.534979 5.937694 -60.670372
v 19.395361 9.909439 -59.736449
f 11645 11646 11647
f 11646 11645 11648
f 11649 11650 11651
f 11650 11649 11652
f 11653 11654 11655
f 11654 11653 11656
f 11657 11658 11659
f 11658 11657 11660
f 11661 11662 11663
f 11662 11661 11664
f 11665 11666 11667
f 11666 11665 11668
o Dust_II_Group_036
v 13.523577 9.909439 -51.456823
v 17.495323 5.937694 -51.456823
v 13.523577 5.937694 -51.456823
v 17.495323 9.909439 -51.456823
v 17.495323 9.909439 -47.485078
v 13.523577 5.937694 -47.485078
v 17.495323 5.937694 -47.485078
v 13.523577 9.909439 -47.485078
v 17.495323 5.937694 -51.456823
v 13.523577 5.937694 -47.485078
v 13.523577 5.937694 -51.456823
v 17.495323 5.937694 -47.485078
v 17.495323 9.909439 -47.485078
v 13.523577 9.909439 -51.456823
v 13.523577 9.909439 -47.485078
v 17.495323 9.909439 -51.456823
v 13.523577 9.909439 -51.456823
v 13.523577 5.937694 -47.485078
v 13.523577 9.909439 -47.485078
v 13.523577 5.937694 -51.456823
v 17.495323 5.937694 -51.456823
v 17.495323 9.909439 -47.485078
v 17.495323 5.937694 -47.485078
v 17.495323 9.909439 -51.456823
f 11669 11670 11671
f 11670 11669 11672
f 11673 11674 11675
f 11674 11673 11676
f 11677 11678 11679
f 11678 11677 11680
f 11681 11682 11683
f 11682 11681 11684
f 11685 11686 11687
f 11686 11685 11688
f 11689 11690 11691
f 11690 11689 11692
o Dust_II_Group_035
v -4.216406 17.813080 55.242345
v -0.244660 13.841335 55.242345
v -4.216406 13.841335 55.242345
v -0.244660 17.813080 55.242345
v -0.244660 17.813080 59.214089
v -4.216406 13.841335 59.214089
v -0.244660 13.841335 59.214089
v -4.216406 17.813080 59.214089
v -0.244660 13.841335 55.242345
v -4.216406 13.841335 59.214089
v -4.216406 13.841335 55.242345
v -0.244660 13.841335 59.214089
v -0.244660 17.813080 59.214089
v -4.216406 17.813080 55.242345
v -4.216406 17.813080 59.214089
v -0.244660 17.813080 55.242345
v -4.216406 17.813080 55.242345
v -4.216406 13.841335 59.214089
v -4.216406 17.813080 59.214089
v -4.216406 13.841335 55.242345
v -0.244660 13.841335 55.242345
v -0.244660 17.813080 59.214089
v -0.244660 13.841335 59.214089
v -0.244660 17.813080 55.242345
f 11693 11694 11695
f 11694 11693 11696
f 11697 11698 11699
f 11698 11697 11700
f 11701 11702 11703
f 11702 11701 11704
f 11705 11706 11707
f 11706 11705 11708
f 11709 11710 11711
f 11710 11709 11712
f 11713 11714 11715
f 11714 11713 11716
o Dust_II_Group_034
v -18.055496 21.784828 35.590272
v -14.083749 17.813082 35.590272
v -18.055496 17.813082 35.590272
v -14.083749 21.784828 35.590272
v -14.083749 21.784828 39.562017
v -18.055496 17.813082 39.562017
v -14.083749 17.813082 39.562017
v -18.055496 21.784828 39.562017
v -14.083749 17.813082 35.590272
v -18.055496 17.813082 39.562017
v -18.055496 17.813082 35.590272
v -14.083749 17.813082 39.562017
v -14.083749 21.784828 39.562017
v -18.055496 21.784828 35.590272
v -18.055496 21.784828 39.562017
v -14.083749 21.784828 35.590272
v -18.055496 21.784828 35.590272
v -18.055496 17.813082 39.562017
v -18.055496 21.784828 39.562017
v -18.055496 17.813082 35.590272
v -14.083749 17.813082 35.590272
v -14.083749 21.784828 39.562017
v -14.083749 17.813082 39.562017
v -14.083749 21.784828 35.590272
f 11717 11718 11719
f 11718 11717 11720
f 11721 11722 11723
f 11722 11721 11724
f 11725 11726 11727
f 11726 11725 11728
f 11729 11730 11731
f 11730 11729 11732
f 11733 11734 11735
f 11734 11733 11736
f 11737 11738 11739
f 11738 11737 11740
o Dust_II_Group_033
v -18.055496 17.813080 35.590272
v -14.083749 13.841335 35.590272
v -18.055496 13.841335 35.590272
v -14.083749 17.813080 35.590272
v -14.083749 17.813080 39.562017
v -18.055496 13.841335 39.562017
v -14.083749 13.841335 39.562017
v -18.055496 17.813080 39.562017
v -14.083749 13.841335 35.590272
v -18.055496 13.841335 39.562017
v -18.055496 13.841335 35.590272
v -14.083749 13.841335 39.562017
v -14.083749 17.813080 39.562017
v -18.055496 17.813080 35.590272
v -18.055496 17.813080 39.562017
v -14.083749 17.813080 35.590272
v -18.055496 17.813080 35.590272
v -18.055496 13.841335 39.562017
v -18.055496 17.813080 39.562017
v -18.055496 13.841335 35.590272
v -14.083749 13.841335 35.590272
v -14.083749 17.813080 39.562017
v -14.083749 13.841335 39.562017
v -14.083749 17.813080 35.590272
f 11741 11742 11743
f 11742 11741 11744
f 11745 11746 11747
f 11746 11745 11748
f 11749 11750 11751
f 11750 11749 11752
f 11753 11754 11755
f 11754 11753 11756
f 11757 11758 11759
f 11758 11757 11760
f 11761 11762 11763
f 11762 11761 11764
o Dust_II_Group_032
v 6.767432 11.017084 -62.679741
v 2.280732 6.530384 -62.679741
v 6.767432 6.530384 -62.679741
v 2.280732 11.017084 -62.679741
v 6.767432 6.530384 -67.166443
v 6.767432 11.017084 -67.166443
v 6.767432 11.017084 -62.679741
v 2.280732 11.017084 -67.166443
v 2.280732 11.017084 -62.679741
v 6.767432 11.017084 -67.166443
v 6.767432 6.530384 -67.166443
v 2.280732 6.530384 -62.679741
v 2.280732 6.530384 -67.166443
v 6.767432 6.530384 -62.679741
v 2.280732 11.017084 -67.166443
v 2.280732 6.530384 -62.679741
v 2.280732 11.017084 -62.679741
v 2.280732 6.530384 -67.166443
v 6.767432 6.530384 -67.166443
v 6.767432 11.017084 -67.166443
f 11765 11766 11767
f 11766 11765 11768
f 11769 11765 11767
f 11765 11769 11770
f 11771 11772 11773
f 11772 11771 11774
f 11775 11776 11777
f 11776 11775 11778
f 11779 11780 11781
f 11780 11779 11782
f 11779 11783 11782
f 11783 11779 11784
o Dust_II_Group_031
v 81.425754 22.086496 -111.598811
v 81.118425 21.744976 -111.747759
v 81.425754 21.744976 -111.598811
v 81.118425 22.086496 -111.747759
v 81.267373 22.086496 -112.055088
v 81.267373 21.744976 -112.055088
v 81.574702 21.744976 -111.906141
v 81.574702 22.086496 -111.906141
v 81.118425 22.086496 -111.747759
v 81.574702 22.086496 -111.906141
v 81.267373 22.086496 -112.055088
v 81.425754 22.086496 -111.598811
v 81.574702 21.744976 -111.906141
v 81.118425 21.744976 -111.747759
v 81.267373 21.744976 -112.055088
v 81.425754 21.744976 -111.598811
v 81.118425 21.744976 -111.747759
v 81.118425 22.086496 -111.747759
v 81.118425 21.744976 -111.747759
v 81.425754 22.086496 -111.598811
v 81.425754 21.744976 -111.598811
v 81.425754 22.086496 -111.598811
v 81.267373 22.086496 -112.055088
v 81.574702 21.744976 -111.906141
v 81.267373 21.744976 -112.055088
v 81.574702 21.744976 -111.906141
v 81.267373 22.086496 -112.055088
v 81.574702 22.086496 -111.906141
f 11785 11786 11787
f 11786 11785 11788
f 11789 11801 11802
f 11803 11789 11790
f 11791 11804 11805
f 11806 11791 11792
f 11807 11808 11809
f 11810 11811 11812
f 11793 11794 11795
f 11794 11793 11796
f 11797 11798 11799
f 11798 11797 11800
o Dust_II_Group_030
v 124.527693 17.144643 -43.445618
v 124.186172 16.803122 -43.445618
v 124.527693 16.803122 -43.445618
v 124.186172 17.144643 -43.445618
v 124.186172 17.144643 -43.787138
v 124.186172 16.803122 -43.787138
v 124.527693 16.803122 -43.787138
v 124.527693 17.144643 -43.787138
v 124.186172 17.144643 -43.445618
v 124.527693 17.144643 -43.787138
v 124.186172 17.144643 -43.787138
v 124.527693 17.144643 -43.445618
v 124.527693 16.803122 -43.787138
v 124.186172 16.803122 -43.445618
v 124.186172 16.803122 -43.787138
v 124.527693 16.803122 -43.445618
v 124.186172 16.803122 -43.445618
v 124.186172 17.144643 -43.445618
v 124.186172 16.803122 -43.445618
v 124.527693 17.144643 -43.445618
v 124.527693 16.803122 -43.445618
v 124.527693 17.144643 -43.445618
v 124.186172 17.144643 -43.787138
v 124.527693 16.803122 -43.787138
v 124.186172 16.803122 -43.787138
v 124.527693 16.803122 -43.787138
v 124.186172 17.144643 -43.787138
v 124.527693 17.144643 -43.787138
f 11813 11814 11815
f 11814 11813 11816
f 11817 11829 11830
f 11831 11817 11818
f 11819 11832 11833
f 11834 11819 11820
f 11835 11836 11837
f 11838 11839 11840
f 11821 11822 11823
f 11822 11821 11824
f 11825 11826 11827
f 11826 11825 11828
o Dust_II_Group_029
v 112.659470 26.058244 -110.684832
v 112.317949 25.716724 -110.684832
v 112.659470 25.716724 -110.684832
v 112.317949 26.058244 -110.684832
v 112.317949 26.058244 -111.026353
v 112.317949 25.716724 -111.026353
v 112.659470 25.716724 -111.026353
v 112.659470 26.058244 -111.026353
v 112.317949 26.058244 -110.684832
v 112.659470 26.058244 -111.026353
v 112.317949 26.058244 -111.026353
v 112.659470 26.058244 -110.684832
v 112.659470 25.716724 -111.026353
v 112.317949 25.716724 -110.684832
v 112.317949 25.716724 -111.026353
v 112.659470 25.716724 -110.684832
v 112.317949 25.716724 -110.684832
v 112.317949 26.058244 -110.684832
v 112.317949 25.716724 -110.684832
v 112.659470 26.058244 -110.684832
v 112.659470 25.716724 -110.684832
v 112.659470 26.058244 -110.684832
v 112.317949 26.058244 -111.026353
v 112.659470 25.716724 -111.026353
v 112.317949 25.716724 -111.026353
v 112.659470 25.716724 -111.026353
v 112.317949 26.058244 -111.026353
v 112.659470 26.058244 -111.026353
f 11841 11842 11843
f 11842 11841 11844
f 11845 11857 11858
f 11859 11845 11846
f 11847 11860 11861
f 11862 11847 11848
f 11863 11864 11865
f 11866 11867 11868
f 11849 11850 11851
f 11850 11849 11852
f 11853 11854 11855
f 11854 11853 11856
o Dust_II_Group_028
v 112.659470 22.086496 -110.684832
v 112.317949 21.744976 -110.684832
v 112.659470 21.744976 -110.684832
v 112.317949 22.086496 -110.684832
v 112.317949 22.086496 -111.026353
v 112.317949 21.744976 -111.026353
v 112.659470 21.744976 -111.026353
v 112.659470 22.086496 -111.026353
v 112.317949 22.086496 -110.684832
v 112.659470 22.086496 -111.026353
v 112.317949 22.086496 -111.026353
v 112.659470 22.086496 -110.684832
v 112.659470 21.744976 -111.026353
v 112.317949 21.744976 -110.684832
v 112.317949 21.744976 -111.026353
v 112.659470 21.744976 -110.684832
v 112.317949 21.744976 -110.684832
v 112.317949 22.086496 -110.684832
v 112.317949 21.744976 -110.684832
v 112.659470 22.086496 -110.684832
v 112.659470 21.744976 -110.684832
v 112.659470 22.086496 -110.684832
v 112.317949 22.086496 -111.026353
v 112.659470 21.744976 -111.026353
v 112.317949 21.744976 -111.026353
v 112.659470 21.744976 -111.026353
v 112.317949 22.086496 -111.026353
v 112.659470 22.086496 -111.026353
f 11869 11870 11871
f 11870 11869 11872
f 11873 11885 11886
f 11887 11873 11874
f 11875 11888 11889
f 11890 11875 11876
f 11891 11892 11893
f 11894 11895 11896
f 11877 11878 11879
f 11878 11877 11880
f 11881 11882 11883
f 11882 11881 11884
o Dust_II_Group_027
v 124.475984 18.134678 15.765135
v 124.134463 17.793157 15.765135
v 124.475984 17.793157 15.765135
v 124.134463 18.134678 15.765135
v 124.134463 18.134678 15.423615
v 124.134463 17.793157 15.423615
v 124.475984 17.793157 15.423615
v 124.475984 18.134678 15.423615
v 124.134463 18.134678 15.765135
v 124.475984 18.134678 15.423615
v 124.134463 18.134678 15.423615
v 124.475984 18.134678 15.765135
v 124.475984 17.793157 15.423615
v 124.134463 17.793157 15.765135
v 124.134463 17.793157 15.423615
v 124.475984 17.793157 15.765135
v 124.134463 17.793157 15.765135
v 124.134463 18.134678 15.765135
v 124.134463 17.793157 15.765135
v 124.475984 18.134678 15.765135
v 124.475984 17.793157 15.765135
v 124.475984 18.134678 15.765135
v 124.134463 18.134678 15.423615
v 124.475984 17.793157 15.423615
v 124.134463 17.793157 15.423615
v 124.475984 17.793157 15.423615
v 124.134463 18.134678 15.423615
v 124.475984 18.134678 15.423615
f 11897 11898 11899
f 11898 11897 11900
f 11901 11913 11914
f 11915 11901 11902
f 11903 11916 11917
f 11918 11903 11904
f 11919 11920 11921
f 11922 11923 11924
f 11905 11906 11907
f 11906 11905 11908
f 11909 11910 11911
f 11910 11909 11912
o Dust_II_Group_026
v 124.497488 22.106422 55.262263
v 124.155967 21.764901 55.262263
v 124.497488 21.764901 55.262263
v 124.155967 22.106422 55.262263
v 124.155967 22.106422 54.920742
v 124.155967 21.764901 54.920742
v 124.497488 21.764901 54.920742
v 124.497488 22.106422 54.920742
v 124.155967 22.106422 55.262263
v 124.497488 22.106422 54.920742
v 124.155967 22.106422 54.920742
v 124.497488 22.106422 55.262263
v 124.497488 21.764901 54.920742
v 124.155967 21.764901 55.262263
v 124.155967 21.764901 54.920742
v 124.497488 21.764901 55.262263
v 124.155967 21.764901 55.262263
v 124.155967 22.106422 55.262263
v 124.155967 21.764901 55.262263
v 124.497488 22.106422 55.262263
v 124.497488 21.764901 55.262263
v 124.497488 22.106422 55.262263
v 124.155967 22.106422 54.920742
v 124.497488 21.764901 54.920742
v 124.155967 21.764901 54.920742
v 124.497488 21.764901 54.920742
v 124.155967 22.106422 54.920742
v 124.497488 22.106422 54.920742
f 11925 11926 11927
f 11926 11925 11928
f 11929 11941 11942
f 11943 11929 11930
f 11931 11944 11945
f 11946 11931 11932
f 11947 11948 11949
f 11950 11951 11952
f 11933 11934 11935
f 11934 11933 11936
f 11937 11938 11939
f 11938 11937 11940
o Dust_II_Group_025
v 124.497488 18.134678 55.262263
v 124.155967 17.793157 55.262263
v 124.497488 17.793157 55.262263
v 124.155967 18.134678 55.262263
v 124.155967 18.134678 54.920742
v 124.155967 17.793157 54.920742
v 124.497488 17.793157 54.920742
v 124.497488 18.134678 54.920742
v 124.155967 18.134678 55.262263
v 124.497488 18.134678 54.920742
v 124.155967 18.134678 54.920742
v 124.497488 18.134678 55.262263
v 124.497488 17.793157 54.920742
v 124.155967 17.793157 55.262263
v 124.155967 17.793157 54.920742
v 124.497488 17.793157 55.262263
v 124.155967 17.793157 55.262263
v 124.155967 18.134678 55.262263
v 124.155967 17.793157 55.262263
v 124.497488 18.134678 55.262263
v 124.497488 17.793157 55.262263
v 124.497488 18.134678 55.262263
v 124.155967 18.134678 54.920742
v 124.497488 17.793157 54.920742
v 124.155967 17.793157 54.920742
v 124.497488 17.793157 54.920742
v 124.155967 18.134678 54.920742
v 124.497488 18.134678 54.920742
f 11953 11954 11955
f 11954 11953 11956
f 11957 11969 11970
f 11971 11957 11958
f 11959 11972 11973
f 11974 11959 11960
f 11975 11976 11977
f 11978 11979 11980
f 11961 11962 11963
f 11962 11961 11964
f 11965 11966 11967
f 11966 11965 11968
o Dust_II_Group_024
v 48.783606 16.458961 51.796948
v 48.595975 16.271331 51.796948
v 48.783606 16.271331 51.796948
v 48.595975 16.458961 51.796948
v 48.595975 16.458961 51.609318
v 48.595975 16.271331 51.609318
v 48.783606 16.271331 51.609318
v 48.783606 16.458961 51.609318
v 48.783606 16.458961 51.796948
v 48.595975 16.458961 51.609318
v 48.595975 16.458961 51.796948
v 48.783606 16.458961 51.609318
v 48.783606 16.271331 51.609318
v 48.595975 16.271331 51.796948
v 48.595975 16.271331 51.609318
v 48.783606 16.271331 51.796948
v 48.595975 16.271331 51.796948
v 48.595975 16.458961 51.796948
v 48.595975 16.271331 51.796948
v 48.783606 16.458961 51.796948
v 48.783606 16.271331 51.796948
v 48.783606 16.458961 51.796948
v 48.595975 16.458961 51.609318
v 48.595975 16.271331 51.609318
v 48.595975 16.458961 51.609318
f 11981 11982 11983
f 11982 11981 11984
f 11985 11997 11998
f 11999 11985 11986
f 11987 12000 12001
f 12002 11987 11988
f 12003 11987 12004
f 11987 12005 11988
f 11989 11990 11991
f 11990 11989 11992
f 11993 11994 11995
f 11994 11993 11996
o Dust_II_Group_023
v 48.783606 13.515049 51.796948
v 48.595975 13.327419 51.796948
v 48.783606 13.327419 51.796948
v 48.595975 13.515049 51.796948
v 48.595975 13.515049 51.609318
v 48.595975 13.327419 51.609318
v 48.783606 13.327419 51.609318
v 48.783606 13.515049 51.609318
v 48.783606 13.515049 51.796948
v 48.595975 13.515049 51.609318
v 48.595975 13.515049 51.796948
v 48.783606 13.515049 51.609318
v 48.783606 13.327419 51.609318
v 48.595975 13.327419 51.796948
v 48.595975 13.327419 51.609318
v 48.783606 13.327419 51.796948
v 48.595975 13.327419 51.796948
v 48.595975 13.515049 51.796948
v 48.595975 13.327419 51.796948
v 48.783606 13.515049 51.796948
v 48.783606 13.327419 51.796948
v 48.783606 13.515049 51.796948
v 48.595975 13.515049 51.609318
v 48.595975 13.327419 51.609318
v 48.595975 13.515049 51.609318
f 12006 12007 12008
f 12007 12006 12009
f 12010 12022 12023
f 12024 12010 12011
f 12012 12025 12026
f 12027 12012 12013
f 12028 12012 12029
f 12012 12030 12013
f 12014 12015 12016
f 12015 12014 12017
f 12018 12019 12020
f 12019 12018 12021
o Dust_II_Group_022
v 61.677252 13.515049 40.689646
v 61.489622 13.327419 40.689646
v 61.677252 13.327419 40.689646
v 61.489622 13.515049 40.689646
v 61.489622 13.515049 40.502015
v 61.489622 13.327419 40.502015
v 61.677252 13.327419 40.502015
v 61.677252 13.515049 40.502015
v 61.677252 13.515049 40.689646
v 61.489622 13.515049 40.502015
v 61.489622 13.515049 40.689646
v 61.677252 13.515049 40.502015
v 61.677252 13.327419 40.502015
v 61.489622 13.327419 40.689646
v 61.489622 13.327419 40.502015
v 61.677252 13.327419 40.689646
v 61.489622 13.327419 40.689646
v 61.489622 13.515049 40.689646
v 61.489622 13.327419 40.689646
v 61.677252 13.515049 40.689646
v 61.677252 13.327419 40.689646
v 61.677252 13.515049 40.689646
v 61.489622 13.515049 40.502015
v 61.489622 13.327419 40.502015
v 61.489622 13.515049 40.502015
f 12031 12032 12033
f 12032 12031 12034
f 12035 12047 12048
f 12049 12035 12036
f 12037 12050 12051
f 12052 12037 12038
f 12053 12037 12054
f 12037 12055 12038
f 12039 12040 12041
f 12040 12039 12042
f 12043 12044 12045
f 12044 12043 12046
o Dust_II_Group_021
v 43.469406 20.110587 -90.903047
v 43.127886 19.769066 -90.903047
v 43.469406 19.769066 -90.903047
v 43.127886 20.110587 -90.903047
v 43.127886 20.110587 -91.244568
v 43.127886 19.769066 -91.244568
v 43.469406 19.769066 -91.244568
v 43.469406 20.110587 -91.244568
v 43.127886 20.110587 -90.903047
v 43.469406 20.110587 -91.244568
v 43.127886 20.110587 -91.244568
v 43.469406 20.110587 -90.903047
v 43.469406 19.769066 -91.244568
v 43.127886 19.769066 -90.903047
v 43.127886 19.769066 -91.244568
v 43.469406 19.769066 -90.903047
v 43.127886 19.769066 -90.903047
v 43.127886 20.110587 -90.903047
v 43.127886 19.769066 -90.903047
v 43.469406 20.110587 -90.903047
v 43.469406 19.769066 -90.903047
v 43.469406 20.110587 -90.903047
v 43.127886 20.110587 -91.244568
v 43.469406 19.769066 -91.244568
v 43.127886 19.769066 -91.244568
v 43.469406 19.769066 -91.244568
v 43.127886 20.110587 -91.244568
v 43.469406 20.110587 -91.244568
f 12056 12057 12058
f 12057 12056 12059
f 12060 12072 12073
f 12074 12060 12061
f 12062 12075 12076
f 12077 12062 12063
f 12078 12079 12080
f 12081 12082 12083
f 12064 12065 12066
f 12065 12064 12067
f 12068 12069 12070
f 12069 12068 12071
o Dust_II_Group_020
v 45.498867 24.082335 -47.028215
v 45.157346 23.740814 -47.028215
v 45.498867 23.740814 -47.028215
v 45.157346 24.082335 -47.028215
v 45.157346 24.082335 -47.369736
v 45.157346 23.740814 -47.369736
v 45.498867 23.740814 -47.369736
v 45.498867 24.082335 -47.369736
v 45.157346 24.082335 -47.028215
v 45.498867 24.082335 -47.369736
v 45.157346 24.082335 -47.369736
v 45.498867 24.082335 -47.028215
v 45.498867 23.740814 -47.369736
v 45.157346 23.740814 -47.028215
v 45.157346 23.740814 -47.369736
v 45.498867 23.740814 -47.028215
v 45.157346 23.740814 -47.028215
v 45.157346 24.082335 -47.028215
v 45.157346 23.740814 -47.028215
v 45.498867 24.082335 -47.028215
v 45.498867 23.740814 -47.028215
v 45.498867 24.082335 -47.028215
v 45.157346 24.082335 -47.369736
v 45.498867 23.740814 -47.369736
v 45.157346 23.740814 -47.369736
v 45.498867 23.740814 -47.369736
v 45.157346 24.082335 -47.369736
v 45.498867 24.082335 -47.369736
f 12084 12085 12086
f 12085 12084 12087
f 12088 12100 12101
f 12102 12088 12089
f 12090 12103 12104
f 12105 12090 12091
f 12106 12107 12108
f 12109 12110 12111
f 12092 12093 12094
f 12093 12092 12095
f 12096 12097 12098
f 12097 12096 12099
o Dust_II_Group_019
v 45.498867 20.110587 -47.028215
v 45.157346 19.769066 -47.028215
v 45.498867 19.769066 -47.028215
v 45.157346 20.110587 -47.028215
v 45.157346 20.110587 -47.369736
v 45.157346 19.769066 -47.369736
v 45.498867 19.769066 -47.369736
v 45.498867 20.110587 -47.369736
v 45.157346 20.110587 -47.028215
v 45.498867 20.110587 -47.369736
v 45.157346 20.110587 -47.369736
v 45.498867 20.110587 -47.028215
v 45.498867 19.769066 -47.369736
v 45.157346 19.769066 -47.028215
v 45.157346 19.769066 -47.369736
v 45.498867 19.769066 -47.028215
v 45.157346 19.769066 -47.028215
v 45.157346 20.110587 -47.028215
v 45.157346 19.769066 -47.028215
v 45.498867 20.110587 -47.028215
v 45.498867 19.769066 -47.028215
v 45.498867 20.110587 -47.028215
v 45.157346 20.110587 -47.369736
v 45.498867 19.769066 -47.369736
v 45.157346 19.769066 -47.369736
v 45.498867 19.769066 -47.369736
v 45.157346 20.110587 -47.369736
v 45.498867 20.110587 -47.369736
f 12112 12113 12114
f 12113 12112 12115
f 12116 12128 12129
f 12130 12116 12117
f 12118 12131 12132
f 12133 12118 12119
f 12134 12135 12136
f 12137 12138 12139
f 12120 12121 12122
f 12121 12120 12123
f 12124 12125 12126
f 12125 12124 12127
o Dust_II_Group_018
v -17.729539 18.154603 67.117727
v -18.071060 17.813082 67.117727
v -17.729539 17.813082 67.117727
v -18.071060 18.154603 67.117727
v -18.071060 18.154603 66.776206
v -18.071060 17.813082 66.776206
v -17.729539 17.813082 66.776206
v -17.729539 18.154603 66.776206
v -18.071060 18.154603 67.117727
v -17.729539 18.154603 66.776206
v -18.071060 18.154603 66.776206
v -17.729539 18.154603 67.117727
v -17.729539 17.813082 66.776206
v -18.071060 17.813082 67.117727
v -18.071060 17.813082 66.776206
v -17.729539 17.813082 67.117727
v -18.071060 17.813082 67.117727
v -18.071060 18.154603 67.117727
v -18.071060 17.813082 67.117727
v -17.729539 18.154603 67.117727
v -17.729539 17.813082 67.117727
v -17.729539 18.154603 67.117727
v -18.071060 18.154603 66.776206
v -17.729539 17.813082 66.776206
v -18.071060 17.813082 66.776206
v -17.729539 17.813082 66.776206
v -18.071060 18.154603 66.776206
v -17.729539 18.154603 66.776206
f 12140 12141 12142
f 12141 12140 12143
f 12144 12156 12157
f 12158 12144 12145
f 12146 12159 12160
f 12161 12146 12147
f 12162 12163 12164
f 12165 12166 12167
f 12148 12149 12150
f 12149 12148 12151
f 12152 12153 12154
f 12153 12152 12155
o Dust_II_Group_017
v -17.729539 14.182856 67.117727
v -18.071060 13.841335 67.117727
v -17.729539 13.841335 67.117727
v -18.071060 14.182856 67.117727
v -18.071060 14.182856 66.776206
v -18.071060 13.841335 66.776206
v -17.729539 13.841335 66.776206
v -17.729539 14.182856 66.776206
v -18.071060 14.182856 67.117727
v -17.729539 14.182856 66.776206
v -18.071060 14.182856 66.776206
v -17.729539 14.182856 67.117727
v -17.729539 13.841335 66.776206
v -18.071060 13.841335 67.117727
v -18.071060 13.841335 66.776206
v -17.729539 13.841335 67.117727
v -18.071060 13.841335 67.117727
v -18.071060 14.182856 67.117727
v -18.071060 13.841335 67.117727
v -17.729539 14.182856 67.117727
v -17.729539 13.841335 67.117727
v -17.729539 14.182856 67.117727
v -18.071060 14.182856 66.776206
v -17.729539 13.841335 66.776206
v -18.071060 13.841335 66.776206
v -17.729539 13.841335 66.776206
v -18.071060 14.182856 66.776206
v -17.729539 14.182856 66.776206
f 12168 12169 12170
f 12169 12168 12171
f 12172 12184 12185
f 12186 12172 12173
f 12174 12187 12188
f 12189 12174 12175
f 12190 12191 12192
f 12193 12194 12195
f 12176 12177 12178
f 12177 12176 12179
f 12180 12181 12182
f 12181 12180 12183
o Dust_II_Group_016
v -13.777720 18.154603 82.024182
v -14.119241 17.813082 82.024182
v -13.777720 17.813082 82.024182
v -14.119241 18.154603 82.024182
v -14.119241 18.154603 81.682661
v -14.119241 17.813082 81.682661
v -13.777720 17.813082 81.682661
v -13.777720 18.154603 81.682661
v -14.119241 18.154603 82.024182
v -13.777720 18.154603 81.682661
v -14.119241 18.154603 81.682661
v -13.777720 18.154603 82.024182
v -13.777720 17.813082 81.682661
v -14.119241 17.813082 82.024182
v -14.119241 17.813082 81.682661
v -13.777720 17.813082 82.024182
v -14.119241 17.813082 82.024182
v -14.119241 18.154603 82.024182
v -14.119241 17.813082 82.024182
v -13.777720 18.154603 82.024182
v -13.777720 17.813082 82.024182
v -13.777720 18.154603 82.024182
v -14.119241 18.154603 81.682661
v -13.777720 17.813082 81.682661
v -14.119241 17.813082 81.682661
v -13.777720 17.813082 81.682661
v -14.119241 18.154603 81.682661
v -13.777720 18.154603 81.682661
f 12196 12197 12198
f 12197 12196 12199
f 12200 12212 12213
f 12214 12200 12201
f 12202 12215 12216
f 12217 12202 12203
f 12218 12219 12220
f 12221 12222 12223
f 12204 12205 12206
f 12205 12204 12207
f 12208 12209 12210
f 12209 12208 12211
o Dust_II_Group_015
v -13.777720 14.182856 84.980845
v -14.119241 13.841335 84.980845
v -13.777720 13.841335 84.980845
v -14.119241 14.182856 84.980845
v -14.119241 14.182856 84.639324
v -14.119241 13.841335 84.639324
v -13.777720 13.841335 84.639324
v -13.777720 14.182856 84.639324
v -14.119241 14.182856 84.980845
v -13.777720 14.182856 84.639324
v -14.119241 14.182856 84.639324
v -13.777720 14.182856 84.980845
v -13.777720 13.841335 84.639324
v -14.119241 13.841335 84.980845
v -14.119241 13.841335 84.639324
v -13.777720 13.841335 84.980845
v -14.119241 13.841335 84.980845
v -14.119241 14.182856 84.980845
v -14.119241 13.841335 84.980845
v -13.777720 14.182856 84.980845
v -13.777720 13.841335 84.980845
v -13.777720 14.182856 84.980845
v -14.119241 14.182856 84.639324
v -13.777720 13.841335 84.639324
v -14.119241 13.841335 84.639324
v -13.777720 13.841335 84.639324
v -14.119241 14.182856 84.639324
v -13.777720 14.182856 84.639324
f 12224 12225 12226
f 12225 12224 12227
f 12228 12240 12241
f 12242 12228 12229
f 12230 12243 12244
f 12245 12230 12231
f 12246 12247 12248
f 12249 12250 12251
f 12232 12233 12234
f 12233 12232 12235
f 12236 12237 12238
f 12237 12236 12239
o Dust_II_Group_014
v -13.777720 14.182856 80.975002
v -14.119241 13.841335 80.975002
v -13.777720 13.841335 80.975002
v -14.119241 14.182856 80.975002
v -14.119241 14.182856 80.633481
v -14.119241 13.841335 80.633481
v -13.777720 13.841335 80.633481
v -13.777720 14.182856 80.633481
v -14.119241 14.182856 80.975002
v -13.777720 14.182856 80.633481
v -14.119241 14.182856 80.633481
v -13.777720 14.182856 80.975002
v -13.777720 13.841335 80.633481
v -14.119241 13.841335 80.975002
v -14.119241 13.841335 80.633481
v -13.777720 13.841335 80.975002
v -14.119241 13.841335 80.975002
v -14.119241 14.182856 80.975002
v -14.119241 13.841335 80.975002
v -13.777720 14.182856 80.975002
v -13.777720 13.841335 80.975002
v -13.777720 14.182856 80.975002
v -14.119241 14.182856 80.633481
v -13.777720 13.841335 80.633481
v -14.119241 13.841335 80.633481
v -13.777720 13.841335 80.633481
v -14.119241 14.182856 80.633481
v -13.777720 14.182856 80.633481
f 12252 12253 12254
f 12253 12252 12255
f 12256 12268 12269
f 12270 12256 12257
f 12258 12271 12272
f 12273 12258 12259
f 12274 12275 12276
f 12277 12278 12279
f 12260 12261 12262
f 12261 12260 12263
f 12264 12265 12266
f 12265 12264 12267
o Dust_II_Group_013
v 112.680549 2.327394 63.815273
v 112.339028 1.985873 63.815273
v 112.680549 1.985873 63.815273
v 112.339028 2.327394 63.815273
v 112.339028 2.327394 63.473753
v 112.339028 1.985873 63.473753
v 112.680549 1.985873 63.473753
v 112.680549 2.327394 63.473753
v 112.339028 2.327394 63.815273
v 112.680549 2.327394 63.473753
v 112.339028 2.327394 63.473753
v 112.680549 2.327394 63.815273
v 112.680549 1.985873 63.473753
v 112.339028 1.985873 63.815273
v 112.339028 1.985873 63.473753
v 112.680549 1.985873 63.815273
v 112.339028 1.985873 63.815273
v 112.339028 2.327394 63.815273
v 112.339028 1.985873 63.815273
v 112.680549 2.327394 63.815273
v 112.680549 1.985873 63.815273
v 112.680549 2.327394 63.815273
v 112.339028 2.327394 63.473753
v 112.680549 1.985873 63.473753
v 112.339028 1.985873 63.473753
v 112.680549 1.985873 63.473753
v 112.339028 2.327394 63.473753
v 112.680549 2.327394 63.473753
f 12280 12281 12282
f 12281 12280 12283
f 12284 12296 12297
f 12298 12284 12285
f 12286 12299 12300
f 12301 12286 12287
f 12302 12303 12304
f 12305 12306 12307
f 12288 12289 12290
f 12289 12288 12291
f 12292 12293 12294
f 12293 12292 12295
o Dust_II_Group_012
v 96.873267 6.299139 73.045459
v 96.531746 5.957618 73.045459
v 96.873267 5.957618 73.045459
v 96.531746 6.299139 73.045459
v 96.531746 6.299139 72.703938
v 96.531746 5.957618 72.703938
v 96.873267 5.957618 72.703938
v 96.873267 6.299139 72.703938
v 96.531746 6.299139 73.045459
v 96.873267 6.299139 72.703938
v 96.531746 6.299139 72.703938
v 96.873267 6.299139 73.045459
v 96.873267 5.957618 72.703938
v 96.531746 5.957618 73.045459
v 96.531746 5.957618 72.703938
v 96.873267 5.957618 73.045459
v 96.531746 5.957618 73.045459
v 96.531746 6.299139 73.045459
v 96.531746 5.957618 73.045459
v 96.873267 6.299139 73.045459
v 96.873267 5.957618 73.045459
v 96.873267 6.299139 73.045459
v 96.531746 6.299139 72.703938
v 96.873267 5.957618 72.703938
v 96.531746 5.957618 72.703938
v 96.873267 5.957618 72.703938
v 96.531746 6.299139 72.703938
v 96.873267 6.299139 72.703938
f 12308 12309 12310
f 12309 12308 12311
f 12312 12324 12325
f 12326 12312 12313
f 12314 12327 12328
f 12329 12314 12315
f 12330 12331 12332
f 12333 12334 12335
f 12316 12317 12318
f 12317 12316 12319
f 12320 12321 12322
f 12321 12320 12323
o Dust_II_Group_011
v 96.873267 2.327394 69.073711
v 96.531746 1.985873 69.073711
v 96.873267 1.985873 69.073711
v 96.531746 2.327394 69.073711
v 96.531746 2.327394 68.732190
v 96.531746 1.985873 68.732190
v 96.873267 1.985873 68.732190
v 96.873267 2.327394 68.732190
v 96.531746 2.327394 69.073711
v 96.873267 2.327394 68.732190
v 96.531746 2.327394 68.732190
v 96.873267 2.327394 69.073711
v 96.873267 1.985873 68.732190
v 96.531746 1.985873 69.073711
v 96.531746 1.985873 68.732190
v 96.873267 1.985873 69.073711
v 96.531746 1.985873 69.073711
v 96.531746 2.327394 69.073711
v 96.531746 1.985873 69.073711
v 96.873267 2.327394 69.073711
v 96.873267 1.985873 69.073711
v 96.873267 2.327394 69.073711
v 96.531746 2.327394 68.732190
v 96.873267 1.985873 68.732190
v 96.531746 1.985873 68.732190
v 96.873267 1.985873 68.732190
v 96.531746 2.327394 68.732190
v 96.873267 2.327394 68.732190
f 12336 12337 12338
f 12337 12336 12339
f 12340 12352 12353
f 12354 12340 12341
f 12342 12355 12356
f 12357 12342 12343
f 12358 12359 12360
f 12361 12362 12363
f 12344 12345 12346
f 12345 12344 12347
f 12348 12349 12350
f 12349 12348 12351
o Dust_II_Group_010
v 96.873267 2.327394 73.045459
v 96.531746 1.985873 73.045459
v 96.873267 1.985873 73.045459
v 96.531746 2.327394 73.045459
v 96.531746 2.327394 72.703938
v 96.531746 1.985873 72.703938
v 96.873267 1.985873 72.703938
v 96.873267 2.327394 72.703938
v 96.531746 2.327394 73.045459
v 96.873267 2.327394 72.703938
v 96.531746 2.327394 72.703938
v 96.873267 2.327394 73.045459
v 96.873267 1.985873 72.703938
v 96.531746 1.985873 73.045459
v 96.531746 1.985873 72.703938
v 96.873267 1.985873 73.045459
v 96.531746 1.985873 73.045459
v 96.531746 2.327394 73.045459
v 96.531746 1.985873 73.045459
v 96.873267 2.327394 73.045459
v 96.873267 1.985873 73.045459
v 96.873267 2.327394 73.045459
v 96.531746 2.327394 72.703938
v 96.873267 1.985873 72.703938
v 96.531746 1.985873 72.703938
v 96.873267 1.985873 72.703938
v 96.531746 2.327394 72.703938
v 96.873267 2.327394 72.703938
f 12364 12365 12366
f 12365 12364 12367
f 12368 12380 12381
f 12382 12368 12369
f 12370 12383 12384
f 12385 12370 12371
f 12386 12387 12388
f 12389 12390 12391
f 12372 12373 12374
f 12373 12372 12375
f 12376 12377 12378
f 12377 12376 12379
o Dust_II_Group_009
v 84.856809 14.460797 65.685169
v 84.043711 14.460797 66.498267
v 84.043711 14.460797 65.685169
v 84.856809 14.460797 66.498267
v 84.856809 15.273895 66.498267
v 84.043711 15.273895 65.685169
v 84.043711 15.273895 66.498267
v 84.856809 15.273895 65.685169
v 84.043711 15.273895 65.685169
v 84.856809 14.460797 65.685169
v 84.043711 14.460797 65.685169
v 84.856809 15.273895 65.685169
v 84.043711 14.460797 66.498267
v 84.043711 15.273895 66.498267
v 84.856809 15.273895 66.498267
v 84.856809 14.460797 66.498267
v 84.043711 15.273895 65.685169
v 84.043711 15.273895 65.685169
v 84.043711 14.460797 65.685169
v 84.856809 14.460797 65.685169
v 84.856809 14.460797 65.685169
v 84.856809 15.273895 65.685169
v 84.856809 15.273895 66.498267
v 84.043711 14.460797 66.498267
v 84.856809 14.460797 66.498267
v 84.043711 14.460797 66.498267
v 84.856809 15.273895 66.498267
v 84.043711 15.273895 66.498267
f 12392 12393 12394
f 12393 12392 12395
f 12396 12397 12398
f 12397 12396 12399
f 12400 12401 12402
f 12401 12400 12403
f 12408 12404 12405
f 12404 12409 12410
f 12411 12406 12407
f 12406 12412 12413
f 12414 12415 12416
f 12417 12418 12419
o Dust_II_Group_008
v 78.345958 14.460797 64.280093
v 78.177979 14.460797 65.417651
v 77.693189 14.460797 64.764882
v 78.830748 14.460797 64.932862
v 78.830748 15.273894 64.932862
v 77.693189 15.273894 64.764882
v 78.177979 15.273894 65.417651
v 78.345958 15.273894 64.280093
v 77.693189 15.273894 64.764882
v 78.345958 14.460797 64.280093
v 77.693189 14.460797 64.764882
v 78.345958 15.273894 64.280093
v 78.177979 14.460797 65.417651
v 78.177979 15.273894 65.417651
v 78.830748 15.273894 64.932862
v 78.830748 14.460797 64.932862
v 77.693189 15.273894 64.764882
v 77.693189 15.273894 64.764882
v 77.693189 14.460797 64.764882
v 78.345958 14.460797 64.280093
v 78.345958 14.460797 64.280093
v 78.345958 15.273894 64.280093
v 78.830748 15.273894 64.932862
v 78.177979 14.460797 65.417651
v 78.830748 14.460797 64.932862
v 78.177979 14.460797 65.417651
v 78.830748 15.273894 64.932862
v 78.177979 15.273894 65.417651
f 12420 12421 12422
f 12421 12420 12423
f 12424 12425 12426
f 12425 12424 12427
f 12428 12429 12430
f 12429 12428 12431
f 12436 12432 12433
f 12432 12437 12438
f 12439 12434 12435
f 12434 12440 12441
f 12442 12443 12444
f 12445 12446 12447
o Dust_II_Group_007
v 61.624291 13.515049 81.217427
v 61.436660 13.327419 81.217427
v 61.624291 13.327419 81.217427
v 61.436660 13.515049 81.217427
v 61.436660 13.515049 81.029796
v 61.436660 13.327419 81.029796
v 61.624291 13.327419 81.029796
v 61.624291 13.515049 81.029796
v 61.624291 13.515049 81.217427
v 61.436660 13.515049 81.029796
v 61.436660 13.515049 81.217427
v 61.624291 13.515049 81.029796
v 61.624291 13.327419 81.029796
v 61.436660 13.327419 81.217427
v 61.436660 13.327419 81.029796
v 61.624291 13.327419 81.217427
v 61.436660 13.327419 81.217427
v 61.436660 13.515049 81.217427
v 61.436660 13.327419 81.217427
v 61.624291 13.515049 81.217427
v 61.624291 13.327419 81.217427
v 61.624291 13.515049 81.217427
v 61.436660 13.515049 81.029796
v 61.436660 13.327419 81.029796
v 61.436660 13.515049 81.029796
f 12448 12449 12450
f 12449 12448 12451
f 12452 12464 12465
f 12466 12452 12453
f 12454 12467 12468
f 12469 12454 12455
f 12470 12454 12471
f 12454 12472 12455
f 12456 12457 12458
f 12457 12456 12459
f 12460 12461 12462
f 12461 12460 12463
o Dust_II_Group_006
v 61.129768 14.460797 76.349363
v 60.316670 14.460797 77.162461
v 60.316670 14.460797 76.349363
v 61.129768 14.460797 77.162461
v 61.129768 15.273895 77.162461
v 60.316670 15.273895 76.349363
v 60.316670 15.273895 77.162461
v 61.129768 15.273895 76.349363
v 60.316670 15.273895 76.349363
v 61.129768 14.460797 76.349363
v 60.316670 14.460797 76.349363
v 61.129768 15.273895 76.349363
v 60.316670 14.460797 77.162461
v 60.316670 15.273895 77.162461
v 61.129768 15.273895 77.162461
v 61.129768 14.460797 77.162461
v 60.316670 15.273895 76.349363
v 60.316670 15.273895 76.349363
v 60.316670 14.460797 76.349363
v 61.129768 14.460797 76.349363
v 61.129768 14.460797 76.349363
v 61.129768 15.273895 76.349363
v 61.129768 15.273895 77.162461
v 60.316670 14.460797 77.162461
v 61.129768 14.460797 77.162461
v 60.316670 14.460797 77.162461
v 61.129768 15.273895 77.162461
v 60.316670 15.273895 77.162461
f 12473 12474 12475
f 12474 12473 12476
f 12477 12478 12479
f 12478 12477 12480
f 12481 12482 12483
f 12482 12481 12484
f 12489 12485 12486
f 12485 12490 12491
f 12492 12487 12488
f 12487 12493 12494
f 12495 12496 12497
f 12498 12499 12500
o Dust_II_Group_005
v 37.626090 14.182856 49.305615
v 37.284569 13.841335 49.305615
v 37.626090 13.841335 49.305615
v 37.284569 14.182856 49.305615
v 37.284569 14.182856 48.964095
v 37.284569 13.841335 48.964095
v 37.626090 13.841335 48.964095
v 37.626090 14.182856 48.964095
v 37.284569 14.182856 49.305615
v 37.626090 14.182856 48.964095
v 37.284569 14.182856 48.964095
v 37.626090 14.182856 49.305615
v 37.626090 13.841335 48.964095
v 37.284569 13.841335 49.305615
v 37.284569 13.841335 48.964095
v 37.626090 13.841335 49.305615
v 37.284569 13.841335 49.305615
v 37.284569 14.182856 49.305615
v 37.284569 13.841335 49.305615
v 37.626090 14.182856 49.305615
v 37.626090 13.841335 49.305615
v 37.626090 14.182856 49.305615
v 37.284569 14.182856 48.964095
v 37.626090 13.841335 48.964095
v 37.284569 13.841335 48.964095
v 37.626090 13.841335 48.964095
v 37.284569 14.182856 48.964095
v 37.626090 14.182856 48.964095
f 12501 12502 12503
f 12502 12501 12504
f 12505 12517 12518
f 12519 12505 12506
f 12507 12520 12521
f 12522 12507 12508
f 12523 12524 12525
f 12526 12527 12528
f 12509 12510 12511
f 12510 12509 12512
f 12513 12514 12515
f 12514 12513 12516
o Dust_II_Group_004
v 43.406352 19.671465 101.749995
v 42.593254 19.671465 100.936897
v 43.406352 19.671465 100.936897
v 42.593254 19.671465 101.749995
v 42.593254 20.484563 100.936897
v 43.406352 20.484563 101.749995
v 43.406352 20.484563 100.936897
v 42.593254 20.484563 101.749995
v 43.406352 20.484563 100.936897
v 43.406352 19.671465 101.749995
v 43.406352 19.671465 100.936897
v 43.406352 20.484563 101.749995
v 42.593254 19.671465 100.936897
v 42.593254 20.484563 100.936897
v 42.593254 20.484563 101.749995
v 42.593254 19.671465 101.749995
v 43.406352 20.484563 100.936897
v 43.406352 20.484563 100.936897
v 43.406352 19.671465 100.936897
v 43.406352 19.671465 101.749995
v 43.406352 19.671465 101.749995
v 43.406352 20.484563 101.749995
v 42.593254 20.484563 101.749995
v 42.593254 19.671465 100.936897
v 42.593254 19.671465 101.749995
v 42.593254 19.671465 100.936897
v 42.593254 20.484563 101.749995
v 42.593254 20.484563 100.936897
f 12529 12530 12531
f 12530 12529 12532
f 12533 12534 12535
f 12534 12533 12536
f 12537 12538 12539
f 12538 12537 12540
f 12545 12541 12542
f 12541 12546 12547
f 12548 12543 12544
f 12543 12549 12550
f 12551 12552 12553
f 12554 12555 12556
o Dust_II_Group_003
v 43.584064 14.460797 101.705918
v 42.770966 14.460797 100.892820
v 43.584064 14.460797 100.892820
v 42.770966 14.460797 101.705918
v 42.770966 15.273895 101.705918
v 43.584064 15.273895 100.892820
v 42.770966 15.273895 100.892820
v 43.584064 15.273895 101.705918
v 43.584064 15.273895 100.892820
v 43.584064 14.460797 101.705918
v 43.584064 14.460797 100.892820
v 43.584064 15.273895 101.705918
v 42.770966 14.460797 100.892820
v 42.770966 15.273895 100.892820
v 42.770966 15.273895 101.705918
v 42.770966 14.460797 101.705918
v 43.584064 15.273895 100.892820
v 43.584064 15.273895 100.892820
v 43.584064 14.460797 100.892820
v 43.584064 14.460797 101.705918
v 43.584064 14.460797 101.705918
v 43.584064 15.273895 101.705918
v 42.770966 15.273895 101.705918
v 42.770966 14.460797 100.892820
v 42.770966 14.460797 101.705918
v 42.770966 14.460797 100.892820
v 42.770966 15.273895 101.705918
v 42.770966 15.273895 100.892820
f 12557 12558 12559
f 12558 12557 12560
f 12561 12562 12563
f 12562 12561 12564
f 12565 12566 12567
f 12566 12565 12568
f 12573 12569 12570
f 12569 12574 12575
f 12576 12571 12572
f 12571 12577 12578
f 12579 12580 12581
f 12582 12583 12584
o Dust_II_Group_002
v 17.793340 18.154603 -19.776379
v 17.451819 17.813082 -19.776379
v 17.793340 17.813082 -19.776379
v 17.451819 18.154603 -19.776379
v 17.451819 18.154603 -20.117900
v 17.451819 17.813082 -20.117900
v 17.793340 17.813082 -20.117900
v 17.793340 18.154603 -20.117900
v 17.451819 18.154603 -19.776379
v 17.793340 18.154603 -20.117900
v 17.451819 18.154603 -20.117900
v 17.793340 18.154603 -19.776379
v 17.793340 17.813082 -20.117900
v 17.451819 17.813082 -19.776379
v 17.451819 17.813082 -20.117900
v 17.793340 17.813082 -19.776379
v 17.451819 17.813082 -19.776379
v 17.451819 18.154603 -19.776379
v 17.451819 17.813082 -19.776379
v 17.793340 18.154603 -19.776379
v 17.793340 17.813082 -19.776379
v 17.793340 18.154603 -19.776379
v 17.451819 18.154603 -20.117900
v 17.793340 17.813082 -20.117900
v 17.451819 17.813082 -20.117900
v 17.793340 17.813082 -20.117900
v 17.451819 18.154603 -20.117900
v 17.793340 18.154603 -20.117900
f 12585 12586 12587
f 12586 12585 12588
f 12589 12601 12602
f 12603 12589 12590
f 12591 12604 12605
f 12606 12591 12592
f 12607 12608 12609
f 12610 12611 12612
f 12593 12594 12595
f 12594 12593 12596
f 12597 12598 12599
f 12598 12597 12600
o Dust_II_Group_001
v 17.793340 14.182856 -19.776379
v 17.451819 13.841335 -19.776379
v 17.793340 13.841335 -19.776379
v 17.451819 14.182856 -19.776379
v 17.451819 14.182856 -20.117900
v 17.451819 13.841335 -20.117900
v 17.793340 13.841335 -20.117900
v 17.793340 14.182856 -20.117900
v 17.451819 14.182856 -19.776379
v 17.793340 14.182856 -20.117900
v 17.451819 14.182856 -20.117900
v 17.793340 14.182856 -19.776379
v 17.793340 13.841335 -20.117900
v 17.451819 13.841335 -19.776379
v 17.451819 13.841335 -20.117900
v 17.793340 13.841335 -19.776379
v 17.451819 13.841335 -19.776379
v 17.451819 14.182856 -19.776379
v 17.451819 13.841335 -19.776379
v 17.793340 14.182856 -19.776379
v 17.793340 13.841335 -19.776379
v 17.793340 14.182856 -19.776379
v 17.451819 14.182856 -20.117900
v 17.793340 13.841335 -20.117900
v 17.451819 13.841335 -20.117900
v 17.793340 13.841335 -20.117900
v 17.451819 14.182856 -20.117900
v 17.793340 14.182856 -20.117900
f 12613 12614 12615
f 12614 12613 12616
f 12617 12629 12630
f 12631 12617 12618
f 12619 12632 12633
f 12634 12619 12620
f 12635 12636 12637
f 12638 12639 12640
f 12621 12622 12623
f 12622 12621 12624
f 12625 12626 12627
f 12626 12625 12628
o Dust_II_3D_Object_
v 115.292930 15.807283 10.814244
v 115.292930 16.795239 17.729930
v 115.292930 15.807283 17.729930
v 115.292930 16.795239 10.814244
v 49.099933 14.210728 -52.220372
v 49.099933 14.235134 -51.843234
v 49.099933 14.210728 -51.572574
v 49.099933 11.441378 -49.451023
v 49.099933 11.818516 -49.426619
v 49.099933 12.089178 -49.451023
v 31.306996 19.759103 47.368586
v 31.306996 19.756397 47.368586
v 31.316741 19.759103 47.368586
v 49.099933 12.072185 -65.280125
v 49.099933 12.314145 -65.258306
v 49.099933 11.735038 -65.258306
v 35.577297 15.807283 -79.089683
v 35.515551 15.807283 -79.027932
v 35.515551 15.807283 -79.089683
v 35.577297 15.807283 -79.027932
v -24.008749 33.590479 114.549543
v -24.008749 21.735015 116.525449
v -24.008749 33.590479 116.525449
v -24.008749 31.614565 114.549543
v 115.292930 16.795239 17.729930
v 114.304980 15.807283 17.729930
v 115.292930 15.807283 17.729930
v 114.304980 16.795239 17.729930
v 74.786770 31.614565 -92.921052
v 64.907219 19.759103 -92.921052
v 74.786770 19.759103 -92.921052
v 64.907219 31.614565 -92.921052
v 116.280894 15.807283 17.729930
v 114.304980 14.819328 17.729930
v 116.280894 14.819328 17.729930
v 114.304980 15.807283 25.633572
v 116.280894 14.819328 25.633572
v 114.304980 14.819328 25.633572
v 116.280894 15.807283 25.633572
v 115.292930 15.807283 25.633572
v 39.220382 31.614565 47.368586
v 39.220382 21.735015 57.248137
v 39.220382 31.614565 57.248137
v 39.220382 21.735015 47.368586
v 11.557635 19.759103 -9.932815
v 34.432310 11.855462 -9.932815
v 11.557635 11.855462 -9.932815
v 34.432310 17.696673 -9.932815
v 37.866013 17.696673 -9.932815
v 47.124023 11.855462 -9.932815
v 37.866013 11.855462 -9.932815
v 47.124023 19.759103 -9.932815
v 78.738589 31.614565 -96.872871
v 77.750632 19.759103 -95.884915
v 78.738589 19.759103 -96.872871
v 110.353154 12.843418 17.729930
v 114.304980 12.843418 17.729930
v 110.353154 11.855462 17.729930
v 112.329067 12.843418 17.729930
v 112.329067 13.831372 17.729930
v 114.304980 13.831372 17.729930
v 31.316741 17.783194 -19.812367
v 19.461279 11.855462 -19.812367
v 31.316741 11.855462 -19.812367
v 19.461279 17.783194 -19.812367
v 47.124023 27.662745 29.585392
v 48.074982 13.831372 29.585392
v 47.124023 13.831372 29.585392
v 48.074982 21.484916 29.585392
v 61.256085 21.484916 29.585392
v 71.822900 13.831372 29.585392
v 61.256085 13.831372 29.585392
v 71.822900 31.415500 29.585392
v 47.124023 29.638656 29.585392
v 47.124023 31.415500 29.585392
v 114.304980 21.619636 57.248137
v 115.292930 16.795239 57.248137
v 114.304980 16.795239 57.248137
v 126.160444 15.807283 57.248137
v 115.292930 15.807283 57.248137
v 126.160444 27.662745 57.248137
v 114.304980 31.614565 57.248137
v 126.160444 29.638656 57.248137
v 134.064082 29.638656 57.248137
v 134.064082 31.614565 57.248137
v 33.292650 17.783194 -65.258306
v 31.316741 19.759103 -63.282393
v 31.316741 17.783194 -63.282393
v 31.316741 31.614565 -63.282393
v 33.292650 31.614565 -65.258306
v 19.461279 31.614565 -19.812367
v 19.461279 27.662745 -21.788278
v 19.461279 19.759103 -19.812367
v 19.461279 31.614565 -33.643740
v 19.461279 27.662745 -33.643740
v 19.461279 19.759103 -21.788278
v 19.461279 25.686835 -21.788278
v 88.618140 33.495026 -51.426932
v 88.618140 29.638656 -43.523291
v 88.618140 33.495026 -43.523291
v 88.618140 29.638656 -49.451023
v 88.618140 27.662745 -49.451023
v 88.618140 13.831372 -49.451023
v 88.618140 13.831372 -51.426932
v 88.618140 26.463596 -51.426932
v 62.931306 31.614565 61.199960
v 43.172205 21.735015 61.199960
v 62.931306 21.735015 61.199960
v 43.172205 31.614565 61.199960
v 17.485367 31.614565 61.199960
v 19.461279 21.735015 61.199960
v 17.485367 21.735015 61.199960
v 19.461279 31.614565 61.199960
v 23.413099 31.614565 65.151775
v 23.413099 21.735015 65.151775
v 88.618140 33.495026 3.898558
v 88.618140 29.638656 1.922647
v 88.618140 26.514853 3.898558
v 88.618140 33.495026 -4.005084
v 88.618140 13.831372 3.898558
v 88.618140 29.638656 -4.005084
v 88.618140 13.831372 1.922647
v 88.618140 27.662745 1.922647
v 11.557635 31.614565 45.392677
v 7.605817 21.735015 41.440854
v 11.557635 21.735015 45.392677
v 7.605817 31.614565 41.440854
v 114.304980 13.831372 25.633572
v 112.329067 12.843418 25.633572
v 114.304980 12.843418 25.633572
v 112.329067 13.831372 25.633572
v 110.353154 12.843418 25.633572
v 110.353154 11.855462 25.633572
v 94.545879 17.783194 -65.258306
v 78.738589 11.855462 -65.258306
v 94.545879 11.855462 -65.258306
v 78.738589 17.783194 -65.258306
v 114.304980 16.795239 25.633572
v 114.304980 13.831372 57.248137
v 19.461279 17.783194 -21.788278
v 19.461279 11.855462 -21.788278
v -4.249647 31.614565 61.199960
v -8.201466 21.735015 65.151775
v -8.201466 31.614565 65.151775
v -4.249647 21.735015 61.199960
v 43.172205 19.759103 61.199960
v 39.220382 11.855462 57.248137
v 43.172205 11.855462 61.199960
v 39.220382 19.759103 57.248137
v 134.064082 31.614565 13.778110
v 126.160444 29.638656 13.778110
v 134.064082 29.638656 13.778110
v 126.160444 27.662745 13.778110
v 118.256792 23.710924 13.778110
v 126.160444 23.710924 13.778110
v 118.256792 31.614565 13.778110
v 17.485367 19.759103 61.199960
v 19.455668 11.855462 61.199960
v 17.485367 11.855462 61.199960
v 19.461279 11.855462 61.199960
v 19.461279 19.759103 61.199960
v 31.316741 31.614565 -19.812367
v 31.316741 19.759103 -19.812367
v 11.557635 31.614565 -9.932815
v 7.605817 21.735015 -5.980995
v 7.605817 31.614565 -5.980995
v 11.557635 21.735015 -9.932815
v 15.509458 21.735015 59.224050
v 15.509458 31.614565 59.224050
v 31.316741 17.783194 -83.041501
v 33.292650 31.614565 -81.065588
v 33.292650 17.783194 -81.065588
v 31.316741 31.614565 -83.041501
v 31.316741 19.759103 -83.041501
v 21.437188 31.614565 45.392677
v 23.413099 21.735015 47.368586
v 23.413099 31.614565 47.368586
v 21.437188 21.735015 45.392677
v 94.545879 27.662745 -4.005084
v 96.521785 13.831372 -4.005084
v 94.545879 13.831372 -4.005084
v 96.521785 26.514853 -4.005084
v 96.521785 29.638656 -4.005084
v 94.545879 29.638656 -4.005084
v 86.642227 31.614565 61.199960
v 90.594053 11.855462 57.248137
v 86.642227 11.855462 61.199960
v 90.594053 31.614565 57.248137
v 31.316741 19.759103 -92.921052
v 31.316741 31.614565 -92.921052
v 50.144147 19.759103 61.199960
v 47.124023 11.855462 61.199960
v 50.144147 11.855462 61.199960
v 126.160444 15.807283 -65.258306
v 118.256792 31.614565 -65.258306
v 118.256792 13.831372 -65.258306
v 126.160444 18.827494 -65.258306
v 126.160444 27.662745 -65.258306
v 126.160444 29.638656 -65.258306
v 126.160444 31.614565 -65.258306
v 114.304980 31.614565 -69.210125
v 114.304980 13.831372 -69.210125
v 114.304980 23.601991 -69.210125
v 47.124023 21.735015 -9.932815
v 47.124023 27.662745 -9.932815
v 47.124023 29.638656 -9.932815
v 64.776958 29.638656 -9.932815
v 64.776958 31.614565 -9.932815
v 31.316741 11.855462 -23.764188
v 31.316741 12.843418 -23.764188
v 31.316741 15.807283 -29.691918
v 31.316741 17.783194 -33.643740
v 31.316741 14.819328 -27.716008
v 31.316741 13.831372 -25.740099
v 31.316741 12.843418 -25.740099
v 31.316741 13.831372 -27.716008
v 31.316741 14.819328 -29.691918
v 31.316741 16.795239 -31.667831
v 31.316741 15.807283 -31.667831
v 31.316741 16.795239 -33.643740
v 74.786770 31.430035 32.549258
v 74.786770 13.831372 32.549258
v -8.201466 19.759103 65.151775
v -4.249647 11.855462 61.199960
v -8.201466 11.855462 65.151775
v -4.249647 19.759103 61.199960
v 110.543408 11.855462 57.248137
v 97.547446 11.855462 59.224050
v 97.547446 11.855462 57.248137
v 110.543408 11.855462 59.224050
v 78.738589 17.783194 -71.186038
v 78.738589 12.596429 -71.186038
v 23.413099 19.759103 65.151775
v 23.413099 11.855462 65.151775
v 33.298242 27.371411 -92.921052
v 33.298242 19.759103 -92.921052
v 33.298242 31.614565 -92.921052
v 126.160444 23.773541 -33.643740
v 126.160444 27.662745 -33.643740
v 126.160444 21.847703 -33.643740
v 126.160444 18.827494 -33.643740
v 126.160444 15.807283 -33.643740
v 47.124023 15.807283 -79.089683
v 47.124023 14.210728 -49.451023
v 47.124023 15.807283 -49.451023
v 47.124023 14.210728 -51.572574
v 47.124023 14.210728 -63.361721
v 47.124023 14.210728 -65.258306
v 47.124023 12.314145 -65.258306
v 47.124023 3.951821 -65.258306
v 47.124023 5.449724 -79.089683
v 94.545879 17.783194 -88.969233
v 49.099933 4.445799 -65.258306
v 48.111980 4.939775 -71.186038
v 49.099933 5.186765 -71.186038
v -0.297825 11.855462 -21.788278
v -0.297825 3.951821 -2.029174
v -0.297825 11.855462 29.585392
v -0.297825 3.951821 -21.788278
v 49.099933 11.735038 -65.258306
v 49.099933 12.072185 -65.280125
v 49.099933 14.210728 -65.258306
v 49.099933 12.314145 -65.258306
v 49.099933 17.783194 -65.258306
v 49.099933 17.783194 -71.186038
v 17.967376 5.449724 -79.089683
v 17.967376 15.807283 -79.089683
v 35.577297 15.807283 -79.089683
v 35.515551 15.807283 -79.089683
v 21.446391 15.807283 -79.089683
v 96.521785 26.514853 3.898558
v 96.521785 13.831372 3.898558
v 39.220382 19.759103 47.368586
v 39.220382 11.855462 47.368586
v 21.437188 19.759103 45.392677
v 23.413099 11.855462 47.368586
v 23.413099 19.759103 47.368586
v 21.437188 11.855462 45.392677
v 55.027665 27.662745 1.922647
v 47.124023 13.831372 9.826289
v 55.027665 13.831372 1.922647
v 47.124023 27.662745 9.826289
v 47.124023 21.735015 34.002715
v 47.124023 23.710924 57.113346
v 47.124023 21.735015 57.113346
v 47.124023 23.710924 34.002715
v 114.304980 16.795239 9.826289
v 114.304980 13.831372 9.826289
v 33.292650 22.769795 -67.823159
v 33.292650 17.783194 -71.196101
v 33.292650 22.769795 -77.833440
v 33.292650 31.614565 -77.833440
v 33.292650 31.614565 -67.823159
v 96.521785 13.831372 -51.426932
v 96.521785 26.463596 -51.426932
v 96.521785 26.463596 -43.523291
v 94.545879 13.831372 -43.523291
v 96.521785 13.831372 -43.523291
v 94.545879 27.662745 -43.523291
v 96.521785 33.495026 -43.523291
v 94.545879 29.638656 -43.523291
v 114.304980 31.614565 5.120212
v 114.304980 23.773541 9.826289
v 114.304980 31.614565 9.826289
v 114.304980 23.773541 5.120212
v 47.124023 27.662745 -30.856813
v 47.124023 17.783194 -33.643740
v 47.124023 11.855462 -30.856813
v 47.124023 27.662745 -49.451023
v 47.124023 17.783194 -49.451023
v 47.124023 11.855462 -33.643740
v 47.124023 15.807283 -33.643740
v 53.667330 20.818015 -29.461586
v 48.519254 11.855462 -29.461586
v 53.667330 11.855462 -29.461586
v 48.519254 27.662745 -29.461586
v 53.667330 27.662745 -29.461586
v 47.124023 27.662745 -18.734954
v 48.519254 11.855462 -20.055892
v 47.124023 11.855462 -18.734954
v 48.519254 27.662745 -20.055892
v 45.148114 31.614565 -92.921052
v 42.388524 19.759103 -92.921052
v 45.148114 19.759103 -92.921052
v 42.388524 27.371411 -92.921052
v 42.388524 31.614565 -92.921052
v 42.388524 26.016141 -94.341907
v 42.388524 19.759103 -98.661211
v 42.388524 26.016141 -98.661211
v 33.298242 19.759103 -98.661211
v 33.298242 26.016141 -94.341907
v 33.298242 26.016141 -98.661211
v 114.304980 31.614565 -112.680154
v 107.717476 27.665123 -112.680154
v 114.304980 20.747060 -112.680154
v 107.717476 29.365911 -112.680154
v 96.662351 29.365911 -112.680154
v 91.506138 19.759103 -112.680154
v 97.385859 19.762302 -112.680154
v 91.506138 31.614565 -112.680154
v 106.831685 19.762302 -112.680154
v 96.662351 27.665123 -112.680154
v 97.385859 27.665123 -112.680154
v 97.371013 27.665123 -112.680154
v 110.353154 19.759103 -112.680154
v 94.545879 19.759103 -112.680154
v 106.831685 27.665123 -112.680154
v 89.335913 31.614565 -141.688030
v 89.335913 19.759103 -114.850378
v 89.335913 31.614565 -114.850378
v 89.335913 19.759103 -122.687820
v 89.335913 19.759103 -141.688030
v 61.494492 31.614565 -125.389622
v 75.590610 19.759103 -125.389622
v 61.494492 19.759103 -125.389622
v 75.590610 31.614565 -125.389622
v 40.208339 11.855462 -33.643740
v 40.208339 15.807283 -33.643740
v 47.124023 17.783194 -90.945139
v 47.124023 31.614565 -90.945139
v 45.148114 17.783194 -92.921052
v 115.292930 16.795239 25.633572
v 64.907219 17.783194 -92.921052
v 62.931306 31.614565 -90.945139
v 62.931306 17.783194 -90.945139
v 13.533549 15.807283 -65.258306
v -0.297825 3.951821 -65.258306
v 13.533549 3.951821 -65.258306
v -0.297825 11.855462 -65.258306
v -0.297825 13.550215 -65.258306
v -0.297825 15.807283 -65.258306
v 118.256792 21.847703 -33.643740
v 118.256792 13.831372 -33.643740
v 114.304980 13.831372 5.220083
v 114.304980 12.843418 9.826289
v 114.304980 12.843418 -29.691918
v 114.304980 13.831372 -4.416463
v 114.304980 13.831372 -5.544219
v 114.304980 13.831372 -14.070066
v 114.304980 13.831372 -15.217048
v 114.304980 13.831372 -24.889878
v 114.304980 13.831372 -29.691918
v 59.933635 22.591718 -90.945139
v 59.933635 31.614565 -90.945139
v 49.979095 22.591718 -90.945139
v 49.979095 31.614565 -90.945139
v 114.304980 31.614565 -108.728335
v 114.304980 23.601991 -88.996040
v 114.304980 31.614565 -88.996040
v 114.304980 20.747060 -96.872871
v 40.208339 11.855462 -25.239844
v 78.738589 23.065175 -100.284404
v 78.738589 21.695096 -102.434011
v 78.738589 19.759103 -112.680154
v 78.738589 21.695096 -104.323777
v 78.738589 23.065175 -104.323777
v 78.738589 23.065175 -105.103301
v 78.738589 24.765963 -105.103301
v 78.738589 24.765963 -100.284404
v 78.738589 31.614565 -112.680154
v 78.738589 24.718718 -100.284404
v 78.738589 23.065175 -102.434011
v 78.738589 31.614565 -121.862966
v 78.738589 19.759103 -121.862966
v -16.105111 21.735015 104.669985
v -18.081017 31.614565 108.621812
v -16.105111 21.735015 108.621812
v -18.081017 31.614565 104.669985
v -16.105111 21.735015 114.549543
v -16.105111 33.590479 116.525449
v -16.105111 21.735015 116.525449
v -16.105111 33.590479 108.621812
v 42.692823 31.614565 104.669985
v 42.692823 21.735015 132.332732
v 42.692823 31.614565 132.332732
v 42.692823 21.735015 104.669985
v 114.304980 21.847703 -29.691918
v 114.304980 21.978010 7.022375
v 114.304980 21.978010 9.826289
v 114.304980 21.972817 5.220083
v 62.931306 23.710924 34.002715
v 62.931306 21.735015 57.113346
v 62.931306 23.710924 57.113346
v 62.931306 21.735015 34.002715
v 62.931306 19.759103 34.002715
v 62.931306 11.855462 57.113346
v 62.931306 19.759103 57.113346
v 62.931306 11.855462 34.002715
v 17.967376 15.807283 -69.530479
v 17.967376 4.414486 -69.530479
v 47.124023 11.855462 34.002715
v 47.124023 19.759103 57.113346
v 47.124023 11.855462 57.113346
v 47.124023 19.759103 34.002715
v -0.297825 11.855462 -45.499204
v 15.509458 3.951821 -45.499204
v -0.297825 3.951821 -45.499204
v 15.509458 15.807283 -45.499204
v -0.297825 13.550215 -45.499204
v -0.297825 15.807283 -45.499204
v 21.437188 3.951821 -49.451023
v 21.437188 15.807283 -49.451023
v 47.124023 27.662745 -17.836458
v 60.265690 31.466733 -124.439011
v 60.265690 33.442643 -105.942942
v 60.265690 31.466733 -105.942942
v 60.265690 45.298107 -105.942942
v 60.265690 45.298107 -124.439011
v -16.105111 33.590479 37.489036
v -20.056930 21.735015 37.489036
v -16.105111 21.735015 37.489036
v -20.056930 25.686835 37.489036
v -20.056930 27.662745 37.489036
v -20.056930 31.614565 37.489036
v -21.044886 33.590479 37.489036
v -20.056930 11.855462 65.151775
v -20.056930 19.759103 69.103601
v -20.056930 11.855462 69.103601
v -20.056930 19.759103 65.151775
v -20.056930 21.735015 65.151775
v -20.056930 25.686835 69.103601
v -20.056930 21.735015 69.103601
v -20.056930 25.686835 65.151775
v 118.256792 15.807283 13.778110
v 118.256792 21.978010 13.778110
v 115.292930 16.795239 10.814244
v 115.292930 15.807283 10.814244
v 126.160444 21.978010 13.778110
v 126.160444 15.807283 13.778110
v 96.521785 33.495026 -4.005084
v 53.667330 11.855462 -20.055892
v 53.667330 20.818015 -20.055892
v 53.667330 27.662745 -20.055892
v 114.304980 31.614565 -29.691918
v 118.256792 23.773541 -33.643740
v 114.304980 23.773541 -29.691918
v 118.256792 31.614565 -33.643740
v 86.540654 20.020054 1.922647
v 86.540654 25.041414 1.922647
v 86.540654 27.662745 1.922647
v 77.400791 27.662745 1.922647
v 72.202075 20.020054 1.922647
v 77.400791 20.020054 1.922647
v 72.202075 25.041414 1.922647
v 72.202075 27.662745 1.922647
v 63.062212 20.020054 1.922647
v 63.062212 27.662745 1.922647
v 40.506584 45.298107 -124.439011
v 40.506584 33.442643 -105.942942
v 40.506584 45.298107 -105.942942
v 40.506584 31.466733 -105.942942
v 40.506584 31.466733 -124.439011
v -16.105111 21.735015 -21.788278
v -16.105111 27.662745 -17.836458
v -16.105111 21.735015 -17.836458
v -16.105111 27.662745 -21.788278
v -16.105111 25.686835 -21.788278
v -16.105111 11.855462 69.103601
v -16.105111 19.759103 69.103601
v -16.105111 21.735015 69.103601
v -16.105111 33.590479 69.103601
v -20.056930 27.662745 69.103601
v -20.056930 31.614565 69.103601
v -21.044886 33.590479 69.103601
v -16.105111 33.590479 -9.932815
v -18.081017 31.614565 -9.932815
v -16.105111 21.735015 -9.932815
v -18.081017 33.590479 -9.932815
v -20.056930 19.759103 41.440854
v -24.008749 11.855462 45.392677
v -20.056930 11.855462 41.440854
v -24.008749 19.759103 45.392677
v -20.056930 25.686835 41.440854
v -24.008749 21.735015 45.392677
v -20.056930 21.735015 41.440854
v -24.008749 25.686835 45.392677
v -24.008749 21.735015 61.199960
v -24.008749 25.686835 61.199960
v -27.960575 19.759103 61.199960
v -24.008749 11.855462 61.199960
v -27.960575 11.855462 61.199960
v -24.008749 19.759103 61.199960
v -24.008749 33.590479 -17.836458
v -24.008749 27.662745 -17.836458
v -16.105111 33.590479 -17.836458
v 42.482498 31.466733 -103.967036
v 42.482498 45.298107 -103.967036
v -27.960575 21.735015 45.392677
v -27.960575 25.686835 45.392677
v -27.960575 11.855462 45.392677
v -27.960575 19.759103 45.392677
v -20.056930 11.855462 37.489036
v -20.056930 19.759103 37.489036
v -20.056930 12.546038 37.489036
v 47.124023 3.951821 -49.451023
v 47.124023 12.089178 -49.451023
v -27.960575 25.686835 61.199960
v -27.960575 21.735015 61.199960
v -16.105111 11.855462 37.489036
v -16.105111 19.759103 37.489036
v -24.008749 31.614565 114.549543
v -39.816031 21.735015 116.525449
v -24.008749 21.735015 116.525449
v -39.816031 31.614565 114.549543
v 58.289780 31.466733 -103.967036
v 58.289780 45.298107 -103.967036
v 11.557635 31.614565 132.332732
v 16.256158 21.735015 132.332732
v 11.557635 21.735015 132.332732
v 16.256158 31.614565 132.332732
v 7.605817 21.735015 136.284558
v 7.605817 31.614565 136.284558
v 23.413099 11.855462 104.669985
v 19.461279 19.759103 108.621812
v 19.461279 11.855462 108.621812
v 23.413099 19.759103 104.669985
v -39.816031 31.614565 140.236370
v -16.105111 21.735015 140.236370
v -39.816031 21.735015 140.236370
v 7.605817 21.735015 140.236370
v 7.605817 31.614565 140.236370
v 25.389009 21.735015 92.814529
v 23.413099 31.614565 94.790435
v 23.413099 21.735015 94.790435
v 25.389009 31.614565 92.814529
v 25.389009 11.855462 92.814529
v 23.413099 19.759103 94.790435
v 23.413099 11.855462 94.790435
v 25.389009 19.759103 92.814529
v 94.073437 18.263602 -33.174642
v 94.545879 13.831372 -33.174642
v 94.073437 13.831372 -33.174642
v 94.545879 18.263602 -33.174642
v 94.545879 18.263602 -36.608342
v 94.073437 13.831372 -36.608342
v 94.545879 13.831372 -36.608342
v 94.073437 18.263602 -36.608342
v 94.144299 13.831372 -27.575457
v 94.545879 18.263602 -27.575457
v 94.545879 13.831372 -27.575457
v 94.144299 18.263602 -27.575457
v 94.545879 18.263602 -31.009156
v 94.144299 13.831372 -31.009156
v 94.545879 13.831372 -31.009156
v 94.144299 18.263602 -31.009156
v 126.160444 22.215423 42.181252
v 126.562017 16.374212 42.181252
v 126.160444 16.374212 42.181252
v 126.562017 22.215423 42.181252
v -12.020823 25.686835 -21.788278
v -16.105111 17.783194 -21.788278
v -12.020823 17.783194 -21.788278
v -16.105111 19.759103 -21.788278
v -8.201466 19.759103 102.694080
v -8.201466 11.855462 104.669985
v -8.201466 19.759103 104.669985
v -8.201466 11.855462 77.007239
v -8.201466 19.759103 78.983152
v -8.201466 19.759103 77.007239
v 42.692823 19.759103 104.669985
v 46.644642 11.855462 100.718167
v 42.692823 11.855462 104.669985
v 46.644642 19.759103 100.718167
v 46.644642 21.735015 100.718167
v 46.644642 31.614565 100.718167
v -18.081017 31.614565 29.585392
v -16.105111 33.590479 29.585392
v -16.105111 21.735015 29.585392
v -18.081017 33.590479 29.585392
v -16.105111 31.614565 104.669985
v 114.304980 11.855462 32.220145
v 114.304980 8.595620 57.248137
v 114.304980 11.855462 57.248137
v 114.304980 11.855462 59.224050
v 114.304980 0.987955 75.031333
v 114.304980 11.855462 75.031333
v 114.304980 0.987955 61.199960
v 114.304980 8.595620 59.224050
v 19.461279 31.614565 108.621812
v -4.249647 21.735015 108.621812
v 19.461279 21.735015 108.621812
v -4.249647 31.614565 108.621812
v -4.249647 11.855462 108.621812
v -4.249647 19.759103 108.621812
v 86.642227 29.638656 94.014939
v 86.642227 31.614565 94.014939
v 86.642227 29.638656 77.007239
v 86.642227 29.638656 69.103601
v 86.642227 27.662745 69.103601
v 86.642227 13.831372 69.103601
v 86.642227 11.855462 69.103601
v 74.786770 27.662745 69.103601
v 74.786770 13.831372 69.103601
v -18.081017 33.590479 108.621812
v 74.786770 31.430035 94.014939
v 74.786770 29.638656 94.014939
v 94.545879 11.855462 75.031333
v 97.872480 0.000000 75.031333
v 94.545879 0.000000 75.031333
v 97.124626 7.903671 75.031333
v 97.872480 7.903641 75.031333
v 97.124626 9.604458 75.031333
v 108.179744 9.604458 75.031333
v 107.318306 7.903641 75.031333
v 110.353154 0.000000 75.031333
v 107.318306 0.000000 75.031333
v 108.179744 7.903671 75.031333
v 97.833289 7.903671 75.031333
v 23.413099 21.735015 75.031333
v 25.389009 31.614565 77.007239
v 25.389009 21.735015 77.007239
v 23.413099 31.614565 75.031333
v 25.389009 31.614565 80.138123
v 25.389009 21.735015 80.138123
v -16.105111 19.759103 114.549543
v -4.249647 11.855462 114.549543
v -16.105111 11.855462 114.549543
v 15.509458 11.855462 114.549543
v -16.105111 19.759103 104.669985
v -16.105111 19.759103 102.694080
v -16.105111 19.759103 78.983152
v -16.105111 19.759103 77.007239
v -8.201466 21.735015 77.007239
v -8.201466 31.614565 77.007239
v -16.105111 31.614565 77.007239
v -16.105111 21.735015 77.007239
v 23.413099 11.855462 75.031333
v 25.389009 19.759103 77.007239
v 25.389009 11.855462 77.007239
v 23.413099 19.759103 75.031333
v 23.413099 21.735015 104.669985
v 23.413099 31.614565 104.669985
v -8.201466 21.735015 104.669985
v -8.201466 31.614565 104.669985
v 62.931306 21.735015 80.959065
v 62.931306 31.614565 80.959065
v 62.931306 19.759103 61.199960
v 62.931306 11.855462 100.718167
v 62.931306 19.759103 100.718167
v 62.931306 11.855462 61.199960
v 62.931306 31.614565 90.978713
v 62.931306 21.735015 100.718167
v 62.931306 31.614565 100.718167
v 62.931306 21.735015 90.978713
v 94.545879 0.000000 61.199960
v 94.545879 11.855462 59.224050
v 94.545879 9.055229 59.224050
v 94.545879 9.055229 57.248137
v 94.545879 11.855462 29.585392
v 94.545879 11.855462 57.248137
v 7.605817 19.759103 -5.980995
v 7.605817 11.855462 -5.980995
v 11.557635 19.759103 45.392677
v 7.605817 11.855462 41.440854
v 11.557635 11.855462 45.392677
v 7.605817 19.759103 41.440854
v -0.297825 19.759103 59.224050
v -2.273738 11.855462 61.199960
v -2.273738 19.759103 61.199960
v -1.779760 11.855462 60.705981
v -0.297825 11.855462 59.224050
v -0.297825 31.614565 59.224050
v -2.273738 21.735015 61.199960
v -2.273738 31.614565 61.199960
v -0.297825 21.735015 59.224050
v 15.509458 11.855462 59.224050
v 15.509458 19.759103 59.224050
v 11.557635 11.855462 59.224050
v 11.557635 19.759103 132.332732
v 7.605817 14.819328 136.284558
v 7.605817 19.759103 136.284558
v 11.557635 12.843418 132.332732
v 7.605817 19.759103 140.236370
v 7.605817 15.807283 140.236370
v -8.201466 19.759103 140.236370
v 47.124023 19.840133 25.827208
v 47.124023 19.840133 16.290286
v 47.124023 27.662745 16.290286
v 47.124023 27.662745 25.827208
v 114.304980 23.773541 -24.889878
v 114.304980 31.614565 -24.889878
v 114.304980 21.886060 -24.889878
v 114.304980 21.944507 -4.605439
v 114.304980 21.944507 -4.416463
v 114.304980 21.941803 -5.544219
v 114.304980 21.913931 -15.217048
v 114.304980 21.917236 -14.070066
v 115.226235 13.831372 5.220083
v 115.226235 21.972817 5.220083
v 115.226235 21.944507 -4.416463
v 115.226235 13.831372 -4.416463
v 3.753025 21.735015 59.224050
v 3.753025 31.614565 59.224050
v 25.389009 21.735015 89.540742
v 25.389009 31.614565 89.540742
v 26.194451 31.614565 47.368586
v 26.194451 21.735015 47.368586
v 126.160444 17.679602 19.902931
v 126.160444 27.662745 19.902931
v 126.160444 27.662745 29.744848
v 126.160444 16.374212 43.033286
v 126.160444 22.215423 38.747552
v 126.160444 16.374212 38.747552
v 126.160444 16.374212 38.015222
v 126.160444 15.807283 38.015222
v 126.160444 17.679602 29.744848
v 126.160444 15.807283 43.033286
v 37.215110 31.614565 132.332732
v 39.805704 21.735015 132.332732
v 37.215110 21.735015 132.332732
v 74.786770 18.263602 37.639508
v 74.786770 13.831372 37.639508
v 74.786770 13.831372 46.639230
v 74.786770 31.430035 46.639230
v 74.786770 18.263602 41.073212
v 74.786770 13.831372 42.385844
v 74.786770 13.831372 41.073212
v 94.545879 21.619636 57.248137
v 94.545879 13.831372 57.248137
v 25.389009 12.422391 82.937549
v 25.389009 18.263602 83.789590
v 25.389009 12.422391 83.789590
v 25.389009 11.855462 82.937549
v 25.389009 11.855462 87.955613
v 25.389009 12.422391 87.955613
v 25.389009 18.263602 87.223286
v 25.389009 12.422391 87.223286
v 115.155366 21.917236 -14.070066
v 115.155366 13.831372 -14.070066
v 115.155366 13.831372 -5.544219
v 115.155366 21.941803 -5.544219
v 115.273477 21.886060 -24.889878
v 115.273477 13.831372 -24.889878
v 115.273477 13.831372 -15.217048
v 115.273477 21.913931 -15.217048
v 92.569966 11.855462 57.248137
v 92.569966 13.831372 57.248137
v 94.545879 31.614565 57.248137
v 36.310833 19.759103 -99.133652
v 36.310833 24.191332 -98.661211
v 36.310833 19.759103 -98.661211
v 36.310833 24.191332 -99.133652
v 53.667330 20.747150 -27.262200
v 53.667330 20.818015 -27.262200
v 53.667330 20.818015 -22.183462
v 53.667330 12.422391 -22.147476
v 53.667330 20.747150 -22.183462
v 53.667330 12.422391 -22.913529
v 53.667330 18.263602 -22.999514
v 53.667330 18.263602 -26.433214
v 53.667330 12.422391 -26.433214
v 53.667330 12.422391 -27.165542
v 53.667330 11.855462 -27.165542
v 53.667330 12.422391 -22.999514
v 53.667330 11.855462 -22.147476
v 126.562017 22.215423 38.747552
v 126.562017 16.374212 38.747552
v 74.314329 18.263602 41.073212
v 74.314329 13.831372 41.073212
v 74.314329 13.831372 37.639508
v 74.314329 18.263602 37.639508
v -16.105111 3.951821 -2.029174
v -16.105111 9.115768 10.121587
v -16.105111 6.989511 10.121587
v -16.105111 9.115768 -2.029174
v 8.098103 11.855462 -21.788278
v 8.098103 12.422391 -21.788278
v 7.246069 12.422391 -21.788278
v 7.246069 17.783194 -21.788278
v -16.105111 4.518750 -18.461171
v -17.451566 10.950512 -18.461171
v -17.451566 4.518750 -18.461171
v -16.105111 10.950512 -18.461171
v 39.785988 19.759103 -98.661211
v 39.744532 19.759103 -98.661211
v 39.744532 24.191332 -98.661211
v 36.226945 19.759103 -98.661211
v 39.744532 24.191332 -99.133652
v 39.744532 19.759103 -99.133652
v -0.297825 19.759103 -21.788278
v -2.110323 25.686835 -21.788278
v -2.110323 17.783194 -21.788278
v 55.027247 36.453336 -103.967036
v 48.420289 31.466733 -103.967036
v 55.027247 45.298107 -103.967036
v 45.301655 36.453336 -103.967036
v 45.301655 45.298107 -103.967036
v 25.011057 12.422391 83.789590
v 25.011057 18.263602 83.789590
v 25.011057 18.263602 87.223286
v 25.011057 12.422391 87.223286
v 49.099933 14.210728 -63.361721
v 49.099933 14.210728 -51.572574
v 49.099933 16.011541 -49.451023
v 49.099933 14.210728 -49.451023
v 49.099933 16.011541 -56.206930
v 49.099933 14.235134 -51.843234
v 49.099933 14.210728 -52.220372
v 49.099933 17.783194 -56.206930
v -17.451566 10.950512 -13.988057
v -16.105111 10.950512 -13.988057
v 49.099933 12.089178 -49.451023
v 7.246069 17.783194 -22.142609
v 7.246069 12.422391 -22.142609
v 7.246069 18.263602 -22.142609
v 7.246069 18.263602 -21.788278
v 3.812366 18.263602 -21.788278
v 3.812366 18.263602 -22.142609
v 3.812366 17.783194 -22.142609
v 3.812366 17.783194 -21.788278
v 61.494492 19.759103 -141.688030
v 61.494492 31.614565 -141.688030
v 7.605817 13.060187 -2.768219
v 7.605817 19.759103 -2.768219
v 7.605817 12.493258 -2.768219
v 7.605817 11.855462 -2.768219
v 7.605817 19.759103 38.223655
v 7.605817 11.855462 38.223655
v 7.605817 13.060187 38.223655
v 7.605817 12.493258 38.223655
v 8.763296 12.493258 38.223655
v 8.763296 13.060187 38.223655
v 8.763296 19.759103 38.223655
v 8.763296 13.060187 8.012962
v 7.605817 12.493258 8.012962
v 8.763296 12.493258 8.012962
v 7.605817 19.759103 8.012962
v 8.763296 19.759103 8.012962
v 7.605817 19.759103 6.855481
v 8.763296 12.493258 6.855481
v 7.605817 12.493258 6.855481
v 8.763296 13.060187 6.855481
v 8.763296 19.759103 6.855481
v 7.605817 19.759103 28.157016
v 8.763296 12.493046 28.157016
v 7.605817 12.493046 28.157016
v 8.763296 13.060187 28.157016
v 8.763296 19.759103 28.157016
v 8.763296 13.060187 18.713749
v 7.605817 12.493258 18.713749
v 8.763296 12.493258 18.713749
v 7.605817 19.759103 18.713749
v 8.763296 19.759103 18.713749
v 12.387312 31.614565 59.224050
v 12.387312 21.735015 59.224050
v 36.918585 19.759103 133.773684
v 36.918585 12.351525 132.332732
v 36.918585 12.351525 133.773684
v 36.918585 19.759103 132.332732
v 7.605817 12.493046 29.314497
v 7.605817 19.759103 29.314497
v 8.763296 13.060187 29.314497
v 8.763296 12.493046 29.314497
v 8.763296 19.759103 29.314497
v 40.443816 11.855462 132.332732
v 36.918585 11.855462 132.332732
v 42.692823 11.855462 132.332732
v 42.692823 19.759103 132.332732
v 15.509458 19.759103 132.332732
v 15.509458 11.855462 132.332732
v 17.188138 11.855462 132.332732
v 17.188138 12.351525 132.332732
v 17.188138 19.759103 132.332732
v 26.462393 12.351525 132.332732
v 27.644330 11.855462 132.332732
v 26.462393 11.855462 132.332732
v 27.644330 12.351525 132.332732
v 27.644330 19.759103 132.332732
v 26.462393 19.759103 132.332732
v 8.763296 13.060187 -2.768219
v 8.763296 12.493258 -2.768219
v 17.188138 19.759103 133.773684
v 17.188138 12.351525 133.773684
v 8.763296 19.759103 -2.768219
v 47.124023 11.855462 100.718167
v 49.414135 11.855462 100.718167
v 49.414135 19.759103 100.718167
v 26.462393 19.759103 133.773684
v 26.462393 12.351525 133.773684
v 42.692823 11.855462 120.099565
v 42.692823 19.759103 120.099565
v 42.692823 11.855462 113.508596
v 42.692823 19.759103 129.545398
v 43.637706 11.855462 129.545398
v 42.692823 11.855462 129.545398
v 43.637706 19.759103 129.545398
v 43.637706 19.759103 127.561208
v 42.692823 19.759103 127.561208
v 59.589972 19.759103 57.113346
v 59.589972 11.855462 57.113346
v 60.955397 11.855462 61.199960
v 59.589972 11.855462 61.199960
v 59.589972 19.759103 61.199960
v 50.144147 11.855462 57.113346
v 50.144147 19.759103 57.113346
v 58.907230 19.759103 29.585392
v 52.119229 19.759103 34.002715
v 52.119229 19.759103 29.585392
v 58.907230 19.759103 34.002715
v 49.414135 19.759103 101.970139
v 49.414135 11.855462 101.970139
v -5.535092 11.855462 -27.741035
v -12.323093 11.855462 -21.788278
v -12.323093 11.855462 -27.741035
v -5.535092 11.855462 -21.788278
v -14.307286 11.855462 -27.741035
v -14.307286 11.855462 -21.788278
v -14.307286 3.951821 -23.489064
v -14.307286 3.951821 -21.788278
v -14.307286 3.951821 -27.741035
v 107.318306 0.000000 75.952595
v 107.318306 7.903641 75.952595
v 58.859960 19.759103 100.718167
v 60.955397 11.855462 100.718167
v 58.859960 11.855462 100.718167
v 58.859960 19.759103 101.970139
v 58.859960 11.855462 101.970139
v 97.872480 7.903641 75.952595
v 97.872480 0.000000 75.952595
v 59.580864 19.759103 29.585392
v 59.580864 19.759103 34.002715
v 50.135039 11.855462 29.585392
v 50.135039 19.759103 34.002715
v 50.135039 11.855462 34.002715
v 50.135039 19.759103 29.585392
v 43.637706 19.759103 120.773203
v 42.692823 19.759103 120.773203
v 43.637706 19.759103 120.099565
v 43.637706 11.855462 120.099565
v -27.960575 11.855462 57.965083
v -27.960575 19.759103 57.965083
v -27.960575 19.759103 48.519258
v -27.960575 11.855462 48.519258
v 106.816838 27.665123 -113.695906
v 97.385859 27.665123 -113.695906
v 106.816838 27.665123 -112.680154
v 97.385859 19.762302 -113.695906
v 7.605817 19.759103 17.556269
v 7.605817 12.493258 17.556269
v 74.786770 13.831372 57.212410
v 74.786770 29.638656 69.103601
v 74.786770 31.430035 57.212410
v -4.861458 11.855462 -27.741035
v -4.861458 11.855462 -21.788278
v 50.265754 19.759103 34.002715
v 59.580864 11.855462 34.002715
v 59.580864 11.855462 29.585392
v -2.400187 11.855462 -50.824633
v -2.400187 11.855462 -65.258306
v -0.297825 11.855462 -50.824633
v -0.297825 11.855462 -63.788027
v -0.297825 11.855462 -52.732910
v 77.699224 24.765963 -100.284404
v 77.699224 24.718718 -100.284404
v 77.699224 23.065175 -100.284404
v 77.699224 23.065175 -102.434011
v 77.699224 21.695096 -102.434011
v 77.699224 21.695096 -104.323777
v 77.699224 23.065175 -104.323777
v 77.699224 23.065175 -105.103301
v 77.699224 24.765963 -105.103301
v 82.361873 21.152805 -101.217385
v 81.889146 21.152805 -105.390505
v 80.436680 21.152805 -104.551919
v 83.814338 21.152805 -102.055964
v 82.361873 19.759103 -101.217385
v 80.436680 19.759103 -104.551919
v 37.866013 11.855462 -9.153288
v 37.866013 17.696673 -9.153288
v -4.861458 3.951821 -21.788278
v -4.861458 3.951821 -23.489064
v -4.861458 3.951821 -27.741035
v 34.432310 17.696673 -9.153288
v -29.047189 19.759103 57.965083
v -29.047189 11.855462 57.965083
v -29.047189 11.855462 48.519258
v -29.047189 19.759103 48.519258
v 81.889146 19.759103 -105.390505
v 83.814338 19.759103 -102.055964
v 106.831685 19.762302 -113.695906
v 106.831685 27.665123 -113.695906
v 50.008832 19.759070 57.113346
v 34.432310 11.855462 -9.153288
v 35.798313 21.735015 47.368586
v 35.798313 31.614565 47.368586
v 94.545879 13.831372 -32.003419
v 94.545879 20.017634 -12.644178
v 94.545879 20.017634 -22.626804
v 94.545879 27.662745 -22.626804
v 94.545879 27.662745 -12.644178
v 61.525129 16.011541 -56.206930
v 61.525129 17.783194 -56.206930
v 59.871588 16.011541 -51.255337
v 59.871588 16.011541 -49.451023
v 59.871588 14.428863 -49.451023
v 58.383398 16.011541 -51.255337
v 58.383398 14.428863 -49.451023
v 58.383398 16.011541 -49.451023
v 61.525129 16.011541 -51.255337
v 61.525129 17.783194 -49.451023
v 61.525129 16.011541 -49.451023
v 54.780205 24.192684 -49.451023
v 55.488867 18.351475 -49.451023
v 54.780205 18.351475 -49.451023
v 60.337075 19.759103 -49.451023
v 61.525129 19.759103 -49.451023
v 48.111980 17.783194 -49.451023
v 50.803198 17.783194 -49.451023
v 50.803198 18.351475 -49.451023
v 51.346505 18.351475 -49.451023
v 51.346505 24.192684 -49.451023
v 66.407080 25.752850 -49.451023
v 76.972017 25.752850 -49.451023
v 49.099933 11.441378 -49.451023
v 78.738589 11.855462 -49.451023
v 49.099933 4.445799 -49.451023
v 88.618140 11.855462 -49.451023
v 76.972017 19.006835 -49.451023
v 66.407080 19.006835 -49.451023
v 60.337075 17.783194 -49.451023
v 55.488867 17.783194 -49.451023
v 52.128336 19.759103 57.113346
v 52.128336 19.759103 61.199960
v 58.916338 19.759103 61.199960
v 58.916338 19.759103 57.113346
v -39.816031 27.657363 119.217246
v -39.816031 21.735015 119.249209
v -39.816031 29.358151 119.217246
v -39.816031 31.614565 116.525449
v -39.816031 21.735015 132.049358
v -39.816031 29.358151 131.973157
v -39.816031 27.657363 131.973157
v 134.064082 31.614565 -65.258306
v 134.064082 29.625266 -65.258306
v 126.160444 29.625266 -33.643740
v 126.160444 31.614565 -33.643740
v 134.064082 18.827494 -33.643740
v 134.064082 29.625266 -33.643740
v 134.064082 31.614565 -33.643740
v 134.064082 18.827494 -65.258306
v -39.816031 27.662745 120.982273
v -42.650680 19.759103 120.982273
v -39.816031 19.759103 120.982273
v -42.650680 27.662745 120.982273
v -42.650680 27.662745 130.428098
v -39.816031 27.662745 130.428098
v -39.816031 19.759103 130.428098
v -42.650680 19.759103 130.428098
v -42.650680 21.735015 100.982146
v -66.430547 31.614565 100.982146
v -68.406460 21.735015 100.982146
v -42.650680 31.614565 100.982146
v -64.454634 25.686835 65.151775
v -64.454634 21.735015 69.103601
v -64.454634 25.686835 69.103601
v -64.454634 21.735015 65.151775
v -60.502811 25.686835 61.199960
v -56.550992 21.735015 61.199960
v -60.502811 21.735015 61.199960
v -56.550992 25.686835 61.199960
v -60.502811 19.759103 61.199960
v -56.550992 11.855462 61.199960
v -60.502811 11.855462 61.199960
v -56.550992 19.759103 61.199960
v -64.454634 31.614565 37.489036
v -64.454634 27.662745 69.103601
v -64.454634 31.614565 69.103601
v -64.454634 27.662745 37.489036
v -56.550992 25.686835 45.392677
v -56.550992 21.735015 45.392677
v -60.502811 21.735015 45.392677
v -60.502811 25.686835 45.392677
v -66.430547 31.614565 77.007239
v -68.406460 33.590479 77.007239
v -68.406460 21.735015 77.007239
v -66.430547 33.590479 77.007239
v -64.454634 19.759103 37.489036
v -64.454634 11.855462 41.440854
v -64.454634 19.759103 41.440854
v -64.454634 11.855462 37.489036
v -68.406460 11.855462 37.489036
v -68.406460 13.831372 37.489036
v -68.406460 19.759103 37.489036
v -56.550992 19.759103 45.392677
v -56.550992 11.855462 48.627554
v -56.550992 19.759103 48.627554
v -56.550992 11.855462 45.392677
v -55.464379 19.759103 48.627554
v -55.464379 11.855462 48.627554
v -56.550992 19.759103 58.073379
v -55.464379 11.855462 58.073379
v -56.550992 11.855462 58.073379
v -55.464379 19.759103 58.073379
v -64.454634 12.484429 65.151775
v -64.454634 19.759103 65.151775
v -64.454634 25.686835 37.489036
v -68.406460 21.735015 37.489036
v -64.454634 21.735015 37.489036
v -68.406460 33.590479 37.489036
v -63.466685 33.590479 37.489036
v -64.454634 25.686835 41.440854
v -64.454634 21.735015 41.440854
v -60.502811 11.855462 45.392677
v -60.502811 19.759103 45.392677
v -64.454634 19.759103 69.103601
v -64.454634 13.803496 69.103601
v -68.406460 19.759103 69.103601
v -68.406460 13.113397 69.103601
v -68.406460 33.590479 69.103601
v -68.406460 21.735015 69.103601
v -63.466685 33.590479 69.103601
v -68.406460 21.735015 78.372949
v -68.406460 21.735015 77.174275
v -68.406460 15.807283 77.174275
v -68.406460 19.759103 77.174275
v -128.819106 31.614565 27.047664
v -113.011816 29.638656 27.047664
v -128.819106 29.638656 27.047664
v -113.011816 31.614565 27.047664
v -109.060005 23.773541 30.999485
v -109.060005 31.614565 35.705563
v -109.060005 23.773541 35.705563
v -109.060005 27.662745 30.999485
v -109.060005 29.638656 30.999485
v -109.060005 31.614565 30.999485
v -109.060005 13.831372 30.999485
v -109.060005 21.972817 35.605690
v -109.060005 13.831372 35.605690
v -109.060005 21.978010 33.803399
v -109.060005 21.978010 30.999485
v -109.060005 21.941803 46.369991
v -109.910391 13.831372 46.369991
v -109.060005 13.831372 46.369991
v -109.910391 21.941803 46.369991
v -128.819106 29.638656 -16.422365
v -128.819106 31.614565 -16.422365
v -109.981260 13.831372 35.605690
v -109.981260 21.972817 35.605690
v -109.060005 13.831372 54.895840
v -109.060005 21.913931 56.042823
v -109.060005 13.831372 56.042823
v -109.060005 21.917236 54.895840
v -109.981260 21.944507 45.242238
v -109.060005 13.831372 45.242238
v -109.981260 13.831372 45.242238
v -109.060005 21.944507 45.242238
v -109.060005 23.773541 74.469514
v -109.060005 31.614565 74.469514
v -109.060005 28.192174 74.469514
v -109.060005 31.614565 65.715652
v -109.060005 23.773541 65.715652
v -109.060005 21.944507 45.431213
v -109.910391 21.917236 54.895840
v -109.910391 13.831372 54.895840
v -110.028501 21.886060 65.715652
v -109.060005 13.831372 65.715652
v -110.028501 13.831372 65.715652
v -109.060005 21.886060 65.715652
v -110.028501 13.831372 56.042823
v -110.028501 21.913931 56.042823
v -109.060005 13.831372 29.585392
v -109.060005 23.728920 30.999485
v -109.060005 21.735015 29.585392
v -109.060005 23.728920 29.585392
v -109.060005 19.759103 29.585392
v -91.036377 19.759103 77.174275
v -91.036377 11.855462 78.992834
v -91.036377 19.759103 100.982146
v -91.036377 11.855462 77.174275
v -42.650680 31.614565 140.236370
v -42.650680 29.358151 131.973157
v -42.650680 21.735015 140.236370
v -42.650680 31.614565 114.549543
v -42.650680 21.735015 132.049358
v -42.650680 29.358151 119.217246
v -42.650680 27.657363 119.217246
v -42.650680 21.735015 119.249209
v -42.650680 27.657363 131.973157
v -96.753369 39.518207 136.284558
v -96.753369 29.638656 148.882039
v -96.753369 39.518207 148.882039
v -96.753369 29.638656 136.284558
v -92.801558 19.759103 132.332732
v -88.849731 19.759103 132.332732
v -91.036377 19.759103 132.332732
v -92.801558 27.662745 132.332732
v -88.849731 27.662745 132.332732
v -77.896802 27.662745 133.773684
v -77.896802 20.255167 132.332732
v -77.896802 20.255167 133.773684
v -77.896802 27.662745 132.332732
v -92.801558 39.518207 132.332732
v -88.103027 29.638656 132.332732
v -92.801558 29.638656 132.332732
v -88.103027 39.518207 132.332732
v -76.714863 19.759103 132.332732
v -77.896802 19.759103 132.332732
v -76.714863 20.255167 132.332732
v -76.714863 27.662745 132.332732
v -76.714863 27.662745 133.773684
v -76.714863 20.255167 133.773684
v -96.753369 27.662745 136.284558
v -96.753369 19.759103 148.882039
v -96.753369 27.662745 148.882039
v -96.753369 19.759103 136.284558
v -67.144072 39.518207 132.332732
v -64.911108 29.638656 132.332732
v -67.144072 29.638656 132.332732
v -64.911108 39.518207 132.332732
v -67.440601 20.892962 132.332732
v -67.440601 20.255167 133.773684
v -67.440601 20.892962 133.773684
v -67.440601 20.255167 132.332732
v -87.171050 19.759103 132.332732
v -87.171050 20.255167 132.332732
v -87.171050 27.662745 132.332732
v -67.440601 27.662745 133.773684
v -67.440601 27.662745 132.332732
v -64.911108 19.759103 132.332732
v -67.440601 19.759103 132.332732
v -64.911108 27.662745 132.332732
v -87.171050 27.662745 133.773684
v -87.171050 20.255167 133.773684
v -61.666362 29.638656 140.236370
v -61.666362 39.518207 144.757932
v -61.666362 29.638656 144.757932
v -61.666362 39.518207 140.236370
v -61.666362 31.614565 140.236370
v -61.666362 33.590479 140.236370
v -61.666362 29.638656 135.577478
v -61.666362 39.518207 135.577478
v -61.666362 27.662745 140.236370
v -61.666362 21.735015 140.236370
v -105.092593 19.759103 138.088792
v -107.068506 27.662745 140.064705
v -107.068506 19.759103 140.064705
v -105.092593 27.662745 138.088792
v -105.092593 26.167244 129.063860
v -105.470552 20.326033 129.063860
v -105.092593 20.326033 129.063860
v -105.470552 26.167244 129.063860
v -114.972144 29.638656 104.498313
v -112.996230 39.518207 106.474226
v -112.996230 29.638656 106.474226
v -114.972144 39.518207 104.498313
v -105.092593 29.638656 136.284558
v -105.092593 39.518207 138.088792
v -105.092593 29.638656 138.088792
v -105.092593 39.518207 136.284558
v -105.092593 19.759103 136.284558
v -105.092593 27.662745 136.284558
v -111.020332 19.759103 106.474226
v -107.068506 27.662745 110.426045
v -107.068506 19.759103 110.426045
v -111.020332 27.662745 106.474226
v -111.020332 29.638656 106.474226
v -111.020332 39.518207 106.474226
v -107.068506 39.518207 140.064705
v -107.068506 29.638656 140.064705
v -107.068506 29.638656 110.426045
v -107.068506 39.518207 120.305596
v -107.068506 29.638656 120.305596
v -107.068506 39.518207 110.426045
v -107.068506 19.759103 120.305596
v -105.092593 27.662745 122.281509
v -105.092593 19.759103 122.281509
v -107.068506 27.662745 120.305596
v -105.092593 29.638656 122.281509
v -105.092593 39.518207 125.412385
v -105.092593 29.638656 125.412385
v -105.092593 39.518207 122.281509
v -105.470552 26.167244 132.497556
v -105.092593 20.326033 132.497556
v -105.470552 20.326033 132.497556
v -105.092593 26.167244 132.497556
v -112.996230 27.662745 106.474226
v -111.025942 19.759103 106.474226
v -112.996230 19.759103 106.474226
v -114.972144 19.759103 104.498313
v -114.972144 27.662745 104.498313
v -107.068506 19.759103 116.525449
v -107.068506 27.662745 148.882039
v -107.068506 19.759103 148.882039
v -107.068506 29.638656 148.882039
v -107.068506 39.518207 148.882039
v -107.068506 18.097903 84.984236
v -107.068506 18.097903 96.360396
v -107.068506 14.008958 84.984236
v -109.060005 12.214306 65.715652
v -109.060005 12.964305 39.935559
v -109.060005 12.964305 34.951304
v -109.060005 13.831372 39.935559
v -105.092593 20.326033 128.211819
v -105.092593 19.759103 128.211819
v -105.092593 19.759103 133.229875
v -105.092593 20.326033 133.229875
v -105.092593 29.638656 134.815012
v -105.092593 39.518207 134.815012
v -68.406460 19.759103 29.585392
v -68.406460 13.831372 29.585392
v -109.060005 27.662745 29.585392
v -0.297825 13.831372 -21.788278
v -3.960828 11.855462 -21.788278
v -3.960828 13.556250 -21.788278
v -15.015948 13.556250 -21.788278
v 3.080039 12.422391 -21.788278
v 0.690128 11.855462 -21.788278
v 3.080039 11.855462 -21.788278
v 0.690128 13.831372 -21.788278
v 3.812366 12.422391 -21.788278
v -16.105111 3.951821 -21.788278
v -15.015948 11.855462 -21.788278
v 3.812366 12.422391 -22.142609
v -16.385526 3.951821 -42.244969
v -16.385526 11.855462 -27.741035
v -16.385526 3.951821 -27.741035
v -16.385526 11.855462 -42.244969
v -23.182094 3.951821 -48.072367
v -23.182094 11.855462 -48.072367
v -16.385526 13.831372 -42.244969
v -16.385526 25.686835 -27.741035
v -16.385526 13.831372 -27.741035
v -16.385526 25.686835 -42.244969
v -23.182094 25.686835 -48.072367
v -23.182094 13.831372 -48.072367
v -24.341569 25.686835 -48.072367
v -24.341569 13.831372 -48.072367
v -18.207469 11.855462 -74.613911
v -20.183383 3.951821 -72.638005
v -18.207469 3.951821 -74.613911
v -20.183383 11.855462 -72.638005
v -8.327919 11.855462 -74.613911
v -8.327919 3.951821 -74.613911
v -26.965726 10.359960 -73.015957
v -30.399430 10.359960 -72.638005
v -30.399430 10.359960 -73.015957
v -26.965726 10.359960 -72.638005
v -4.376100 11.855462 -78.565737
v -4.376100 3.951821 -78.565737
v -26.965726 4.518750 -72.638005
v -26.965726 4.518750 -73.015957
v -37.966578 11.855462 -74.613911
v -41.279198 6.460732 -74.613911
v -37.966578 5.438789 -74.613911
v -41.279198 11.855462 -74.613911
v -35.990665 11.855462 -72.638005
v -35.990665 4.829220 -72.638005
v -4.376100 23.710924 -78.565737
v -8.327919 13.831372 -74.613911
v -4.376100 13.831372 -78.565737
v -8.327919 23.710924 -74.613911
v -18.207469 23.710924 -74.613911
v -20.183383 13.831372 -72.638005
v -18.207469 13.831372 -74.613911
v -20.183383 23.710924 -72.638005
v -32.716879 23.710924 -72.638005
v -35.990665 13.831372 -72.638005
v -32.716879 13.831372 -72.638005
v -35.990665 23.710924 -72.638005
v -37.966578 23.710924 -74.613911
v -41.279198 13.831372 -74.613911
v -37.966578 13.831372 -74.613911
v -41.279198 23.710924 -74.613911
v -23.314266 13.831372 -72.638005
v -23.314266 23.710924 -72.638005
v -30.399430 4.518750 -73.015957
v -30.399430 4.518750 -72.638005
v -45.231017 13.831372 -78.565737
v -45.231017 23.710924 -78.565737
v -45.231017 7.679868 -78.565737
v -45.231017 11.855462 -78.565737
v -2.400187 11.855462 -78.565737
v -2.400187 3.951821 -65.258306
v -2.400187 3.951821 -65.720024
v -2.400187 3.951821 -74.613911
v -2.400187 3.951821 -78.565737
v -2.400187 11.855462 -27.741035
v -2.400187 3.951821 -50.824633
v -2.400187 3.951821 -27.741035
v -2.400187 11.855462 -45.499204
v -45.231017 23.710924 -85.083999
v -58.766173 17.679307 -85.083999
v -45.231017 14.451195 -85.083999
v -58.766173 20.516801 -85.083999
v -58.766173 23.710924 -85.083999
v -26.113693 3.951821 -72.638005
v -26.113693 4.518750 -72.638005
v -31.131757 3.951821 -72.638005
v -33.146583 3.951821 -72.638005
v -31.131757 4.518750 -72.638005
v -2.400187 3.951821 -78.571348
v -4.376100 3.951821 -78.571348
v -2.400187 23.710924 -78.565737
v -2.400187 13.831372 -78.565737
v -2.400187 25.686835 -76.103181
v -2.400187 13.831372 -76.103181
v -2.400187 25.686835 -78.565737
v -58.766173 11.855462 -48.072367
v -33.146583 3.951821 -48.072367
v -58.766173 20.516801 -79.627302
v -58.766173 22.986253 -79.711707
v -58.766173 25.241212 -79.627302
v -58.766173 20.649597 -81.453384
v -58.766173 20.847235 -81.718542
v -58.766173 21.609221 -84.252107
v -58.766173 21.568380 -84.436611
v -58.766173 23.897818 -84.952251
v -58.766173 25.163593 -80.751841
v -58.766173 25.241212 -85.083999
v -58.766173 23.183892 -79.976865
v -58.766173 25.163593 -83.328735
v -58.766173 23.938661 -84.767739
v -62.829170 19.759103 -52.908300
v -58.766173 13.831372 -52.908300
v -62.829170 13.831372 -52.908300
v -58.766173 19.759103 -52.908300
v -58.766173 19.759103 -62.354128
v -62.829170 13.831372 -62.354128
v -58.766173 13.831372 -62.354128
v -62.829170 19.759103 -62.354128
v -80.598076 19.759103 -85.083999
v -89.852798 13.831372 -85.083999
v -80.598076 13.831372 -85.083999
v -89.852798 16.146334 -85.083999
v -91.104756 16.146334 -85.083999
v -62.829170 20.516801 -85.083999
v -71.152251 13.831372 -85.083999
v -62.829170 13.831372 -85.083999
v -71.152251 19.759103 -85.083999
v -96.585073 13.831372 -85.083999
v -91.104756 13.831372 -85.083999
v -96.585073 23.710924 -85.083999
v -62.829170 23.710924 -85.083999
v -71.152251 19.759103 -86.099744
v -71.152251 13.831372 -86.099744
v -80.598076 19.759103 -86.099744
v -80.598076 13.831372 -86.099744
v -62.829170 25.686835 -48.072367
v -62.829170 13.831372 -48.072367
v -62.829170 25.241212 -79.627302
v -62.829170 25.686835 -85.083999
v -62.829170 25.241212 -85.083999
v -62.829170 20.516801 -79.627302
v -48.239125 23.511678 12.495516
v -48.239125 13.831372 -6.965139
v -48.239125 13.831372 12.495516
v -48.239125 23.511678 -6.965139
v -103.552749 23.511678 -33.250510
v -103.552749 21.834512 -14.972774
v -103.552749 23.511678 -14.972774
v -103.552749 21.834512 -13.390336
v -103.552749 13.831372 -34.721045
v -103.552749 13.831372 -13.390336
v -103.552749 21.834512 -33.250510
v -103.552749 21.834512 -34.721045
v -117.722710 13.831372 -13.390336
v -117.722710 23.511678 9.472861
v -117.722710 13.831372 9.472861
v -117.722710 23.511678 -13.390336
v -81.796377 25.686835 -24.516319
v -72.946875 13.831372 -35.506835
v -81.796377 15.559614 -24.516319
v -114.273896 19.759103 -50.094661
v -115.360503 19.759103 -40.648835
v -115.360503 19.759103 -50.094661
v -114.273896 19.759103 -40.648835
v -114.273896 21.735015 -53.221241
v -114.273896 25.686835 -37.413959
v -114.273896 21.735015 -37.413959
v -114.273896 25.686835 -53.221241
v -114.273896 13.831372 -53.221241
v -114.273896 13.831372 -50.094661
v -114.273896 19.759103 -53.221241
v -114.273896 13.831372 -40.648835
v -115.360503 13.831372 -40.648835
v -94.080308 25.686835 -24.516319
v -94.080308 15.559614 -24.516319
v -94.080308 15.559614 -30.733213
v -94.080308 25.686835 -30.733213
v -114.273896 25.686835 -34.721045
v -110.204282 13.831372 -34.721045
v -114.273896 13.831372 -34.721045
v -110.204282 21.834512 -34.721045
v -110.204282 23.511678 -34.721045
v -110.204282 25.686835 -34.721045
v -103.552749 23.511678 -34.721045
v -103.552749 25.686835 -34.721045
v -98.816528 13.831372 -34.721045
v -98.816528 25.686835 -34.721045
v -114.273896 19.759103 -37.413959
v -114.273896 13.831372 -37.413959
v -115.360503 13.831372 -50.094661
v 33.158763 18.263602 46.848900
v 33.158763 12.422391 47.368586
v 33.158763 18.263602 47.368586
v 33.158763 12.422391 46.848900
v 29.725063 12.422391 46.848900
v 29.725063 18.263602 47.368586
v 29.725063 12.422391 47.368586
v 29.725063 18.263602 46.848900
v -96.585073 23.710924 -102.276658
v -96.585073 13.831372 -102.276658
v -96.585073 23.710924 -107.426807
v -96.585073 13.831372 -107.426807
v 34.010801 11.855462 47.368586
v 34.010801 12.422391 47.368586
v 31.306996 19.756397 47.368586
v 31.316741 19.759103 47.368586
v 33.395991 19.759103 47.368586
v 28.992737 12.422391 47.368586
v 28.992737 11.855462 47.368586
v 31.306996 19.759103 47.368586
v 30.081797 19.759103 47.368586
v 29.210457 19.759103 47.368586
v 51.346505 18.351475 -48.813226
v 51.346505 24.192684 -48.813226
v 54.780205 24.192684 -48.813226
v 54.780205 18.351475 -48.813226
v 53.667330 25.981694 -22.183462
v 53.667330 26.627783 -22.829550
v 53.667330 26.627783 -26.616112
v 53.667330 25.981694 -27.262200
v 54.635834 12.422391 -22.999514
v 54.635834 18.263602 -22.999514
v 54.635834 18.263602 -26.433214
v 54.635834 12.422391 -26.433214
v -127.124370 25.686835 -94.354453
v -114.273896 13.831372 -94.354453
v -127.124370 13.831372 -94.354453
v -114.273896 25.686835 -94.354453
v -111.125918 25.686835 -90.827805
v -111.125918 13.831372 -90.827805
v -127.124370 13.831372 -107.426807
v -127.124370 25.686835 -107.426807
v -127.124370 23.710924 -107.426807
v -114.273896 13.831372 -107.426807
v -89.852798 13.831372 -61.388877
v -89.852798 16.146334 -59.876404
v -89.852798 13.831372 -59.876404
v -89.852798 16.146334 -61.388877
v -95.285859 13.831372 -59.876404
v -95.285859 16.146334 -59.876404
v -99.766436 16.146334 -61.388877
v -95.285859 13.831372 -61.388877
v -99.766436 13.831372 -61.388877
v -95.285859 16.146334 -61.388877
v -109.527056 13.831372 -59.876404
v -114.273896 16.146334 -59.876404
v -114.273896 13.831372 -59.876404
v -107.287705 13.831372 -59.876404
v -107.287705 16.146334 -59.876404
v -111.125918 13.831372 -71.369399
v -114.273896 25.686835 -67.528616
v -114.273896 13.831372 -67.528616
v -111.125918 25.686835 -71.369399
v -114.273896 16.146334 -61.388877
v -114.273896 13.831372 -61.388877
v -99.766436 16.146334 -59.876404
v -99.766436 13.831372 -59.876404
v -107.287705 13.831372 -61.388877
v -107.287705 16.146334 -61.388877
v -110.204282 21.834512 -13.390336
v -110.204282 13.831372 -13.390336
v -110.204282 21.834512 -14.972774
v -110.204282 23.511678 -14.972774
v -110.204282 21.834512 -33.250510
v -110.204282 23.511678 -33.250510
v -58.766173 25.686835 -48.072367
v -38.326908 13.831372 -48.072367
v -58.766173 13.831372 -48.072367
v -38.326908 25.686835 -48.072367
v -16.105111 4.518750 -13.988057
v -17.451566 4.518750 -13.988057
v -17.451566 12.999065 -5.654040
v -17.451566 4.518750 -5.654040
v -17.451566 12.999065 -21.127050
v -17.451566 4.518750 -21.127050
v -60.294408 4.518750 -21.127050
v -60.294408 12.999065 -21.127050
v -48.239125 12.999065 -21.127050
v -60.294408 12.999065 -5.654040
v -60.294408 4.518750 -5.654040
v -60.294408 12.999065 -6.965139
v -56.142762 4.518750 -5.654040
v -56.142762 6.494659 -5.654040
v -56.142762 12.999065 -5.654040
v -48.239125 6.494659 -5.654040
v -48.239125 4.518750 -5.654040
v -48.239125 12.999065 -5.654040
v -48.239125 9.458526 12.495516
v -48.239125 9.458526 7.812815
v -48.239125 9.458526 0.694237
v -48.239125 9.458526 -1.281674
v -48.239125 8.470571 -1.281674
v -48.239125 8.470571 -3.257584
v -48.239125 7.482616 -3.257584
v -48.239125 7.482616 -5.233495
v -48.239125 6.494659 -5.233495
v -48.239125 12.999065 -6.965139
v -56.142762 10.446481 12.495516
v -56.142762 9.458526 12.495516
v -56.142762 13.831372 12.495516
v -58.118676 10.446481 4.591874
v -58.118676 11.410814 12.495516
v -58.118676 10.446481 12.495516
v -58.118676 11.410814 4.591874
v -56.142762 9.458526 7.812815
v -56.142762 10.446481 4.591874
v -56.142762 9.458526 4.591874
v -62.070498 12.186171 4.591874
v -62.070498 13.056016 12.495516
v -62.070498 12.186171 12.495516
v -62.070498 13.056016 4.591874
v -64.046411 13.056016 4.591874
v -64.046411 13.831372 12.495516
v -64.046411 13.056016 12.495516
v -64.046411 13.831372 4.591874
v -60.094581 11.410814 4.591874
v -60.094581 12.186171 12.495516
v -60.094581 11.410814 12.495516
v -60.094581 12.186171 4.591874
v -56.142762 5.506705 -9.185316
v -48.239125 4.518750 -9.185316
v -56.142762 4.518750 -9.185316
v -48.239125 5.506705 -9.185316
v -56.142762 7.482616 -5.233495
v -56.142762 6.494659 -5.233495
v -56.142762 6.494659 -7.209405
v -48.239125 5.506705 -7.209405
v -56.142762 5.506705 -7.209405
v -48.239125 6.494659 -7.209405
v -56.142762 9.458526 -1.281674
v -56.142762 8.470571 -1.281674
v -56.142762 8.470571 -3.257584
v -56.142762 7.482616 -3.257584
v -56.142762 9.458526 0.694237
v -56.142762 13.831372 4.591874
v -56.142762 13.831372 -0.374588
v -56.142762 13.831372 -6.965139
v -56.142762 12.999065 -6.965139
v -83.102769 23.511678 12.495516
v -69.281089 13.831372 12.495516
v -83.102769 13.831372 12.495516
v -57.457570 23.511678 12.495516
v -83.102769 23.511678 16.488609
v -83.102769 19.759103 16.488609
v -83.102769 21.735015 16.488609
v -83.102769 13.831372 16.488609
v -83.102769 13.831372 15.094908
v -84.935610 19.759103 16.488609
v -84.935610 13.831372 16.488609
v -93.952310 23.511678 16.488609
v -92.172437 21.735015 16.488609
v -93.952310 21.735015 16.488609
v -85.384424 21.735015 16.488609
v -85.384424 23.511678 16.488609
v -96.697412 23.511678 9.472861
v -96.697412 13.831372 9.472861
v -82.346558 23.511678 -13.390336
v -94.080308 13.831372 -13.390336
v -82.346558 13.831372 -13.390336
v -94.080308 23.511678 -13.390336
v -65.292847 13.831372 -6.965139
v -65.292847 23.511678 -6.965139
v -57.457570 23.511678 -6.965139
v -65.292847 23.511678 -5.406084
v -65.292847 13.831372 -5.406084
v -82.346558 23.511678 -5.406084
v -82.346558 13.831372 -5.406084
v -103.552749 23.511678 -13.390336
v -69.281089 13.831372 -5.406084
v -110.204282 23.511678 -13.390336
v -84.935610 21.735015 16.488609
v -92.172437 13.831372 27.047664
v -92.172437 19.759103 29.585392
v -92.172437 13.831372 29.585392
v -92.172437 19.759103 16.488609
v -92.172437 13.831372 16.488609
v -93.952310 13.831372 15.094908
v -93.952310 19.759103 16.488609
v -93.952310 13.831372 16.488609
v -93.952310 23.511678 12.217971
v -93.952310 13.831372 12.217971
v -84.935610 19.759103 29.585392
v -84.935610 13.831372 27.047664
v -84.935610 13.831372 29.585392
v -16.105111 3.951821 -9.597318
v -16.105111 9.115768 -9.597318
v -16.105111 19.759103 -13.988057
v -16.105111 19.759103 -18.461171
v -16.105111 4.518750 -19.313209
v -16.105111 3.951821 -19.313209
v -16.105111 3.951821 -13.043176
v -16.105111 19.759103 -9.597318
v -16.105111 4.518750 -13.043176
v -16.105111 11.855462 29.585392
v -16.105111 19.759103 29.585392
v -16.105111 19.759103 10.121587
v 8.763296 12.493258 17.556269
v 8.763296 13.060187 17.556269
v 8.763296 19.759103 17.556269
v -2.400187 25.686835 -27.741035
v -2.400187 13.831372 -35.460330
v -2.400187 13.831372 -27.741035
v -2.400187 25.686835 -35.460330
v -0.297825 13.550215 -52.732910
v -0.297825 13.550215 -63.788027
v -0.297825 3.951821 -50.824633
v -45.231017 11.855462 -82.585276
v -45.231017 13.831372 -84.487339
v -62.829170 21.609221 -84.252107
v -62.829170 20.847235 -81.718542
v -62.829170 25.163593 -83.328735
v -62.829170 23.938661 -84.767739
v -62.829170 25.163593 -80.751841
v -62.829170 22.986253 -79.711707
v -62.829170 20.649597 -81.453384
v -62.829170 23.183892 -79.976865
v -62.829170 21.568380 -84.436611
v -62.829170 23.897818 -84.952251
v -58.766173 13.831372 -72.289819
v -58.766173 25.686835 -85.083999
v -91.104756 13.831372 -61.388877
v -91.104756 16.146334 -61.388877
v -78.553696 12.512709 38.140283
v -100.186758 13.169955 38.140283
v -100.186758 12.512709 38.140283
v -78.553696 13.169955 38.140283
v -57.457570 33.590479 -17.836458
v -57.457570 27.662745 -17.836458
v -57.457570 27.662745 12.495516
v -57.457570 27.662745 30.305275
v -57.457570 27.662745 -6.965139
v -57.457570 33.590479 27.777717
v -68.406460 27.419749 29.585392
v -84.935610 21.735015 29.585392
v -68.406460 21.735015 29.585392
v -92.172437 21.735015 29.585392
v -107.068506 11.855462 34.951304
v -107.068506 11.855462 39.935559
v -100.186758 12.512709 39.935559
v -77.774180 11.855462 39.935559
v -68.418735 11.855462 39.935559
v -100.186758 13.831372 39.935559
v -68.406460 13.831372 39.935559
v -68.406460 11.855462 39.935559
v -78.553696 12.512709 39.935559
v -78.553696 13.831372 39.935559
v -61.666362 27.662745 135.577478
v -61.666362 20.570290 135.577478
v -61.666362 19.759103 135.577478
v -114.972144 19.759103 82.538101
v -114.972144 25.600314 93.383987
v -114.972144 19.759103 93.383987
v -114.972144 19.759103 74.469514
v -114.972144 25.600314 79.104397
v -114.972144 19.759103 79.104397
v -114.972144 19.759103 100.982146
v -114.972144 25.600314 96.817690
v -114.972144 27.662745 74.469514
v -114.972144 19.759103 96.817690
v -114.972144 25.600314 82.538101
v -114.972144 23.773541 74.469514
v -114.972144 21.847703 74.469514
v -109.060005 21.847703 74.469514
v -109.060005 19.759103 74.469514
v -114.972144 29.638656 74.469514
v -114.972144 31.614565 74.469514
v -115.987896 19.759103 79.104397
v -115.987896 25.600314 79.104397
v -115.987896 25.600314 82.538101
v -115.987896 19.759103 82.538101
v -115.987896 19.759103 93.383987
v -115.987896 25.600314 93.383987
v -115.987896 25.600314 96.817690
v -115.987896 19.759103 96.817690
v -134.064082 39.518207 74.469514
v -114.972144 33.590479 74.469514
v -134.064082 33.590479 74.469514
v -114.972144 39.518207 74.469514
v -107.068506 11.855462 78.992834
v -107.068506 18.097903 76.437261
v -107.068506 11.855462 76.437261
v -109.060005 18.097903 74.469514
v -109.060005 21.847703 70.517695
v -109.060005 11.855462 74.469514
v -109.060005 12.097238 70.517695
v -94.080308 13.831372 -30.733213
v 27.644330 19.759103 133.773684
v 27.644330 12.351525 133.773684
v 88.618140 33.495026 -51.426932
v 96.521785 26.463596 -51.426932
v 88.618140 26.463596 -51.426932
v 96.521785 33.495026 -51.426932
v 96.521785 33.495026 -43.523291
v 96.521785 26.463596 -43.523291
v 96.521785 33.495026 3.898558
v 88.618140 26.514853 3.898558
v 96.521785 26.514853 3.898558
v 88.618140 33.495026 3.898558
v 96.521785 26.514853 -4.005084
v 96.521785 33.495026 -4.005084
v 96.521785 29.638656 -4.005084
v -16.105111 21.735015 69.103601
v -16.105111 31.614565 77.007239
v -16.105111 21.735015 77.007239
v -16.105111 33.590479 77.007239
v -16.105111 33.590479 69.103601
v -2.110323 25.686835 -21.788278
v -12.020823 17.783194 -21.788278
v -2.110323 17.783194 -21.788278
v -12.020823 25.686835 -21.788278
v -16.105111 21.735015 29.585392
v -16.105111 33.590479 37.489036
v -16.105111 21.735015 37.489036
v -16.105111 33.590479 29.585392
v -16.105111 33.590479 116.525449
v -24.008749 21.735015 116.525449
v -16.105111 21.735015 116.525449
v -24.008749 33.590479 116.525449
v 16.256158 31.614565 132.332732
v 37.215110 21.735015 132.332732
v 16.256158 21.735015 132.332732
v 37.215110 31.614565 132.332732
v 7.605817 31.614565 -5.980995
v 7.605817 21.735015 41.440854
v 7.605817 31.614565 41.440854
v 7.605817 21.735015 -5.980995
v -16.105111 21.735015 -17.836458
v -16.105111 33.590479 -9.932815
v -16.105111 21.735015 -9.932815
v -16.105111 33.590479 -17.836458
v -16.105111 27.662745 -17.836458
v 47.124023 19.840133 16.290286
v 47.124023 27.662745 25.827208
v 47.124023 19.840133 25.827208
v 47.124023 27.662745 16.290286
v 115.155366 21.917236 -14.070066
v 115.155366 13.831372 -5.544219
v 115.155366 21.941803 -5.544219
v 115.155366 13.831372 -14.070066
v 115.226235 21.944507 -4.416463
v 115.226235 13.831372 5.220083
v 115.226235 21.972817 5.220083
v 115.226235 13.831372 -4.416463
v 27.644330 19.759103 133.773684
v 36.918585 12.351525 133.773684
v 27.644330 12.351525 133.773684
v 36.918585 19.759103 133.773684
v 115.273477 21.886060 -24.889878
v 115.273477 13.831372 -15.217048
v 115.273477 21.913931 -15.217048
v 115.273477 13.831372 -24.889878
v 17.188138 19.759103 133.773684
v 26.462393 12.351525 133.773684
v 17.188138 12.351525 133.773684
v 26.462393 19.759103 133.773684
v -68.406460 33.590479 29.585392
v -68.406460 21.735015 37.489036
v -68.406460 33.590479 37.489036
v -68.406460 29.395660 29.585392
v -68.406460 27.419749 29.585392
v -68.406460 21.735015 29.585392
v -68.406460 31.614565 29.585392
v -68.406460 33.590479 69.103601
v -68.406460 21.735015 77.007239
v -68.406460 33.590479 77.007239
v -68.406460 21.735015 69.103601
v -109.910391 13.831372 46.369991
v -109.910391 21.917236 54.895840
v -109.910391 13.831372 54.895840
v -109.910391 21.941803 46.369991
v -109.981260 13.831372 35.605690
v -109.981260 21.944507 45.242238
v -109.981260 13.831372 45.242238
v -109.981260 21.972817 35.605690
v -110.028501 13.831372 56.042823
v -110.028501 21.886060 65.715652
v -110.028501 13.831372 65.715652
v -110.028501 21.913931 56.042823
v -88.103027 39.518207 132.332732
v -67.144072 29.638656 132.332732
v -88.103027 29.638656 132.332732
v -67.144072 39.518207 132.332732
v -16.385526 25.686835 -27.741035
v -2.400187 13.831372 -27.741035
v -16.385526 13.831372 -27.741035
v -2.400187 25.686835 -27.741035
v 66.407080 25.752850 -49.451023
v 76.972017 19.006835 -49.451023
v 66.407080 19.006835 -49.451023
v 76.972017 25.752850 -49.451023
v 53.667330 26.627783 -22.829550
v 53.667330 20.818015 -22.183462
v 53.667330 25.981694 -22.183462
v 53.667330 20.747150 -22.183462
v 53.667330 20.747150 -27.262200
v 53.667330 26.627783 -26.616112
v 53.667330 25.981694 -27.262200
v 53.667330 20.818015 -27.262200
v -38.326908 25.686835 -48.072367
v -24.341569 13.831372 -48.072367
v -38.326908 13.831372 -48.072367
v -24.341569 25.686835 -48.072367
v -16.105111 9.115768 -2.029174
v -16.105111 19.759103 10.121587
v -16.105111 9.115768 10.121587
v -16.105111 19.759103 -9.597318
v -16.105111 9.115768 -9.597318
v 8.763296 19.759103 -2.768219
v 8.763296 13.060187 6.855481
v 8.763296 19.759103 6.855481
v 8.763296 13.060187 -2.768219
v 8.763296 19.759103 8.012962
v 8.763296 13.060187 17.556269
v 8.763296 19.759103 17.556269
v 8.763296 13.060187 8.012962
v 8.763296 19.759103 18.713749
v 8.763296 13.060187 28.157016
v 8.763296 19.759103 28.157016
v 8.763296 13.060187 18.713749
v 8.763296 19.759103 29.314497
v 8.763296 13.060187 38.223655
v 8.763296 19.759103 38.223655
v 8.763296 13.060187 29.314497
v -2.400187 25.686835 -35.460330
v -2.400187 13.831372 -36.500083
v -2.400187 13.831372 -35.460330
v -2.400187 25.686835 -36.500083
v -2.400187 25.686835 -45.038492
v -2.400187 13.831372 -45.499204
v -2.400187 13.831372 -45.038492
v -2.400187 25.686835 -46.078246
v -2.400187 13.831372 -46.078246
v -2.400187 25.686835 -55.183499
v -2.400187 13.831372 -56.223252
v -2.400187 13.831372 -55.183499
v -2.400187 25.686835 -56.223252
v -2.400187 25.686835 -65.867139
v -2.400187 13.831372 -64.827385
v -2.400187 25.686835 -64.827385
v -2.400187 13.831372 -65.258306
v -2.400187 13.831372 -65.867139
v -2.400187 25.686835 -76.103181
v -2.400187 13.831372 -75.063428
v -2.400187 25.686835 -75.063428
v -2.400187 13.831372 -76.103181
v -1.549794 25.686835 -75.063428
v -1.549794 13.831372 -65.867139
v -1.549794 25.686835 -65.867139
v -1.549794 13.831372 -75.063428
v -1.549794 25.686835 -56.223252
v -1.549794 13.831372 -64.827385
v -1.549794 13.831372 -56.223252
v -1.549794 25.686835 -63.022727
v -1.549794 25.686835 -64.827385
v -2.400187 25.686835 -63.022727
v -1.549794 25.686835 -46.078246
v -1.549794 13.831372 -55.183499
v -1.549794 13.831372 -46.078246
v -1.549794 25.686835 -53.576898
v -1.549794 25.686835 -55.183499
v -2.400187 25.686835 -53.576898
v -1.549794 25.686835 -36.500083
v -1.549794 13.831372 -45.038492
v -1.549794 13.831372 -36.500083
v -1.549794 25.686835 -45.038492
v -87.171050 27.662745 133.773684
v -77.896802 20.255167 133.773684
v -87.171050 20.255167 133.773684
v -77.896802 27.662745 133.773684
v -76.714863 27.662745 133.773684
v -67.440601 20.255167 133.773684
v -76.714863 20.255167 133.773684
v -67.440601 20.892962 133.773684
v -67.440601 27.662745 133.773684
v 64.907219 31.614565 -92.921052
v 62.931306 33.590479 -90.945139
v 62.931306 31.614565 -90.945139
v 64.907219 33.590479 -92.921052
v 74.786770 19.759103 -92.921052
v 64.907219 17.783194 -92.921052
v 74.786770 17.783194 -92.921052
v 64.907219 19.759103 -92.921052
v 88.618140 29.638656 1.922647
v 86.540654 27.662745 1.922647
v 88.618140 27.662745 1.922647
v 77.400791 27.662745 1.922647
v 72.202075 27.662745 1.922647
v 63.062212 27.662745 1.922647
v 55.027665 27.662745 1.922647
v 54.970426 29.638656 1.922647
v 88.618140 35.684484 -4.005084
v 88.618140 33.495026 3.898558
v 88.618140 35.684484 3.898558
v 88.618140 33.495026 -4.005084
v 79.726545 17.783194 -72.173994
v 79.726545 19.759103 -66.246262
v 79.726545 17.783194 -66.246262
v 79.726545 19.759103 -72.173994
v 94.545879 17.783194 -88.969233
v 94.545879 19.759103 -65.258306
v 94.545879 17.783194 -65.258306
v 94.545879 19.759103 -96.872871
v 88.618140 13.831372 1.922647
v 88.618140 11.855462 3.898558
v 88.618140 13.831372 3.898558
v 88.618140 11.855462 1.922647
v 96.521785 11.855462 -4.005084
v 96.521785 13.831372 3.898558
v 96.521785 11.855462 3.898558
v 96.521785 13.831372 -4.005084
v 11.557635 21.735015 -9.932815
v 47.124023 19.759103 -9.932815
v 11.557635 19.759103 -9.932815
v 47.124023 21.735015 -9.932815
v 17.485367 33.590479 61.199960
v 19.461279 31.614565 61.199960
v 17.485367 31.614565 61.199960
v 19.461279 33.590479 61.199960
v 94.545879 11.855462 57.248137
v 110.543408 11.855462 57.248137
v 97.547446 11.855462 57.248137
v 114.304980 11.855462 57.248137
v 94.545879 13.831372 57.248137
v 114.304980 13.831372 57.248137
v 43.172205 21.735015 61.199960
v 39.220382 19.759103 57.248137
v 43.172205 19.759103 61.199960
v 39.220382 21.735015 57.248137
v 0.690128 13.831372 29.585392
v -0.297825 11.855462 29.585392
v 0.690128 11.855462 29.585392
v -0.297825 13.831372 29.585392
v -0.297825 13.831372 -21.788278
v -0.297825 11.855462 -21.788278
v 94.545879 27.662745 -12.644178
v 94.545879 29.638656 -4.005084
v 94.545879 27.662745 -4.005084
v 94.545879 29.638656 -43.523291
v 94.545879 27.662745 -22.626804
v 94.545879 27.662745 -43.523291
v 19.461279 33.590479 -33.643740
v 19.461279 31.614565 -19.812367
v 19.461279 33.590479 -19.812367
v 19.461279 31.614565 -33.643740
v -16.105111 33.590479 -17.836458
v -16.105111 35.806223 -9.932815
v -16.105111 33.590479 -9.932815
v -16.105111 35.806223 -17.836458
v 74.786770 33.590479 -92.921052
v 74.786770 31.614565 -92.921052
v 39.220382 16.795239 -31.667831
v 31.316741 15.807283 -31.667831
v 39.220382 15.807283 -31.667831
v 31.316741 16.795239 -31.667831
v 31.316741 17.783194 -33.643740
v 31.316741 19.759103 -19.812367
v 31.316741 17.783194 -19.812367
v 31.316741 19.759103 -63.282393
v 31.316741 17.783194 -49.451023
v 31.316741 17.783194 -63.282393
v 0.690128 11.855462 5.874468
v 0.690128 13.831372 5.874468
v 96.521785 11.855462 -51.426932
v 96.521785 13.831372 -43.523291
v 96.521785 11.855462 -43.523291
v 96.521785 13.831372 -51.426932
v 96.521785 33.495026 -4.005084
v 96.521785 35.684484 3.898558
v 96.521785 33.495026 3.898558
v 96.521785 35.684484 -4.005084
v 39.220382 17.783194 -33.643740
v 31.316741 16.795239 -33.643740
v 39.220382 16.795239 -33.643740
v 94.545879 11.855462 -43.523291
v 94.545879 13.831372 -43.523291
v 39.220382 33.590479 47.368586
v 35.798313 31.614565 47.368586
v 39.220382 31.614565 47.368586
v 26.194451 31.614565 47.368586
v 23.413099 31.614565 47.368586
v 23.413099 33.590479 47.368586
v 93.557915 19.759103 -95.884915
v 93.557915 17.783194 -66.246262
v 93.557915 19.759103 -66.246262
v 93.557915 17.783194 -95.884915
v 39.220382 15.807283 -29.691918
v 31.316741 14.819328 -29.691918
v 39.220382 14.819328 -29.691918
v 31.316741 15.807283 -29.691918
v 39.220382 14.819328 -27.716008
v 47.124023 29.638656 9.826289
v 92.362500 17.783194 -95.884915
v 92.362500 18.771149 -95.884915
v 79.412578 18.771149 -95.884915
v 77.750632 17.783194 -95.884915
v 79.412578 17.783194 -95.884915
v 77.750632 19.759103 -95.884915
v -0.297825 33.590479 59.224050
v 3.753025 31.614565 59.224050
v -0.297825 31.614565 59.224050
v 12.387312 31.614565 59.224050
v 15.509458 31.614565 59.224050
v 15.509458 33.590479 59.224050
v 47.124023 27.662745 9.826289
v 114.304980 13.831372 25.633572
v 114.304980 12.843418 29.585392
v 114.304980 11.855462 32.220145
v 114.304980 12.843418 25.633572
v 62.931306 33.590479 61.199960
v 43.172205 31.614565 61.199960
v 62.931306 31.614565 61.199960
v 43.172205 33.590479 61.199960
v -2.273738 31.614565 61.199960
v -2.273738 33.590479 61.199960
v 92.569966 13.831372 29.585392
v 94.545879 11.855462 29.585392
v 92.569966 11.855462 29.585392
v 94.545879 13.831372 29.585392
v 71.822900 11.855462 29.585392
v 74.786770 13.831372 32.549258
v 74.786770 11.855462 32.549258
v 71.822900 13.831372 29.585392
v 79.412578 17.783194 -94.896965
v 79.412578 18.771149 -94.896965
v 17.485367 21.735015 61.199960
v 19.461279 19.759103 61.199960
v 17.485367 19.759103 61.199960
v 19.461279 21.735015 61.199960
v 71.822900 31.415500 29.585392
v 74.786770 33.221415 32.549258
v 74.786770 31.430035 32.549258
v 74.786770 33.235950 32.549258
v 71.822900 33.221415 29.585392
v 118.256792 33.590479 -33.643740
v 126.160444 31.614565 -33.643740
v 118.256792 31.614565 -33.643740
v 134.064082 31.614565 -33.643740
v 134.064082 33.590479 -33.643740
v 55.027665 11.855462 1.922647
v 55.027665 13.831372 1.922647
v 23.413099 33.590479 65.151775
v 23.413099 31.614565 65.151775
v 19.461279 17.783194 -19.812367
v 19.461279 19.759103 -19.812367
v 33.292650 31.614565 -65.258306
v 31.316741 33.590479 -63.282393
v 31.316741 31.614565 -63.282393
v 33.292650 33.590479 -65.258306
v 78.738589 17.783194 -65.258306
v 78.738589 19.759103 -65.258306
v 94.545879 13.831372 -4.005084
v 94.545879 11.855462 -4.005084
v 21.437188 33.590479 45.392677
v 21.437188 31.614565 45.392677
v 11.557635 33.590479 -9.932815
v 64.776958 31.614565 -9.932815
v 11.557635 31.614565 -9.932815
v 64.776958 33.590479 -9.932815
v 80.400527 18.771149 -93.909009
v 80.400527 17.783194 -93.909009
v 92.362500 18.771149 -94.896965
v 91.374551 17.783194 -93.909009
v 92.362500 17.783194 -94.896965
v 91.374551 18.771149 -93.909009
v 33.292650 31.614565 -67.823159
v 33.292650 33.590479 -81.065588
v 33.292650 31.614565 -77.833440
v 33.292650 31.614565 -81.065588
v 96.521785 35.684484 -43.523291
v 88.618140 33.495026 -43.523291
v 96.521785 33.495026 -43.523291
v 88.618140 35.684484 -43.523291
v 7.605817 33.590479 -5.980995
v 7.605817 31.614565 -5.980995
v 86.642227 33.590479 61.199960
v 90.594053 31.614565 57.248137
v 86.642227 31.614565 61.199960
v 90.594053 33.590479 57.248137
v 92.569966 11.855462 57.248137
v 92.569966 13.831372 57.248137
v 39.220382 31.614565 57.248137
v 39.220382 33.590479 57.248137
v 21.437188 21.735015 45.392677
v 11.557635 19.759103 45.392677
v 21.437188 19.759103 45.392677
v 11.557635 21.735015 45.392677
v -8.201466 33.590479 65.151775
v -4.249647 31.614565 61.199960
v -8.201466 31.614565 65.151775
v -4.249647 33.590479 61.199960
v 114.304980 33.590479 -112.680154
v 114.304980 31.614565 -69.210125
v 114.304980 33.590479 -69.210125
v 114.304980 31.614565 -88.996040
v 114.304980 31.614565 -108.728335
v 114.304980 31.614565 -112.680154
v 118.256792 31.614565 -65.258306
v 118.256792 33.590479 -65.258306
v 62.931306 21.735015 61.199960
v 59.589972 19.759103 61.199960
v 62.931306 19.759103 61.199960
v 58.916338 19.759103 61.199960
v 52.128336 19.759103 61.199960
v 50.144147 19.759103 61.199960
v 39.220382 13.831372 -27.716008
v 39.220382 13.831372 -25.740099
v 31.316741 12.843418 -25.740099
v 39.220382 12.843418 -25.740099
v 31.316741 13.831372 -25.740099
v 33.298242 19.759103 -92.921052
v 31.316741 17.783194 -92.921052
v 33.298242 17.783194 -92.921052
v 31.316741 19.759103 -92.921052
v 94.545879 31.614565 57.248137
v 114.304980 31.614565 57.248137
v 134.064082 31.614565 57.248137
v 134.064082 33.590479 57.248137
v 23.413099 21.735015 65.151775
v 23.413099 19.759103 65.151775
v 11.557635 31.614565 45.392677
v 11.557635 33.590479 45.392677
v 47.124023 33.235950 29.585392
v 47.124023 31.415500 29.585392
v 47.124023 17.783194 -33.643740
v 40.208339 15.807283 -33.643740
v 47.124023 15.807283 -33.643740
v 40.208339 17.783194 -33.643740
v 45.148114 33.590479 -92.921052
v 47.124023 31.614565 -90.945139
v 47.124023 33.590479 -90.945139
v 45.148114 31.614565 -92.921052
v 31.316741 31.614565 -92.921052
v 31.316741 33.590479 -83.041501
v 31.316741 31.614565 -83.041501
v 31.316741 33.590479 -92.921052
v 31.316741 13.831372 -27.716008
v 31.316741 14.819328 -27.716008
v 31.316741 19.759103 -83.041501
v 31.316741 17.783194 -83.041501
v 96.521785 33.495026 -51.426932
v 96.521785 35.684484 -51.426932
v -18.081017 33.590479 -9.932815
v -24.008749 33.590479 -9.932815
v -24.008749 35.806223 -9.932815
v 49.099933 14.210728 -63.361721
v 47.124023 14.210728 -51.572574
v 47.124023 14.210728 -63.361721
v 49.099933 14.210728 -51.572574
v 49.099933 14.210728 -52.220372
v 47.124023 19.759103 34.002715
v 47.124023 21.735015 57.113346
v 47.124023 19.759103 57.113346
v 47.124023 21.735015 34.002715
v 23.413099 19.759103 47.368586
v 23.413099 21.735015 47.368586
v 29.210457 21.735015 47.368586
v 29.210457 19.759103 47.368586
v 26.194451 21.735015 47.368586
v 39.220382 21.735015 47.368586
v 39.220382 19.759103 47.368586
v 47.124023 11.855462 9.826289
v 47.124023 13.831372 9.826289
v 47.124023 27.662745 25.827208
v 47.124023 29.638656 29.585392
v 47.124023 27.662745 29.585392
v 47.124023 27.662745 16.290286
v 134.064082 33.590479 -65.258306
v 126.160444 31.614565 -65.258306
v 134.064082 31.614565 -65.258306
v 62.931306 21.735015 34.002715
v 62.931306 19.759103 57.113346
v 62.931306 21.735015 57.113346
v 62.931306 19.759103 34.002715
v 7.605817 31.614565 41.440854
v 7.605817 33.590479 41.440854
v 114.304980 33.590479 -29.691918
v 114.304980 31.614565 -29.691918
v 114.304980 33.590479 9.826289
v 118.256792 31.614565 13.778110
v 118.256792 33.590479 13.778110
v 114.304980 31.614565 9.826289
v 31.316741 33.590479 -19.812367
v 31.316741 31.614565 -19.812367
v 19.461279 19.759103 -21.788278
v 19.461279 17.783194 -21.788278
v 59.933635 31.614565 -90.945139
v 49.979095 31.614565 -90.945139
v 47.124023 29.638656 -49.451023
v 47.124023 27.662745 -30.856813
v 47.124023 29.638656 -30.856813
v 47.124023 27.662745 -49.451023
v 48.519254 27.662745 -29.461586
v 48.519254 29.638656 -29.461586
v 48.519254 27.662745 -20.055892
v 48.519254 29.638656 -20.055892
v 47.124023 29.638656 -18.734954
v 47.124023 27.662745 -18.734954
v 45.148114 19.759103 -92.921052
v 42.388524 17.783194 -92.921052
v 45.148114 17.783194 -92.921052
v 42.388524 19.759103 -92.921052
v 78.738589 31.614565 -112.680154
v 78.738589 33.590479 -96.872871
v 78.738589 31.614565 -96.872871
v 78.738589 33.590479 -112.680154
v 49.099933 4.445799 -65.258306
v 47.124023 12.314145 -65.258306
v 47.124023 3.951821 -65.258306
v 49.099933 11.735038 -65.258306
v 49.099933 12.314145 -65.258306
v 91.506138 31.614565 -112.680154
v 91.506138 33.590479 -112.680154
v 39.220382 12.843418 -23.764188
v 89.335913 33.590479 -141.688030
v 89.335913 31.614565 -114.850378
v 89.335913 33.590479 -114.850378
v 89.335913 31.614565 -141.688030
v 61.494492 31.614565 -141.688030
v 61.494492 33.590479 -141.688030
v 88.618140 35.684484 -51.426932
v 88.618140 33.495026 -51.426932
v 126.160444 29.638656 -65.258306
v 126.160444 27.662745 -33.643740
v 126.160444 29.625266 -33.643740
v 126.160444 27.662745 -65.258306
v 114.304980 31.614565 5.120212
v 114.304980 31.614565 -24.889878
v 75.590610 31.614565 -125.389622
v 78.738589 33.590479 -121.862966
v 78.738589 31.614565 -121.862966
v 75.590610 33.590479 -125.389622
v -18.081017 31.614565 104.669985
v -18.081017 33.590479 108.621812
v -18.081017 31.614565 108.621812
v -18.081017 33.590479 104.669985
v 42.692823 33.590479 104.669985
v 42.692823 31.614565 132.332732
v 42.692823 33.590479 132.332732
v 42.692823 31.614565 104.669985
v 42.692823 21.735015 104.669985
v 42.692823 19.759103 132.332732
v 42.692823 21.735015 132.332732
v 42.692823 19.759103 129.545398
v 42.692823 19.759103 127.561208
v 42.692823 19.759103 120.773203
v 42.692823 19.759103 120.099565
v 42.692823 19.759103 104.669985
v 47.124023 11.855462 13.778110
v 47.124023 13.831372 29.585392
v 47.124023 11.855462 29.585392
v 48.111980 19.759103 -72.173994
v 48.111980 17.783194 -72.173994
v 88.618140 13.831372 -51.426932
v 88.618140 11.855462 -51.426932
v 60.265690 47.274016 -105.942942
v 58.289780 45.298107 -103.967036
v 60.265690 45.298107 -105.942942
v 58.289780 47.274016 -103.967036
v 60.265690 45.298107 -124.439011
v 60.265690 47.274016 -124.439011
v -24.008749 35.806223 69.103601
v -21.044886 33.590479 69.103601
v -24.008749 33.590479 69.103601
v -16.105111 33.590479 69.103601
v -16.105111 35.806223 69.103601
v -20.056930 19.759103 65.151775
v -20.056930 21.735015 69.103601
v -20.056930 19.759103 69.103601
v -20.056930 21.735015 65.151775
v -24.008749 19.759103 61.199960
v -24.008749 21.735015 61.199960
v 114.304980 23.773541 9.826289
v 118.256792 21.978010 13.778110
v 118.256792 23.710924 13.778110
v 114.304980 21.978010 9.826289
v 126.160444 23.710924 13.778110
v 126.160444 21.978010 13.778110
v 114.304980 23.773541 5.120212
v 114.304980 21.978010 7.022375
v 114.304980 21.972817 5.220083
v 114.304980 21.945051 -4.416463
v 114.304980 23.773541 -24.889878
v 114.304980 21.944507 -4.605439
v 114.304980 21.941803 -5.544219
v 114.304980 21.917236 -14.070066
v 114.304980 21.913931 -15.217048
v 114.304980 21.886060 -24.889878
v 114.304980 23.773541 -29.691918
v 114.304980 21.847703 -29.691918
v 47.124023 27.662745 -9.932815
v 47.124023 29.638656 -9.932815
v 47.124023 27.662745 -17.836458
v 94.545879 11.855462 3.898558
v 19.461279 27.662745 -21.788278
v -2.110323 25.686835 -21.788278
v 19.461279 25.686835 -21.788278
v -12.020823 25.686835 -21.788278
v -16.105111 25.686835 -21.788278
v -16.105111 27.662745 -21.788278
v 118.256792 21.847703 -33.643740
v 118.256792 23.773541 -33.643740
v 42.388524 33.598817 -92.921052
v 33.298242 33.590479 -92.921052
v 42.388524 33.590479 -92.921052
v 33.298242 33.598817 -92.921052
v 42.388524 31.614565 -92.921052
v 33.298242 31.614565 -92.921052
v 42.388524 19.759103 -98.661211
v 42.388524 17.783194 -98.661211
v 33.298242 17.783194 -98.661211
v 33.298242 19.759103 -98.661211
v 61.494492 33.590479 -125.389622
v 61.494492 31.614565 -125.389622
v 40.506584 47.274016 -124.439011
v 40.506584 45.298107 -105.942942
v 40.506584 47.274016 -105.942942
v 40.506584 45.298107 -124.439011
v 126.160444 21.847703 -33.643740
v 126.160444 23.773541 -33.643740
v -16.105111 19.759103 69.103601
v -16.105111 21.735015 77.007239
v -16.105111 19.759103 77.007239
v -16.105111 21.735015 69.103601
v -18.081017 31.614565 -9.932815
v -18.081017 33.590479 29.585392
v -18.081017 31.614565 29.585392
v -20.056930 21.735015 41.440854
v -24.008749 19.759103 45.392677
v -20.056930 19.759103 41.440854
v -24.008749 21.735015 45.392677
v -20.056930 19.759103 37.489036
v -20.056930 21.735015 37.489036
v -27.960575 19.759103 45.392677
v -27.960575 21.735015 45.392677
v -27.960575 21.735015 61.199960
v -27.960575 19.759103 61.199960
v -16.105111 19.759103 29.585392
v -16.105111 21.735015 37.489036
v -16.105111 19.759103 37.489036
v -16.105111 21.735015 29.585392
v -16.105111 21.735015 -9.932815
v -16.105111 19.759103 10.121587
v -16.105111 19.759103 -9.597318
v -16.105111 19.759103 -13.988057
v -16.105111 21.735015 -17.836458
v -16.105111 19.759103 -18.461171
v -16.105111 21.735015 -21.788278
v -16.105111 19.759103 -21.788278
v -16.105111 35.806223 77.007239
v -16.105111 33.590479 77.007239
v -20.056930 25.686835 65.151775
v -20.056930 27.662745 69.103601
v -20.056930 25.686835 69.103601
v -20.056930 27.662745 37.489036
v -20.056930 25.686835 41.440854
v -20.056930 25.686835 37.489036
v 55.027247 45.298107 -103.967036
v 45.301655 45.298107 -103.967036
v 42.482498 45.298107 -103.967036
v 42.482498 47.274016 -103.967036
v 78.738589 19.759103 -71.186038
v 49.099933 17.783194 -71.186038
v 78.738589 17.783194 -71.186038
v 49.099933 19.759103 -71.186038
v -24.008749 33.590479 114.549543
v -39.816031 31.614565 114.549543
v -24.008749 31.614565 114.549543
v -39.816031 33.590479 114.549543
v 47.124023 12.089178 -49.451023
v 49.099933 4.445799 -49.451023
v 47.124023 3.951821 -49.451023
v 49.099933 11.441378 -49.451023
v 49.099933 12.089178 -49.451023
v -16.105111 35.806223 37.489036
v -21.044886 33.590479 37.489036
v -16.105111 33.590479 37.489036
v -24.008749 33.590479 37.489036
v -24.008749 35.806223 37.489036
v -16.105111 21.735015 116.525449
v -39.816031 19.759103 116.525449
v -16.105111 19.759103 116.525449
v -39.816031 21.735015 116.525449
v -24.008749 21.735015 116.525449
v -16.105111 35.806223 116.525449
v -24.008749 33.590479 116.525449
v -16.105111 33.590479 116.525449
v -24.008749 35.806223 116.525449
v -16.105111 33.590479 29.585392
v -16.105111 35.806223 29.585392
v -24.008749 35.806223 108.621812
v -24.008749 33.590479 108.621812
v -16.105111 33.590479 108.621812
v -16.105111 35.806223 108.621812
v -20.056930 31.614565 37.489036
v -20.056930 31.614565 69.103601
v -16.105111 19.759103 104.669985
v -16.105111 21.735015 114.549543
v -16.105111 19.759103 114.549543
v -16.105111 21.735015 108.621812
v -16.105111 21.735015 104.669985
v 15.509458 11.855462 114.549543
v 15.509458 13.831372 116.525449
v 15.509458 11.855462 116.525449
v 15.509458 13.831372 114.549543
v 11.557635 33.590479 132.332732
v 16.256158 31.614565 132.332732
v 11.557635 31.614565 132.332732
v 37.215110 31.614565 132.332732
v 46.644642 31.614565 100.718167
v 46.644642 33.590479 100.718167
v 23.413099 19.759103 104.669985
v 19.461279 21.735015 108.621812
v 19.461279 19.759103 108.621812
v 23.413099 21.735015 104.669985
v -4.249647 19.759103 108.621812
v -4.249647 21.735015 108.621812
v 25.389009 19.759103 92.814529
v 23.413099 21.735015 94.790435
v 23.413099 19.759103 94.790435
v 25.389009 21.735015 92.814529
v 25.389009 19.759103 77.007239
v 25.389009 21.735015 89.540742
v 25.389009 21.735015 80.138123
v 25.389009 21.735015 77.007239
v -16.105111 21.735015 102.694080
v -8.201466 19.759103 102.694080
v -16.105111 19.759103 102.694080
v -8.201466 21.735015 102.694080
v 94.073437 13.831372 -33.174642
v 94.545879 12.422391 -33.174642
v 94.073437 12.422391 -33.174642
v 94.545879 13.831372 -33.174642
v 94.545879 13.831372 -36.608342
v 94.073437 12.422391 -36.608342
v 94.545879 12.422391 -36.608342
v 94.073437 13.831372 -36.608342
v 94.144299 12.422391 -27.575457
v 94.545879 13.831372 -27.575457
v 94.545879 12.422391 -27.575457
v 94.144299 13.831372 -27.575457
v 94.545879 13.831372 -31.009156
v 94.144299 12.422391 -31.009156
v 94.545879 12.422391 -31.009156
v 94.144299 13.831372 -31.009156
v -24.008749 35.806223 29.585392
v -24.008749 33.590479 29.585392
v 0.690128 11.855462 -7.956905
v 0.690128 13.831372 -7.956905
v -16.105111 19.759103 78.983152
v -16.105111 21.735015 78.983152
v -8.201466 21.735015 78.983152
v -8.201466 19.759103 78.983152
v 46.644642 19.759103 100.718167
v 46.644642 21.735015 100.718167
v -16.105111 33.590479 104.669985
v -16.105111 31.614565 104.669985
v 62.931306 21.735015 90.978713
v 62.931306 19.759103 100.718167
v 62.931306 21.735015 100.718167
v 62.931306 21.735015 80.959065
v 88.618140 11.855462 -49.451023
v 88.618140 13.831372 -49.451023
v -24.008749 35.806223 -17.836458
v -24.008749 33.590479 -17.836458
v 88.618140 27.662745 -49.451023
v 88.618140 29.638656 -49.451023
v 0.690128 11.855462 -21.788278
v 0.690128 13.831372 -21.788278
v 25.389009 31.614565 92.814529
v 23.413099 33.590479 94.790435
v 23.413099 31.614565 94.790435
v 25.389009 33.590479 92.814529
v -8.201466 19.759103 104.669985
v -8.201466 21.735015 104.669985
v -39.816031 33.590479 140.236370
v 7.605817 31.614565 140.236370
v -39.816031 31.614565 140.236370
v 7.605817 33.590479 140.236370
v 74.786770 29.638656 69.103601
v 86.642227 27.662745 69.103601
v 74.786770 27.662745 69.103601
v 86.642227 29.638656 69.103601
v 62.931306 31.614565 100.718167
v 62.931306 33.590479 100.718167
v 74.786770 13.831372 69.103601
v 86.642227 11.855462 69.103601
v 74.786770 11.855462 69.103601
v 86.642227 13.831372 69.103601
v 23.413099 31.614565 75.031333
v 25.389009 33.590479 77.007239
v 25.389009 31.614565 77.007239
v 23.413099 33.590479 75.031333
v 25.389009 31.614565 89.540742
v 25.389009 31.614565 80.138123
v 23.413099 19.759103 75.031333
v 23.413099 21.735015 75.031333
v 23.413099 33.590479 104.669985
v 23.413099 31.614565 104.669985
v -8.201466 21.735015 65.151775
v -8.201466 19.759103 77.007239
v -8.201466 21.735015 77.007239
v -8.201466 19.759103 65.151775
v 15.044539 11.971693 116.525449
v -8.201466 31.614565 77.007239
v -8.201466 33.590479 77.007239
v -16.105111 31.614565 77.007239
v -4.249647 33.590479 108.621812
v -8.201466 31.614565 104.669985
v -4.249647 31.614565 108.621812
v -8.201466 33.590479 104.669985
v 7.605817 21.735015 136.284558
v 7.605817 19.759103 140.236370
v 7.605817 21.735015 140.236370
v 7.605817 19.759103 136.284558
v 7.605817 33.590479 136.284558
v 7.605817 31.614565 136.284558
v 11.557635 21.735015 132.332732
v 11.557635 19.759103 132.332732
v 62.931306 31.614565 90.978713
v 62.931306 31.614565 80.959065
v 86.642227 33.590479 78.983152
v 86.642227 31.614565 94.014939
v 86.642227 33.221415 94.014939
v 7.605817 19.759103 -5.980995
v 7.605817 21.735015 -5.980995
v 7.605817 19.759103 41.440854
v 7.605817 21.735015 41.440854
v 27.644330 12.351525 132.332732
v 36.918585 11.855462 132.332732
v 27.644330 11.855462 132.332732
v 36.918585 12.351525 132.332732
v 15.509458 19.759103 59.224050
v 15.509458 21.735015 59.224050
v -16.105111 21.735015 140.236370
v -8.201466 19.759103 140.236370
v 17.188138 11.855462 132.332732
v 26.462393 12.351525 132.332732
v 26.462393 11.855462 132.332732
v 17.188138 12.351525 132.332732
v 19.461279 33.590479 108.621812
v 19.461279 31.614565 108.621812
v -0.297825 21.735015 59.224050
v -2.273738 19.759103 61.199960
v -2.273738 21.735015 61.199960
v -0.297825 19.759103 59.224050
v -4.249647 19.759103 61.199960
v -4.249647 21.735015 61.199960
v 74.786770 33.221415 94.014939
v 74.786770 31.430035 94.014939
v 3.753025 21.735015 59.224050
v 12.387312 21.735015 59.224050
v 94.545879 12.422391 -37.460380
v 94.545879 11.855462 -37.460380
v 94.545879 11.855462 -26.843130
v 94.545879 12.422391 -26.843130
v 74.786770 12.422391 36.787474
v 74.786770 11.855462 36.787474
v 74.786770 13.831372 37.639508
v 74.786770 12.422391 37.639508
v 74.786770 11.855462 57.248137
v 74.786770 13.831372 57.212410
v 74.786770 11.855462 55.746698
v 74.786770 13.831372 46.639230
v 74.786770 11.855462 55.502545
v 74.786770 11.855462 43.519702
v 74.786770 13.831372 42.385844
v 74.786770 11.855462 41.805538
v 74.786770 12.422391 41.805538
v 74.786770 13.831372 41.073212
v 74.786770 12.422391 41.073212
v 94.971072 12.422391 -26.843130
v 94.971072 11.855462 -26.843130
v 94.971072 11.855462 -37.460380
v 94.971072 12.422391 -32.442316
v 94.971072 11.855462 -32.442316
v 94.971072 12.422391 -33.174642
v 94.971072 12.422391 -36.608342
v 94.971072 12.422391 -37.460380
v 94.971072 11.855462 -31.861194
v 94.971072 12.422391 -27.575457
v 94.971072 12.422391 -31.009156
v 94.971072 12.422391 -31.861194
v 94.545879 11.855462 -32.442316
v 94.545879 12.422391 -32.442316
v 53.100403 12.422391 -22.999514
v 53.100403 11.855462 -22.147476
v 53.100403 12.422391 -22.147476
v 53.100403 11.855462 -27.165542
v 53.100403 12.422391 -26.433214
v 53.100403 12.422391 -27.165542
v 35.578506 18.350123 -98.661211
v 35.093086 17.783194 -98.661211
v 35.578506 17.783194 -98.661211
v 36.310833 18.350123 -98.661211
v 36.310833 19.759103 -98.661211
v 36.226945 19.759103 -98.661211
v 36.310833 18.350123 -99.133652
v 36.310833 19.759103 -99.133652
v 39.744532 19.759103 -99.133652
v 39.744532 18.350123 -98.661211
v 39.744532 19.759103 -98.661211
v 39.744532 18.350123 -99.133652
v 125.569893 16.374212 42.181252
v 125.569893 15.807283 43.033286
v 125.569893 16.374212 43.033286
v 125.569893 15.807283 38.015222
v 125.569893 16.374212 38.747552
v 125.569893 16.374212 38.015222
v 126.160444 16.374212 43.033286
v 126.160444 15.807283 43.033286
v 126.160444 15.807283 38.015222
v 126.160444 16.374212 38.015222
v 74.314329 13.831372 41.073212
v 74.314329 12.422391 41.073212
v 74.314329 12.422391 37.639508
v 74.314329 13.831372 37.639508
v 75.306453 11.855462 36.787474
v 75.306453 12.422391 41.805538
v 75.306453 11.855462 41.805538
v 75.306453 12.422391 41.073212
v 75.306453 12.422391 37.639508
v 75.306453 12.422391 36.787474
v 94.545879 12.422391 -31.861194
v 94.545879 11.855462 -31.861194
v 94.545879 13.831372 -32.003419
v 34.010801 11.855462 47.368586
v 34.010801 12.422391 47.841028
v 34.010801 11.855462 47.841028
v 34.010801 12.422391 47.368586
v 28.992737 11.855462 47.841028
v 28.992737 12.422391 47.841028
v 33.158763 12.422391 47.841028
v 29.725063 12.422391 47.841028
v 53.667330 11.855462 -27.165542
v 53.667330 12.422391 -27.165542
v 40.596570 18.350123 -98.188770
v 35.578506 17.783194 -98.188770
v 40.596570 17.783194 -98.188770
v 35.578506 18.350123 -98.188770
v 39.744532 18.350123 -98.188770
v 36.310833 18.350123 -98.188770
v 40.596570 17.783194 -98.661211
v 40.596570 18.350123 -98.661211
v 28.992737 12.422391 47.368586
v 28.992737 11.855462 47.368586
v 7.246069 17.783194 -21.788278
v 7.246069 18.263602 -21.788278
v 3.812366 18.263602 -21.788278
v -2.110323 17.783194 -21.788278
v 3.812366 17.783194 -21.788278
v -0.297825 19.759103 -21.788278
v 53.667330 12.422391 -22.147476
v 53.667330 11.855462 -22.147476
v 25.908695 12.422391 87.955613
v 25.389009 11.855462 87.955613
v 25.908695 11.855462 87.955613
v 25.389009 12.422391 87.955613
v -16.105111 3.951821 -19.313209
v -15.490939 4.518750 -19.313209
v -15.490939 3.951821 -19.313209
v -16.105111 4.518750 -19.313209
v 8.098103 12.422391 -21.174104
v 3.080039 11.855462 -21.174104
v 8.098103 11.855462 -21.174104
v 3.080039 12.422391 -21.174104
v 7.246069 12.422391 -21.174104
v 3.812366 12.422391 -21.174104
v 8.098103 11.855462 -21.788278
v 8.098103 12.422391 -21.788278
v 40.872601 17.783194 -98.661211
v 39.785988 19.759103 -98.661211
v 3.080039 12.422391 -21.788278
v 3.080039 11.855462 -21.788278
v 25.908695 11.855462 82.937549
v 25.908695 12.422391 87.223286
v 25.908695 12.422391 83.789590
v 25.908695 12.422391 82.937549
v -15.490939 4.518750 -13.043176
v -15.490939 3.951821 -13.043176
v -15.490939 4.518750 -15.027471
v -15.490939 4.518750 -18.461171
v 25.389009 12.422391 82.937549
v 25.389009 11.855462 82.937549
v 126.160444 29.638656 13.778110
v 126.160444 27.662745 57.248137
v 126.160444 29.638656 57.248137
v 126.160444 27.662745 29.744848
v 126.160444 27.662745 19.902931
v 126.160444 27.662745 13.778110
v 40.208339 11.855462 -25.239844
v 40.208339 12.843418 -23.764188
v 40.208339 11.855462 -23.764188
v 134.064082 33.590479 13.778110
v 134.064082 31.614565 13.778110
v 8.763296 13.060187 29.314497
v 8.763296 12.493258 38.223655
v 8.763296 13.060187 38.223655
v 8.763296 12.493046 29.314497
v 8.763296 13.060187 8.012962
v 8.763296 12.493258 17.556269
v 8.763296 13.060187 17.556269
v 8.763296 12.493258 8.012962
v 8.763296 13.060187 -2.768219
v 8.763296 12.493258 6.855481
v 8.763296 13.060187 6.855481
v 8.763296 12.493258 -2.768219
v 15.509458 19.759103 132.332732
v 17.188138 19.759103 132.332732
v 26.462393 19.759103 132.332732
v 27.644330 19.759103 132.332732
v 36.918585 19.759103 132.332732
v 16.256158 21.735015 132.332732
v 37.215110 21.735015 132.332732
v 39.805704 21.735015 132.332732
v 8.763296 13.060187 18.713749
v 8.763296 12.493046 28.157016
v 8.763296 13.060187 28.157016
v 8.763296 12.493258 18.713749
v -3.960828 13.556250 -21.788278
v -4.861458 11.855462 -21.788278
v -3.960828 11.855462 -21.788278
v -5.535092 11.855462 -21.788278
v -12.323093 11.855462 -21.788278
v -14.307286 11.855462 -21.788278
v -15.015948 11.855462 -21.788278
v -15.015948 13.556250 -21.788278
v 49.414135 19.759103 100.718167
v 58.859960 19.759103 100.718167
v 97.124626 9.604458 75.031333
v 97.833289 7.903671 75.031333
v 97.124626 7.903671 75.031333
v 108.179744 7.903671 75.031333
v 108.179744 9.604458 75.031333
v 107.318306 7.903641 75.031333
v 97.872480 7.903641 75.031333
v 107.717476 29.365911 -112.680154
v 106.831685 27.665123 -112.680154
v 107.717476 27.665123 -112.680154
v 106.816838 27.665123 -112.680154
v 97.385859 27.665123 -112.680154
v 97.371013 27.665123 -112.680154
v 96.662351 27.665123 -112.680154
v 96.662351 29.365911 -112.680154
v 50.144147 19.759103 57.113346
v 50.008832 19.759070 57.113346
v 52.128336 19.759103 57.113346
v 58.916338 19.759103 57.113346
v 59.589972 19.759103 57.113346
v 31.316741 11.855462 -23.764188
v 39.220382 11.855462 -23.764188
v 31.316741 12.843418 -23.764188
v -0.297825 11.855462 -50.824633
v -0.297825 13.550215 -45.499204
v -0.297825 11.855462 -45.499204
v -0.297825 13.550215 -52.732910
v -0.297825 11.855462 -52.732910
v 59.580864 19.759103 34.002715
v 58.907230 19.759103 34.002715
v 52.119229 19.759103 34.002715
v 50.265754 19.759103 34.002715
v 50.135039 19.759103 34.002715
v -0.297825 13.550215 -63.788027
v -0.297825 11.855462 -63.788027
v 50.135039 11.855462 29.585392
v 48.074982 13.831372 29.585392
v 59.580864 19.759103 29.585392
v 61.256085 13.831372 29.585392
v 59.580864 11.855462 29.585392
v 61.256085 21.484916 29.585392
v 50.135039 19.759103 29.585392
v 48.074982 21.484916 29.585392
v 52.119229 19.759103 29.585392
v 58.907230 19.759103 29.585392
v -27.960575 19.759103 57.965083
v -27.960575 19.759103 48.519258
v 74.786770 31.430035 57.212410
v 74.786770 31.430035 46.639230
v 62.931306 11.855462 29.585392
v 49.099933 17.783194 -65.258306
v 49.099933 19.759103 -56.206930
v 49.099933 17.783194 -56.206930
v 61.525129 17.783194 -56.206930
v 61.525129 19.759103 -49.451023
v 61.525129 17.783194 -49.451023
v 61.525129 19.759103 -56.206930
v 60.337075 19.759103 -55.395330
v 48.111980 17.783194 -55.395330
v 60.337075 17.783194 -55.395330
v 48.111980 19.759103 -55.395330
v 60.337075 17.783194 -49.451023
v 60.337075 19.759103 -49.451023
v 48.111980 17.783194 -71.186667
v 50.803198 18.351475 -50.348661
v 55.488867 17.783194 -50.348661
v 50.803198 17.783194 -50.348661
v 55.488867 18.351475 -50.348661
v 51.346505 18.351475 -50.348661
v 54.780205 18.351475 -50.348661
v 50.803198 17.783194 -49.451023
v 50.803198 18.351475 -49.451023
v 55.488867 18.351475 -49.451023
v 55.488867 17.783194 -49.451023
v -42.650680 27.662745 130.428098
v -42.650680 27.657363 131.973157
v -42.650680 29.358151 131.973157
v -42.650680 19.759103 130.428098
v -42.650680 21.735015 132.049358
v -42.650680 33.590479 100.982146
v -42.650680 31.614565 140.236370
v -42.650680 33.590479 140.236370
v -42.650680 31.614565 114.549543
v -42.650680 31.614565 100.982146
v -42.650680 29.358151 119.217246
v -42.650680 27.662745 120.982273
v -42.650680 19.759103 120.982273
v -42.650680 21.735015 119.249209
v -42.650680 27.657363 119.217246
v -39.816031 21.735015 119.249209
v -39.816031 27.662745 120.982273
v -39.816031 19.759103 120.982273
v -39.816031 29.358151 119.217246
v -39.816031 27.657363 119.217246
v -39.816031 27.662745 130.428098
v -39.816031 29.358151 131.973157
v -39.816031 19.759103 130.428098
v -39.816031 27.657363 131.973157
v -39.816031 21.735015 132.049358
v -66.430547 33.590479 100.982146
v -66.430547 31.614565 100.982146
v -60.502811 33.590479 100.982146
v -66.430547 33.590479 77.007239
v -66.430547 31.614565 77.007239
v -60.502811 21.735015 61.199960
v -56.550992 19.759103 61.199960
v -60.502811 19.759103 61.199960
v -56.550992 21.735015 61.199960
v -56.550992 21.735015 45.392677
v -60.502811 19.759103 45.392677
v -56.550992 19.759103 45.392677
v -60.502811 21.735015 45.392677
v -68.406460 35.806223 29.585392
v -68.406460 33.590479 37.489036
v -68.406460 35.806223 37.489036
v -68.406460 33.590479 29.585392
v -68.406460 21.735015 69.103601
v -64.454634 19.759103 69.103601
v -68.406460 19.759103 69.103601
v -64.454634 21.735015 69.103601
v -68.406460 35.806223 69.103601
v -63.466685 33.590479 69.103601
v -68.406460 33.590479 69.103601
v -60.502811 33.590479 69.103601
v -60.502811 35.806223 69.103601
v -68.406460 33.590479 77.007239
v -68.406460 35.806223 77.007239
v -63.466685 33.590479 37.489036
v -64.454634 31.614565 69.103601
v -64.454634 31.614565 37.489036
v -60.502811 35.806223 77.007239
v -60.502811 33.590479 77.007239
v -60.502811 35.806223 37.489036
v -60.502811 33.590479 37.489036
v -64.454634 21.735015 37.489036
v -64.454634 19.759103 41.440854
v -64.454634 21.735015 41.440854
v -64.454634 19.759103 37.489036
v -68.406460 21.735015 29.585392
v -68.406460 19.759103 37.489036
v -68.406460 21.735015 37.489036
v -68.406460 19.759103 29.585392
v -56.550992 19.759103 58.073379
v -56.550992 19.759103 48.627554
v -64.454634 21.735015 65.151775
v -64.454634 19.759103 65.151775
v -64.454634 27.662745 37.489036
v -64.454634 25.686835 69.103601
v -64.454634 27.662745 69.103601
v -64.454634 25.686835 65.151775
v -64.454634 25.686835 41.440854
v -64.454634 25.686835 37.489036
v -68.406460 21.735015 77.007239
v -68.406460 19.759103 77.174275
v -68.406460 21.735015 77.174275
v -68.406460 21.735015 78.372949
v -68.406460 19.759103 100.982146
v -68.406460 21.735015 100.982146
v -68.406460 19.759103 78.372949
v -91.036377 21.735015 77.174275
v -91.036377 19.759103 100.982146
v -91.036377 21.735015 100.982146
v -91.036377 19.759103 77.174275
v -89.843584 19.759103 78.372949
v -89.843584 21.735015 78.372949
v -89.843584 19.759103 100.982146
v -89.843584 21.735015 100.982146
v -42.650680 19.759103 116.525449
v -42.650680 21.735015 100.982146
v -109.060005 31.614565 65.715652
v -109.060005 33.590479 74.469514
v -109.060005 31.614565 74.469514
v -109.060005 33.590479 30.999485
v -109.060005 31.614565 35.705563
v -109.060005 31.614565 30.999485
v -113.011816 31.614565 27.047664
v -113.011816 33.590479 27.047664
v -109.060005 21.847703 70.517695
v -109.060005 23.773541 74.469514
v -109.060005 21.847703 74.469514
v -109.060005 23.773541 65.715652
v -109.060005 21.886060 65.715652
v -109.060005 21.913931 56.042823
v -109.060005 23.773541 35.705563
v -109.060005 21.917236 54.895840
v -109.060005 21.941803 46.369991
v -109.060005 21.944507 45.431213
v -109.060005 21.945051 45.242238
v -109.060005 21.972817 35.605690
v -109.060005 23.773541 30.999485
v -109.060005 21.978010 33.803399
v -109.060005 21.978010 30.999485
v -109.060005 23.728920 30.999485
v -128.819106 33.590479 27.047664
v -128.819106 31.614565 27.047664
v -128.819106 31.614565 -16.422365
v -128.819106 33.590479 -16.422365
v -109.060005 27.662745 29.585392
v -109.060005 29.638656 30.999485
v -109.060005 27.662745 30.999485
v -109.060005 29.638656 29.585392
v -63.337017 19.759103 100.982146
v -39.816031 31.614565 116.525449
v -39.816031 33.590479 116.525449
v -39.816031 19.759103 132.332732
v -39.816031 21.735015 140.236370
v -92.801558 41.494120 132.332732
v -88.103027 39.518207 132.332732
v -92.801558 39.518207 132.332732
v -67.144072 39.518207 132.332732
v -64.911108 39.518207 132.332732
v -64.911108 41.494120 132.332732
v -76.714863 20.255167 132.332732
v -67.440601 19.759103 132.332732
v -76.714863 19.759103 132.332732
v -67.440601 20.255167 132.332732
v -92.801558 29.638656 132.332732
v -96.753369 27.662745 136.284558
v -96.753369 29.638656 136.284558
v -92.801558 27.662745 132.332732
v -96.753369 39.518207 136.284558
v -96.753369 41.494120 136.284558
v -87.171050 19.759103 132.332732
v -77.896802 20.255167 132.332732
v -77.896802 19.759103 132.332732
v -87.171050 20.255167 132.332732
v -88.849731 27.662745 132.332732
v -87.171050 27.662745 132.332732
v -77.896802 27.662745 132.332732
v -76.714863 27.662745 132.332732
v -67.440601 27.662745 132.332732
v -64.911108 29.638656 132.332732
v -64.911108 27.662745 132.332732
v -88.103027 29.638656 132.332732
v -67.144072 29.638656 132.332732
v -96.753369 27.662745 148.882039
v -96.753369 29.638656 148.882039
v -96.753369 39.518207 148.882039
v -96.753369 41.494120 148.882039
v -61.666362 39.518207 140.236370
v -61.666362 41.494120 144.757932
v -61.666362 39.518207 144.757932
v -61.666362 41.494120 140.236370
v -42.650680 19.759103 132.332732
v -42.650680 21.735015 140.236370
v -61.666362 27.662745 135.577478
v -61.666362 29.638656 140.236370
v -61.666362 27.662745 140.236370
v -61.666362 29.638656 135.577478
v -61.666362 39.518207 135.577478
v -61.666362 41.494120 135.577478
v -61.666362 33.590479 140.236370
v -61.666362 31.614565 140.236370
v -104.572910 19.759103 132.332732
v -104.572910 20.326033 133.229875
v -104.572910 19.759103 133.229875
v -104.572910 20.326033 132.497556
v -104.572910 20.326033 129.063860
v -104.572910 19.759103 129.872131
v -104.572910 19.759103 128.211819
v -104.572910 20.326033 128.211819
v -105.092593 27.662745 136.284558
v -105.092593 29.638656 138.088792
v -105.092593 27.662745 138.088792
v -105.092593 29.638656 136.284558
v -105.092593 19.759103 133.229875
v -105.092593 20.326033 133.229875
v -107.068506 27.662745 120.305596
v -105.092593 29.638656 122.281509
v -105.092593 27.662745 122.281509
v -107.068506 29.638656 120.305596
v -107.068506 29.638656 140.064705
v -107.068506 27.662745 140.064705
v -112.996230 29.638656 106.474226
v -111.020332 27.662745 106.474226
v -112.996230 27.662745 106.474226
v -111.020332 29.638656 106.474226
v -107.068506 39.518207 120.305596
v -105.092593 41.494120 122.281509
v -105.092593 39.518207 122.281509
v -107.068506 41.494120 120.305596
v -107.068506 29.638656 110.426045
v -107.068506 27.662745 110.426045
v -114.972144 27.662745 104.498313
v -114.972144 29.638656 104.498313
v -114.972144 39.518207 104.498313
v -112.996230 41.494120 106.474226
v -112.996230 39.518207 106.474226
v -114.972144 41.494120 104.498313
v -105.092593 20.326033 128.211819
v -105.092593 19.759103 128.211819
v -111.020332 39.518207 106.474226
v -107.068506 41.494120 110.426045
v -107.068506 39.518207 110.426045
v -111.020332 41.494120 106.474226
v -105.092593 39.518207 138.088792
v -107.068506 41.494120 140.064705
v -107.068506 39.518207 140.064705
v -105.092593 41.494120 138.088792
v -105.092593 39.518207 136.284558
v -105.092593 41.494120 136.284558
v -107.068506 29.638656 148.882039
v -107.068506 27.662745 148.882039
v -107.068506 41.494120 148.882039
v -107.068506 39.518207 148.882039
v -107.068506 18.097903 96.360396
v -107.068506 19.759103 76.437261
v -107.068506 19.759103 100.982146
v -107.068506 18.097903 84.984236
v -107.068506 18.097903 76.437261
v -105.092593 29.638656 134.815012
v -105.092593 29.638656 125.412385
v -105.092593 39.518207 134.815012
v -105.092593 39.518207 125.412385
v -68.406460 29.395660 29.585392
v -68.406460 27.419749 29.585392
v -16.385526 11.855462 -27.741035
v -16.385526 13.831372 -42.244969
v -16.385526 13.831372 -27.741035
v -16.385526 11.855462 -42.244969
v -23.182094 11.855462 -48.072367
v -23.182094 13.831372 -48.072367
v -58.766173 13.831372 -48.072367
v -58.766173 11.855462 -48.072367
v -38.326908 13.831372 -48.072367
v -24.341569 13.831372 -48.072367
v -16.385526 25.686835 -42.244969
v -16.385526 27.662745 -27.741035
v -16.385526 25.686835 -27.741035
v -16.385526 27.662745 -42.244969
v -23.182094 25.686835 -48.072367
v -23.182094 27.662745 -48.072367
v -38.326908 25.686835 -48.072367
v -24.341569 25.686835 -48.072367
v -58.766173 25.686835 -48.072367
v -58.766173 27.662745 -48.072367
v -2.400187 27.662745 -27.741035
v -2.400187 25.686835 -27.741035
v -2.400187 27.662745 -53.576898
v -2.400187 25.686835 -35.460330
v -2.400187 25.686835 -36.500083
v -2.400187 25.686835 -45.038492
v -2.400187 25.686835 -46.078246
v -2.400187 25.686835 -53.576898
v -2.400187 27.662745 -63.022727
v -2.400187 25.686835 -55.183499
v -2.400187 25.686835 -56.223252
v -2.400187 25.686835 -63.022727
v -31.131757 4.518750 -72.638005
v -31.131757 3.951821 -72.118323
v -31.131757 4.518750 -72.118323
v -31.131757 3.951821 -72.638005
v -8.327919 13.831372 -74.613911
v -18.207469 11.855462 -74.613911
v -8.327919 11.855462 -74.613911
v -18.207469 13.831372 -74.613911
v -26.113693 4.518750 -72.118323
v -26.113693 3.951821 -72.118323
v -26.965726 4.518750 -72.118323
v -30.399430 4.518750 -72.118323
v -20.183383 13.831372 -72.638005
v -35.990665 11.855462 -72.638005
v -20.183383 11.855462 -72.638005
v -35.990665 13.831372 -72.638005
v -23.314266 13.831372 -72.638005
v -32.716879 13.831372 -72.638005
v -41.279198 13.831372 -74.613911
v -45.231017 11.855462 -78.565737
v -41.279198 11.855462 -74.613911
v -45.231017 13.831372 -78.565737
v -8.327919 25.686835 -74.613911
v -18.207469 23.710924 -74.613911
v -8.327919 23.710924 -74.613911
v -18.207469 25.686835 -74.613911
v -20.183383 25.686835 -72.638005
v -23.314266 23.710924 -72.638005
v -20.183383 23.710924 -72.638005
v -32.716879 23.710924 -72.638005
v -35.990665 23.710924 -72.638005
v -35.990665 25.686835 -72.638005
v -37.966578 11.855462 -74.613911
v -37.966578 13.831372 -74.613911
v -41.279198 25.686835 -74.613911
v -45.231017 23.710924 -78.565737
v -41.279198 23.710924 -74.613911
v -45.231017 25.686835 -78.565737
v -4.376100 13.831372 -78.565737
v -4.376100 11.855462 -78.565737
v -37.966578 25.686835 -74.613911
v -37.966578 23.710924 -74.613911
v -26.113693 3.951821 -72.638005
v -26.113693 4.518750 -72.638005
v -4.376100 25.686835 -78.565737
v -4.376100 23.710924 -78.565737
v -2.400187 27.662745 -82.517556
v -2.400187 25.686835 -64.827385
v -2.400187 25.686835 -65.867139
v -2.400187 25.686835 -75.063428
v -2.400187 25.686835 -76.103181
v -2.400187 25.686835 -78.565737
v -2.400187 25.686835 -82.517556
v -2.400187 13.831372 -65.867139
v -2.400187 11.855462 -65.258306
v -2.400187 13.831372 -65.258306
v -2.400187 11.855462 -78.565737
v -2.400187 13.831372 -75.063428
v -2.400187 13.831372 -76.103181
v -2.400187 13.831372 -78.565737
v -45.231017 25.686835 -85.083999
v -45.231017 23.710924 -85.083999
v -58.766173 23.710924 -85.083999
v -58.766173 25.241212 -85.083999
v -58.766173 25.686835 -85.083999
v -2.400187 23.710924 -78.565737
v -12.323093 11.855462 -27.741035
v -14.307286 11.855462 -27.741035
v -5.535092 11.855462 -27.741035
v -4.861458 11.855462 -27.741035
v -2.400187 13.831372 -27.741035
v -2.400187 11.855462 -27.741035
v -58.766173 27.662745 -114.143232
v -58.766173 25.686835 -114.143232
v -58.766173 11.855462 -65.720024
v -58.766173 13.831372 -62.354128
v -58.766173 11.855462 -62.354128
v -58.766173 13.831372 -72.289819
v -58.766173 11.855462 -50.824633
v -58.766173 13.831372 -52.908300
v -58.766173 11.855462 -52.908300
v -62.829170 11.855462 -62.354128
v -62.829170 13.831372 -62.354128
v -62.829170 13.831372 -52.908300
v -62.829170 11.855462 -48.072367
v -62.829170 13.831372 -48.072367
v -62.829170 11.855462 -49.488549
v -62.829170 11.855462 -52.908300
v -80.598076 13.831372 -85.083999
v -89.852798 11.855462 -85.083999
v -80.598076 11.855462 -85.083999
v -89.852798 13.831372 -85.083999
v -62.829170 25.241212 -85.083999
v -96.585073 23.710924 -85.083999
v -62.829170 23.710924 -85.083999
v -96.585073 25.686835 -85.083999
v -62.829170 25.686835 -85.083999
v -62.829170 13.831372 -85.083999
v -71.152251 11.855462 -85.083999
v -62.829170 11.855462 -85.083999
v -71.152251 13.831372 -85.083999
v -80.598076 13.831372 -86.099744
v -80.598076 11.855462 -86.099744
v -71.152251 11.855462 -86.099744
v -71.152251 13.831372 -86.099744
v -62.829170 11.855462 -64.621838
v -94.080308 25.686835 -30.733213
v -94.080308 27.662745 -24.516319
v -94.080308 25.686835 -24.516319
v -94.080308 27.662745 -30.733213
v -103.552749 25.686835 -34.721045
v -98.816528 27.662745 -34.721045
v -98.816528 25.686835 -34.721045
v -103.552749 27.662745 -34.721045
v -110.204282 25.686835 -34.721045
v -110.204282 27.662745 -34.721045
v -81.796377 25.686835 -24.516319
v -81.796377 27.662745 -24.516319
v -62.829170 27.662745 -48.072367
v -62.829170 25.686835 -48.072367
v -114.273896 19.759103 -40.648835
v -114.273896 21.735015 -37.413959
v -114.273896 19.759103 -37.413959
v -114.273896 21.735015 -53.221241
v -114.273896 19.759103 -50.094661
v -114.273896 19.759103 -53.221241
v -114.273896 11.855462 -40.648835
v -114.273896 13.831372 -37.413959
v -114.273896 11.855462 -37.413959
v -114.273896 13.831372 -40.648835
v -114.273896 13.831372 -50.094661
v -115.360503 11.855462 -50.094661
v -114.273896 11.855462 -50.094661
v -115.360503 13.831372 -50.094661
v -110.204282 13.831372 -34.721045
v -103.552749 12.843418 -34.721045
v -110.204282 12.843418 -34.721045
v -103.552749 13.831372 -34.721045
v -114.273896 25.686835 -37.413959
v -114.273896 27.662745 -34.721045
v -114.273896 25.686835 -34.721045
v -114.273896 27.662745 -67.528616
v -114.273896 25.686835 -53.221241
v -114.273896 25.686835 -67.528616
v -114.273896 13.831372 -34.721045
v -114.273896 11.855462 -34.721045
v -110.912944 11.855462 -34.721045
v -110.912944 12.843418 -34.721045
v -115.360503 13.831372 -40.648835
v -115.360503 11.855462 -40.648835
v -114.273896 11.855462 -53.221241
v -114.273896 13.831372 -53.221241
v -110.204282 23.511678 -34.721045
v -103.552749 21.834512 -34.721045
v -110.204282 21.834512 -34.721045
v -103.552749 23.511678 -34.721045
v -110.204282 23.511678 -14.972774
v -103.552749 21.834512 -14.972774
v -110.204282 21.834512 -14.972774
v -103.552749 23.511678 -14.972774
v -103.552749 23.511678 -33.250510
v -110.204282 21.834512 -33.250510
v -103.552749 21.834512 -33.250510
v -110.204282 23.511678 -33.250510
v -95.285859 13.831372 -59.876404
v -99.766436 13.831372 -59.876404
v -89.852798 13.831372 -59.876404
v -89.852798 11.855462 -59.876404
v -98.963291 12.843418 -59.876404
v -98.963291 11.855462 -59.876404
v -102.320215 12.843418 -59.876404
v -102.320215 13.831372 -59.876404
v -96.585073 25.686835 -102.276658
v -96.585073 23.710924 -102.276658
v -96.585073 25.686835 -107.426807
v -96.585073 23.710924 -107.426807
v -114.273896 25.686835 -94.354453
v -111.125918 27.662745 -90.827805
v -111.125918 25.686835 -90.827805
v -114.273896 27.662745 -94.354453
v -111.125918 25.686835 -85.083999
v -111.125918 27.662745 -81.644993
v -111.125918 25.686835 -81.644993
v -127.124370 27.662745 -94.354453
v -127.124370 25.686835 -94.354453
v -127.124370 25.686835 -107.426807
v -127.124370 23.710924 -107.426807
v -127.124370 27.662745 -107.521296
v -127.124370 25.686835 -107.521296
v -111.125918 25.686835 -71.369399
v -111.125918 27.662745 -71.369399
v -114.273896 11.855462 -58.270107
v -114.273896 13.831372 -59.876404
v -114.273896 11.855462 -59.876404
v -108.086118 11.855462 -59.876404
v -109.527056 12.843418 -59.876404
v -108.086118 12.843418 -59.876404
v -109.527056 13.831372 -59.876404
v -107.287705 13.831372 -59.876404
v -16.105111 3.951821 -13.043176
v -16.105111 4.518750 -13.043176
v -72.946875 13.831372 -35.506835
v -103.552749 23.511678 -13.390336
v -110.204282 21.834512 -13.390336
v -103.552749 21.834512 -13.390336
v -110.204282 23.511678 -13.390336
v -84.935610 21.735015 16.488609
v -83.102769 19.759103 16.488609
v -84.935610 19.759103 16.488609
v -83.102769 21.735015 16.488609
v -92.172437 19.759103 29.585392
v -92.172437 21.735015 16.488609
v -92.172437 21.735015 29.585392
v -92.172437 19.759103 16.488609
v -93.952310 19.759103 16.488609
v -93.952310 21.735015 16.488609
v -84.935610 19.759103 29.585392
v -84.935610 21.735015 29.585392
v 7.605817 19.759103 38.223655
v 7.605817 19.759103 29.314497
v 7.605817 19.759103 28.157016
v 7.605817 19.759103 18.713749
v 7.605817 19.759103 17.556269
v 7.605817 19.759103 8.012962
v 7.605817 19.759103 6.855481
v 7.605817 19.759103 -2.768219
v 7.605817 12.493046 29.314497
v 7.605817 11.855462 38.223655
v 7.605817 12.493258 38.223655
v 7.605817 11.855462 -2.768219
v 7.605817 12.493046 28.157016
v 7.605817 12.493258 18.713749
v 7.605817 12.493258 17.556269
v 7.605817 12.493258 8.012962
v 7.605817 12.493258 6.855481
v 7.605817 12.493258 -2.768219
v -62.829170 27.662745 -114.143232
v -62.829170 25.686835 -102.276658
v -62.829170 25.686835 -114.143232
v -2.400187 13.831372 -46.078246
v -2.400187 11.855462 -45.499204
v -2.400187 13.831372 -45.499204
v -2.400187 11.855462 -50.824633
v -2.400187 13.831372 -55.183499
v -2.400187 13.831372 -56.223252
v -2.400187 13.831372 -64.827385
v -2.400187 13.831372 -35.460330
v -2.400187 13.831372 -36.500083
v -2.400187 13.831372 -45.038492
v -0.297825 11.855462 -65.258306
v -0.297825 13.550215 -65.258306
v -45.231017 13.831372 -84.487339
v -45.231017 11.855462 -82.585276
v -89.852798 11.855462 -64.621838
v -89.852798 13.831372 -61.388877
v -98.963291 11.855462 -58.270107
v -108.086118 12.843418 -58.270107
v -108.086118 11.855462 -58.270107
v -98.963291 12.843418 -58.270107
v -102.749604 12.843418 -34.721045
v -98.816528 11.855462 -34.721045
v -102.749604 11.855462 -34.721045
v -98.816528 13.831372 -34.721045
v -110.912944 12.843418 -36.539941
v -102.749604 11.855462 -36.539941
v -110.912944 11.855462 -36.539941
v -102.749604 12.843418 -36.539941
v -57.457570 35.806223 -17.836458
v -57.457570 33.590479 -17.836458
v -57.457570 33.590479 27.777717
v -57.457570 35.806223 27.777717
v -91.972910 25.324164 8.386872
v -61.566211 23.511678 8.386872
v -91.972910 23.511678 8.386872
v -61.566211 25.324164 8.386872
v -94.995557 23.511678 5.364217
v -94.995557 25.324164 5.364217
v -113.614072 25.324164 5.364217
v -113.614072 23.511678 5.364217
v -113.614072 25.324164 -9.281691
v -113.614072 23.511678 -9.281691
v -110.204282 23.511678 -9.281691
v -110.204282 25.324164 -9.281691
v -103.552749 23.511678 -9.281691
v -103.552749 25.324164 -9.281691
v -94.080308 25.324164 -9.281691
v -94.080308 23.511678 -9.281691
v -86.455210 25.324164 -9.281691
v -86.455210 23.511678 -9.281691
v -86.455210 23.511678 -1.297440
v -86.455210 25.324164 -1.297440
v -61.566211 23.511678 -1.297440
v -61.566211 25.324164 -1.297440
v -109.060005 21.735015 29.585392
v -109.060005 19.759103 29.585392
v -114.972144 21.847703 74.469514
v -114.972144 23.773541 74.469514
v -114.972144 27.662745 74.469514
v -114.972144 29.638656 74.469514
v -114.972144 31.614565 74.469514
v -114.972144 33.590479 74.469514
v -114.972144 39.518207 74.469514
v -114.972144 41.494120 74.469514
v -134.064082 41.494120 74.469514
v -134.064082 39.518207 74.469514
v -109.060005 18.097903 74.469514
v -109.060005 19.759103 74.469514
v -94.080308 11.855462 -30.733213
v -94.080308 13.831372 -30.733213
v 33.395991 19.759103 47.368586
v 33.395991 21.735015 47.368586
v 35.798313 21.735015 47.368586
v 31.316741 19.759103 47.368586
v 31.306996 19.759103 47.368586
v 30.081797 19.759103 47.368586
v 114.304980 20.747060 -96.872871
v 110.353154 19.759103 -112.680154
v 110.353154 19.759103 -96.872871
v 114.304980 20.747060 -112.680154
v 39.220382 15.807283 -29.691918
v 31.316741 15.807283 -31.667831
v 31.316741 15.807283 -29.691918
v 39.220382 15.807283 -31.667831
v 39.220382 16.795239 -31.667831
v 31.316741 16.795239 -33.643740
v 31.316741 16.795239 -31.667831
v 39.220382 16.795239 -33.643740
v 114.304980 12.843418 29.585392
v 110.353154 11.855462 25.633572
v 110.353154 11.855462 29.585392
v 114.304980 12.843418 25.633572
v 112.329067 12.843418 25.633572
v 110.353154 12.843418 17.729930
v 110.353154 12.843418 25.633572
v 112.329067 12.843418 17.729930
v 80.400527 18.771149 -93.909009
v 79.412578 18.771149 -95.884915
v 79.412578 18.771149 -94.896965
v 92.362500 18.771149 -95.884915
v 91.374551 18.771149 -93.909009
v 92.362500 18.771149 -94.896965
v 88.618140 11.855462 -49.451023
v 78.738589 11.855462 -51.426932
v 78.738589 11.855462 -49.451023
v 88.618140 11.855462 -51.426932
v 110.353154 11.855462 -65.258306
v 114.304980 13.831372 -69.210125
v 118.256792 13.831372 -65.258306
v 116.280894 14.819328 25.633572
v 114.304980 14.819328 17.729930
v 114.304980 14.819328 25.633572
v 116.280894 14.819328 17.729930
v 39.220382 14.819328 -27.716008
v 31.316741 14.819328 -29.691918
v 31.316741 14.819328 -27.716008
v 39.220382 14.819328 -29.691918
v 39.220382 12.843418 -23.764188
v 31.316741 12.843418 -25.740099
v 31.316741 12.843418 -23.764188
v 39.220382 12.843418 -25.740099
v 31.316741 17.783194 -33.643740
v 47.124023 17.783194 -49.451023
v 31.316741 17.783194 -49.451023
v 39.220382 17.783194 -33.643740
v 40.208339 17.783194 -33.643740
v 47.124023 17.783194 -33.643740
v 93.557915 17.783194 -66.246262
v 79.726545 17.783194 -72.173994
v 79.726545 17.783194 -66.246262
v 80.400527 17.783194 -93.909009
v 91.374551 17.783194 -93.909009
v 92.362500 17.783194 -94.896965
v 92.362500 17.783194 -95.884915
v 93.557915 17.783194 -95.884915
v 79.412578 17.783194 -94.896965
v 114.304980 13.831372 25.633572
v 112.329067 13.831372 17.729930
v 112.329067 13.831372 25.633572
v 114.304980 13.831372 17.729930
v 114.304980 12.843418 17.729930
v 110.353154 11.855462 17.729930
v 114.304980 12.843418 -29.691918
v 114.304980 12.843418 9.826289
v 118.256792 13.831372 -33.643740
v 126.160444 15.807283 -33.643740
v 126.160444 15.807283 -65.258306
v 78.738589 11.855462 -65.258306
v 49.099933 5.186765 -71.186038
v 49.099933 4.445799 -65.258306
v 78.738589 12.596429 -71.186038
v 78.738589 19.759103 -96.872871
v 80.436680 19.759103 -104.551919
v 78.738589 19.759103 -112.680154
v 82.361873 19.759103 -101.217385
v 94.545879 19.759103 -96.872871
v 83.814338 19.759103 -102.055964
v 91.506138 19.759103 -112.680154
v 94.545879 19.759103 -112.680154
v 81.889146 19.759103 -105.390505
v 39.220382 13.831372 -25.740099
v 31.316741 13.831372 -27.716008
v 31.316741 13.831372 -25.740099
v 39.220382 13.831372 -27.716008
v 47.124023 3.951821 -65.258306
v 17.967376 4.414486 -69.530479
v 13.533549 3.951821 -65.258306
v 17.967376 5.449724 -79.089683
v 47.124023 5.449724 -79.089683
v 31.316741 17.783194 -63.282393
v 33.292650 17.783194 -65.258306
v 33.292650 17.783194 -71.196101
v 48.111980 17.783194 -71.186667
v 48.111980 17.783194 -49.451023
v 48.111980 17.783194 -55.395330
v -16.105111 11.855462 45.392677
v -20.056930 11.855462 41.440854
v -24.008749 11.855462 45.392677
v -20.056930 11.855462 37.489036
v -16.105111 11.855462 37.489036
v 49.099933 4.445799 -49.451023
v 47.124023 3.951821 -51.426932
v 47.124023 3.951821 -49.451023
v 86.642227 11.855462 69.103601
v 74.786770 11.855462 57.248137
v 74.786770 11.855462 69.103601
v 86.642227 11.855462 61.199960
v 90.594053 11.855462 57.248137
v 114.304980 0.987955 75.031333
v 110.353154 0.000000 61.199960
v 110.353154 0.000000 75.031333
v 114.304980 0.987955 61.199960
v 62.931306 11.855462 100.718167
v 60.955397 11.855462 61.199960
v 60.955397 11.855462 100.718167
v 62.931306 11.855462 61.199960
v -16.105111 21.735015 140.236370
v -39.816031 19.759103 132.332732
v -39.816031 21.735015 140.236370
v -16.105111 19.759103 132.332732
v -8.201466 19.759103 140.236370
v 11.557635 12.843418 132.332732
v 7.605817 14.819328 136.284558
v 7.605817 15.807283 140.236370
v 25.389009 11.855462 77.007239
v 23.413099 11.855462 65.151775
v 23.413099 11.855462 75.031333
v 25.908695 11.855462 82.937549
v 25.389009 11.855462 82.937549
v 42.692823 11.855462 104.669985
v 23.413099 11.855462 94.790435
v 23.413099 11.855462 104.669985
v 25.389009 11.855462 92.814529
v 25.389009 11.855462 87.955613
v 25.908695 11.855462 87.955613
v 19.502911 11.855462 61.199960
v 19.461279 11.855462 61.199960
v 43.172205 11.855462 61.199960
v 46.644642 11.855462 100.718167
v 47.124023 11.855462 61.199960
v 47.124023 11.855462 100.718167
v 116.280894 15.807283 17.729930
v 115.292930 15.807283 10.814244
v 115.292930 15.807283 17.729930
v 118.256792 15.807283 13.778110
v 126.160444 15.807283 57.248137
v 115.292930 15.807283 25.633572
v 115.292930 15.807283 57.248137
v 116.280894 15.807283 25.633572
v 125.569893 15.807283 43.033286
v 126.160444 15.807283 43.033286
v 125.569893 15.807283 38.015222
v 126.160444 15.807283 13.778110
v 126.160444 15.807283 38.015222
v 75.306453 11.855462 36.787474
v 74.786770 11.855462 32.549258
v 74.786770 11.855462 36.787474
v 74.786770 11.855462 55.746698
v 74.786770 11.855462 55.502545
v 75.306453 11.855462 41.805538
v 92.569966 11.855462 29.585392
v 71.822900 11.855462 29.585392
v 92.569966 11.855462 57.248137
v 74.786770 11.855462 41.805538
v 74.786770 11.855462 43.519702
v 33.292650 17.783194 -81.065588
v 31.316741 17.783194 -92.921052
v 31.316741 17.783194 -83.041501
v 33.298242 17.783194 -92.921052
v 33.298242 17.783194 -98.661211
v 35.093086 17.783194 -98.661211
v 35.578506 17.783194 -98.188770
v 40.596570 17.783194 -98.188770
v 40.596570 17.783194 -98.661211
v 40.872601 17.783194 -98.661211
v 42.388524 17.783194 -92.921052
v 45.148114 17.783194 -92.921052
v 47.124023 17.783194 -90.945139
v 48.111980 17.783194 -72.173994
v 62.931306 17.783194 -90.945139
v 64.907219 17.783194 -92.921052
v 74.786770 17.783194 -92.921052
v 77.750632 17.783194 -95.884915
v 79.412578 17.783194 -95.884915
v 42.388524 17.783194 -98.661211
v 35.578506 17.783194 -98.661211
v -16.105111 11.855462 69.103601
v -20.056930 11.855462 65.151775
v -20.056930 11.855462 69.103601
v -16.105111 11.855462 114.549543
v -8.201466 11.855462 104.669985
v -4.249647 11.855462 114.549543
v -4.249647 11.855462 108.621812
v -4.249647 11.855462 61.199960
v -24.008749 11.855462 61.199960
v -8.201466 11.855462 65.151775
v -8.201466 11.855462 77.007239
v 38.855240 11.855462 116.525449
v 15.509458 11.855462 114.549543
v 15.509458 11.855462 116.525449
v 19.461279 11.855462 108.621812
v 42.692823 11.855462 113.508596
v 94.545879 11.855462 13.778110
v 47.124023 11.855462 9.826289
v 47.124023 11.855462 13.778110
v 55.027665 11.855462 1.922647
v 88.618140 11.855462 3.898558
v 94.545879 11.855462 3.898558
v 88.618140 11.855462 1.922647
v 60.337075 17.783194 -49.451023
v 55.488867 17.783194 -50.348661
v 55.488867 17.783194 -49.451023
v 50.803198 17.783194 -49.451023
v 50.803198 17.783194 -50.348661
v 60.337075 17.783194 -55.395330
v 51.346505 18.351475 -49.451023
v 50.803198 18.351475 -50.348661
v 50.803198 18.351475 -49.451023
v 51.346505 18.351475 -50.348661
v 55.488867 18.351475 -49.451023
v 54.780205 18.351475 -50.348661
v 54.780205 18.351475 -49.451023
v 55.488867 18.351475 -50.348661
v 78.738589 19.759103 -121.862966
v 78.738589 19.759103 -122.687820
v 89.335913 19.759103 -114.850378
v 89.335913 19.759103 -122.687820
v -60.502811 11.855462 45.392677
v -68.418735 11.855462 39.935559
v -68.422646 11.855462 45.392677
v -68.406460 11.855462 39.935559
v -64.454634 11.855462 41.440854
v -68.406460 11.855462 37.489036
v -64.454634 11.855462 37.489036
v -68.406460 19.759103 100.982146
v -89.843584 19.759103 78.372949
v -89.843584 19.759103 100.982146
v -68.406460 19.759103 78.372949
v -77.774180 11.855462 39.935559
v -77.774180 11.855462 37.489036
v -42.650680 19.759103 116.525449
v -91.036377 19.759103 100.982146
v -91.036377 19.759103 116.525449
v -63.337017 19.759103 100.982146
v -42.650680 21.735015 100.982146
v -42.650680 21.735015 140.236370
v -61.666362 20.570290 135.577478
v -61.666362 21.735015 140.236370
v -61.666362 19.759103 132.332732
v -42.650680 19.759103 132.332732
v -96.753369 19.759103 148.882039
v -107.068506 19.759103 140.064705
v -107.068506 19.759103 148.882039
v -105.092593 19.759103 138.088792
v -105.092593 19.759103 136.284558
v -96.753369 19.759103 136.284558
v -107.068506 19.759103 110.426045
v -110.978687 19.759103 106.474226
v -111.020332 19.759103 106.474226
v -107.068506 19.759103 100.982146
v -112.996230 19.759103 106.474226
v -114.972144 19.759103 104.498313
v -111.025942 19.759103 106.474226
v -107.068506 11.855462 34.951304
v -109.060005 12.214306 65.715652
v -109.060005 12.097238 70.517695
v -109.060005 12.964305 34.951304
v -107.068506 11.855462 74.469514
v -107.068506 11.855462 61.199960
v -107.068506 11.855462 45.392677
v -107.068506 11.855462 39.935559
v -105.092593 19.759103 133.229875
v -104.572910 19.759103 133.229875
v -104.572910 19.759103 132.332732
v -92.801558 19.759103 132.332732
v -4.376100 3.951821 -74.613911
v -4.376100 3.951821 -78.565737
v -8.327919 3.951821 -74.613911
v -4.376100 3.951821 -78.524099
v -2.400187 3.951821 -74.613911
v -2.400187 3.951821 -78.565737
v -8.327919 3.951821 -65.720024
v -20.183383 3.951821 -72.638005
v -20.183383 3.951821 -65.720024
v -18.207469 3.951821 -74.613911
v -2.400187 3.951821 -65.720024
v -23.182094 3.951821 -48.072367
v -33.146583 3.951821 -50.824633
v -33.146583 3.951821 -48.072367
v -16.385526 3.951821 -50.824633
v -16.385526 3.951821 -42.244969
v -58.766173 11.855462 -50.824633
v -58.766173 11.855462 -48.072367
v -33.146583 3.951821 -72.638005
v -33.146583 3.951821 -65.720024
v -31.131757 3.951821 -72.118323
v -26.113693 3.951821 -72.118323
v -26.113693 3.951821 -72.638005
v -31.131757 3.951821 -72.638005
v -45.231017 7.679868 -78.565737
v -58.766173 11.855462 -65.720024
v -41.279198 6.460732 -74.613911
v -37.966578 5.438789 -74.613911
v -35.990665 4.829220 -72.638005
v -110.912944 11.855462 -34.721045
v -114.273896 11.855462 -37.413959
v -114.273896 11.855462 -34.721045
v -110.912944 11.855462 -36.539941
v -102.749604 11.855462 -40.118826
v -102.749604 11.855462 -36.539941
v -107.287705 13.831372 -61.388877
v -114.273896 13.831372 -67.528616
v -114.273896 13.831372 -61.388877
v -111.125918 13.831372 -71.369399
v -111.125918 13.831372 -85.083999
v -96.585073 13.831372 -85.083999
v -99.766436 13.831372 -61.388877
v -95.285859 13.831372 -61.388877
v -91.104756 13.831372 -85.083999
v -91.104756 13.831372 -61.388877
v 15.509458 11.855462 59.224050
v 11.557635 11.855462 45.392677
v 11.557635 11.855462 59.224050
v 21.437188 11.855462 45.392677
v 17.485367 11.855462 61.199960
v 19.455668 11.855462 61.199960
v 23.413099 11.855462 47.368586
v 28.992737 11.855462 47.841028
v 39.220382 11.855462 57.248137
v 34.010801 11.855462 47.841028
v 34.010801 11.855462 47.368586
v 39.220382 11.855462 47.368586
v 28.992737 11.855462 47.368586
v 54.780205 18.351475 -48.813226
v 51.346505 18.351475 -48.813226
v -114.273896 13.831372 -94.354453
v -127.124370 13.831372 -107.426807
v -127.124370 13.831372 -94.354453
v -114.273896 13.831372 -107.426807
v -111.125918 13.831372 -90.827805
v -96.585073 13.831372 -107.426807
v -96.585073 13.831372 -102.276658
v -102.320215 13.831372 -59.876404
v -107.287705 13.831372 -59.876404
v -99.766436 13.831372 -59.876404
v -98.963291 12.843418 -58.270107
v -108.086118 12.843418 -59.876404
v -108.086118 12.843418 -58.270107
v -102.320215 12.843418 -59.876404
v -98.963291 12.843418 -59.876404
v -68.406460 11.855462 65.334924
v -68.406460 11.855462 61.199960
v -68.406460 11.855462 62.460769
v -60.502811 11.855462 61.199960
v -91.036377 11.855462 61.199960
v -91.036377 11.855462 77.174275
v -68.407661 11.855462 61.199960
v -68.406460 15.807283 77.174275
v -68.406460 13.113397 69.103601
v -64.454634 13.803496 69.103601
v -64.454634 12.484429 65.151775
v -0.297825 11.855462 29.585392
v -0.297825 11.855462 59.224050
v 0.690128 11.855462 29.585392
v 7.605817 11.855462 41.440854
v 0.690128 11.855462 5.874468
v 0.690128 11.855462 -7.956905
v 0.690128 11.855462 -21.788278
v 3.080039 11.855462 -21.174104
v 48.519254 11.855462 -20.055892
v 47.124023 11.855462 -30.856813
v 47.124023 11.855462 -18.734954
v 48.519254 11.855462 -29.461586
v 53.667330 11.855462 -20.055892
v 53.100403 11.855462 -22.147476
v 53.667330 11.855462 -22.147476
v 53.100403 11.855462 -27.165542
v 53.667330 11.855462 -29.461586
v 53.667330 11.855462 -27.165542
v 37.866013 11.855462 -9.153288
v 34.432310 11.855462 -9.932815
v 34.432310 11.855462 -9.153288
v 19.461279 11.855462 -19.812367
v 11.557635 11.855462 -9.932815
v 31.316741 11.855462 -19.812367
v 31.316741 11.855462 -23.764188
v 39.220382 11.855462 -23.764188
v 37.866013 11.855462 -9.932815
v 47.124023 11.855462 -9.932815
v 40.208339 11.855462 -23.764188
v 40.208339 11.855462 -25.239844
v 40.208339 11.855462 -33.643740
v 47.124023 11.855462 -33.643740
v 7.605817 11.855462 -5.980995
v 8.098103 11.855462 -21.174104
v 7.605817 11.855462 38.223655
v 7.605817 11.855462 -2.768219
v 8.098103 11.855462 -21.788278
v 19.461279 11.855462 -21.788278
v 3.080039 11.855462 -21.788278
v 15.509458 3.951821 -45.499204
v -0.297825 3.951821 -50.824633
v -0.297825 3.951821 -45.499204
v -0.297825 3.951821 -51.426932
v 21.437188 3.951821 -49.451023
v -58.766173 13.831372 -72.289819
v -58.766173 17.679307 -85.083999
v -45.231017 11.855462 -82.585276
v -45.231017 13.831372 -84.487339
v -45.231017 14.451195 -85.083999
v -62.829170 11.855462 -64.621838
v -89.852798 11.855462 -59.876404
v -89.852798 11.855462 -58.633169
v -89.852798 11.855462 -64.621838
v -80.598076 11.855462 -64.621838
v -71.152251 11.855462 -64.621838
v -68.406460 13.831372 39.935559
v -78.553696 13.831372 35.683590
v -78.553696 13.831372 39.935559
v -68.406460 13.831372 29.585392
v -68.406460 13.831372 37.489036
v -109.060005 13.831372 39.935559
v -109.060005 13.831372 30.999485
v -109.060005 13.831372 35.605690
v -109.060005 13.831372 29.585392
v -100.186758 13.831372 39.935559
v -100.186758 13.831372 35.683590
v -92.172437 13.831372 29.585392
v -92.172437 13.831372 27.047664
v -84.935610 13.831372 29.585392
v -84.935610 13.831372 27.047664
v -78.553696 13.169955 38.140283
v -100.186758 13.169955 35.683590
v -100.186758 13.169955 38.140283
v -78.553696 13.169955 35.683590
v -78.553696 12.512709 39.935559
v -100.186758 12.512709 38.140283
v -100.186758 12.512709 39.935559
v -78.553696 12.512709 38.140283
v -64.911108 19.759103 132.332732
v -114.972144 19.759103 100.982146
v -109.060005 11.855462 74.469514
v -114.972144 19.759103 96.817690
v -114.972144 19.759103 93.383987
v -114.972144 19.759103 82.538101
v -114.972144 19.759103 79.104397
v -114.972144 19.759103 74.469514
v -109.060005 19.759103 74.469514
v -107.068506 19.759103 76.437261
v -115.987896 19.759103 79.104397
v -115.987896 19.759103 82.538101
v -115.987896 19.759103 93.383987
v -115.987896 19.759103 96.817690
v -98.963291 11.855462 -58.270107
v -98.963291 11.855462 -56.614204
v -98.963291 11.855462 -59.876404
v -108.086118 11.855462 -58.270107
v -108.086118 11.855462 -54.592507
v -114.273896 11.855462 -58.270107
v -114.273896 11.855462 -53.221241
v -114.273896 11.855462 -59.876404
v -108.086118 11.855462 -59.876404
v -71.152251 11.855462 -85.083999
v -62.829170 11.855462 -85.083999
v -89.852798 11.855462 -85.083999
v -80.598076 11.855462 -85.083999
v -80.598076 11.855462 -86.099744
v -71.152251 11.855462 -86.099744
v -98.816528 11.855462 -34.721045
v -102.749604 11.855462 -34.721045
v -98.816528 11.855462 -41.041956
v -62.829170 11.855462 -48.072367
v -94.080308 11.855462 -42.153593
v -94.080308 11.855462 -36.428789
v -62.829170 11.855462 -49.488549
v -94.080308 15.559614 -30.733213
v -98.550103 11.855462 -34.763430
v -81.796377 15.559614 -24.516319
v -94.080308 15.559614 -24.516319
v -72.946875 13.831372 -35.506835
v -94.080308 11.855462 -30.733213
v -68.426382 11.855462 41.460780
v 0.690128 13.831372 29.585392
v -0.297825 13.831372 -21.788278
v -0.297825 13.831372 29.585392
v 0.690128 13.831372 -21.788278
v 0.690128 13.831372 5.874468
v 0.690128 13.831372 -7.956905
v 94.545879 13.831372 57.248137
v 92.569966 13.831372 29.585392
v 92.569966 13.831372 57.248137
v 94.545879 13.831372 29.585392
v 115.292930 16.795239 17.729930
v 114.304980 16.795239 9.826289
v 114.304980 16.795239 17.729930
v 115.292930 16.795239 10.814244
v 42.388524 26.016141 -98.661211
v 33.298242 26.016141 -94.341907
v 33.298242 26.016141 -98.661211
v 42.388524 26.016141 -94.341907
v 40.208339 12.843418 -23.764188
v 39.220382 13.831372 -25.740099
v 39.220382 12.843418 -23.764188
v 39.220382 14.819328 -27.716008
v 39.220382 15.807283 -29.691918
v 39.220382 16.795239 -31.667831
v 39.220382 17.783194 -33.643740
v 40.208339 17.783194 -33.643740
v 21.446391 15.807283 -79.089683
v 17.967376 15.807283 -69.530479
v 17.967376 15.807283 -79.089683
v 17.967376 15.807283 -65.258306
v 21.442097 15.807283 -65.258306
v 39.220382 11.855462 -23.764188
v 40.208339 11.855462 -23.764188
v 47.124023 15.807283 -79.089683
v 35.577297 15.807283 -79.027932
v 35.577297 15.807283 -79.089683
v 47.124023 15.807283 -49.451023
v 21.437188 15.807283 -49.451023
v 35.515551 15.807283 -79.027932
v 35.515551 15.807283 -79.089683
v 15.509458 15.807283 -65.258306
v 13.533549 15.807283 -65.258306
v -0.297825 15.807283 -45.499204
v -0.297825 15.807283 -65.258306
v 15.509458 15.807283 -45.499204
v 53.667330 27.662745 -29.461586
v 48.519254 27.662745 -20.055892
v 48.519254 27.662745 -29.461586
v 53.667330 27.662745 -20.055892
v -24.008749 25.686835 45.392677
v -27.960575 25.686835 61.199960
v -27.960575 25.686835 45.392677
v -24.008749 25.686835 61.199960
v -20.056930 25.686835 41.440854
v -20.056930 25.686835 65.151775
v 94.545879 12.422391 -33.174642
v 94.073437 12.422391 -36.608342
v 94.073437 12.422391 -33.174642
v 94.545879 12.422391 -36.608342
v 94.971072 12.422391 -33.174642
v 94.971072 12.422391 -36.608342
v 94.545879 12.422391 -27.575457
v 94.144299 12.422391 -31.009156
v 94.144299 12.422391 -27.575457
v 94.545879 12.422391 -31.009156
v 94.971072 12.422391 -27.575457
v 94.971072 12.422391 -31.009156
v -8.201466 19.759103 102.694080
v -16.105111 19.759103 104.669985
v -16.105111 19.759103 102.694080
v -8.201466 19.759103 104.669985
v -8.201466 21.735015 78.983152
v -16.105111 21.735015 102.694080
v -16.105111 21.735015 78.983152
v -8.201466 21.735015 102.694080
v 86.642227 29.638656 94.014939
v 74.786770 29.638656 69.103601
v 74.786770 29.638656 94.014939
v 86.642227 29.638656 69.103601
v 86.642227 29.638656 77.007239
v -8.201466 19.759103 77.007239
v -16.105111 19.759103 78.983152
v -16.105111 19.759103 77.007239
v -8.201466 19.759103 78.983152
v 15.509458 13.831372 116.525449
v -16.105111 21.735015 114.549543
v -16.105111 21.735015 116.525449
v 15.509458 13.831372 114.549543
v 97.547446 11.855462 59.224050
v 94.545879 11.855462 75.031333
v 94.545879 11.855462 59.224050
v 114.304980 11.855462 75.031333
v 110.543408 11.855462 59.224050
v 114.304980 11.855462 59.224050
v 115.292930 16.795239 57.248137
v 114.304980 16.795239 25.633572
v 114.304980 16.795239 57.248137
v 115.292930 16.795239 25.633572
v 26.462393 12.351525 133.773684
v 17.188138 12.351525 132.332732
v 17.188138 12.351525 133.773684
v 26.462393 12.351525 132.332732
v 115.226235 13.831372 5.220083
v 114.304980 13.831372 -4.416463
v 114.304980 13.831372 5.220083
v 115.226235 13.831372 -4.416463
v 115.226235 21.972817 5.220083
v 114.304980 21.972817 5.220083
v 115.226235 21.944507 -4.416463
v 115.155366 21.917236 -14.070066
v 114.304980 21.941803 -5.544219
v 114.304980 21.917236 -14.070066
v 115.155366 21.941803 -5.544219
v 115.155366 13.831372 -5.544219
v 114.304980 13.831372 -14.070066
v 114.304980 13.831372 -5.544219
v 115.155366 13.831372 -14.070066
v 115.273477 13.831372 -15.217048
v 114.304980 13.831372 -24.889878
v 114.304980 13.831372 -15.217048
v 115.273477 13.831372 -24.889878
v 115.273477 21.886060 -24.889878
v 114.304980 21.913931 -15.217048
v 114.304980 21.886060 -24.889878
v 115.273477 21.913931 -15.217048
v 114.304980 21.945051 -4.416463
v 94.545879 12.422391 -31.861194
v 94.971072 12.422391 -31.861194
v 94.971072 12.422391 -26.843130
v 94.545879 12.422391 -26.843130
v 94.545879 12.422391 -37.460380
v 94.971072 12.422391 -37.460380
v 94.971072 12.422391 -32.442316
v 94.545879 12.422391 -32.442316
v 39.744532 18.350123 -98.188770
v 36.310833 18.350123 -98.661211
v 36.310833 18.350123 -98.188770
v 36.310833 18.350123 -99.133652
v 39.744532 18.350123 -99.133652
v 39.744532 18.350123 -98.661211
v 34.010801 12.422391 47.841028
v 33.158763 12.422391 47.368586
v 33.158763 12.422391 47.841028
v 34.010801 12.422391 47.368586
v 29.725063 12.422391 47.841028
v 28.992737 12.422391 47.368586
v 28.992737 12.422391 47.841028
v 29.725063 12.422391 47.368586
v 53.667330 12.422391 -22.147476
v 53.667330 12.422391 -22.913529
v 53.100403 12.422391 -22.147476
v 53.667330 12.422391 -22.999514
v 53.100403 12.422391 -22.999514
v 53.667330 12.422391 -26.433214
v 53.100403 12.422391 -27.165542
v 53.100403 12.422391 -26.433214
v 53.667330 12.422391 -27.165542
v 126.160444 16.374212 42.181252
v 125.569893 16.374212 38.747552
v 125.569893 16.374212 42.181252
v 126.160444 16.374212 38.747552
v 126.562017 16.374212 42.181252
v 126.562017 16.374212 38.747552
v 126.160444 16.374212 43.033286
v 125.569893 16.374212 43.033286
v 125.569893 16.374212 38.015222
v 126.160444 16.374212 38.015222
v 74.786770 12.422391 41.073212
v 74.314329 12.422391 37.639508
v 74.314329 12.422391 41.073212
v 74.786770 12.422391 37.639508
v 75.306453 12.422391 41.073212
v 75.306453 12.422391 37.639508
v 40.596570 18.350123 -98.188770
v 40.596570 18.350123 -98.661211
v 35.578506 18.350123 -98.661211
v 35.578506 18.350123 -98.188770
v 74.786770 12.422391 36.787474
v 75.306453 12.422391 36.787474
v 75.306453 12.422391 41.805538
v 74.786770 12.422391 41.805538
v -16.105111 4.518750 -18.461171
v -15.490939 4.518750 -19.313209
v -16.105111 4.518750 -19.313209
v -15.490939 4.518750 -18.461171
v -15.490939 4.518750 -13.043176
v -16.105111 4.518750 -13.988057
v -16.105111 4.518750 -13.043176
v -16.105111 4.518750 -15.027471
v -15.490939 4.518750 -15.027471
v -18.081017 33.590479 29.585392
v -24.008749 33.590479 -9.932815
v -24.008749 33.590479 29.585392
v -18.081017 33.590479 -9.932815
v 25.908695 12.422391 83.789590
v 25.389009 12.422391 82.937549
v 25.389009 12.422391 83.789590
v 25.908695 12.422391 82.937549
v 25.389009 12.422391 87.223286
v 25.011057 12.422391 83.789590
v 25.011057 12.422391 87.223286
v 25.908695 12.422391 87.223286
v 25.908695 12.422391 87.955613
v 25.389009 12.422391 87.955613
v 7.246069 12.422391 -21.174104
v 3.812366 12.422391 -21.788278
v 3.812366 12.422391 -21.174104
v 3.812366 12.422391 -22.142609
v 7.246069 12.422391 -22.142609
v 7.246069 12.422391 -21.788278
v 8.098103 12.422391 -21.174104
v 8.098103 12.422391 -21.788278
v 3.080039 12.422391 -21.788278
v 3.080039 12.422391 -21.174104
v -24.008749 33.590479 114.549543
v -39.816031 33.590479 104.669985
v -39.816031 33.590479 114.549543
v -24.008749 33.590479 108.621812
v -18.081017 33.590479 104.669985
v -18.081017 33.590479 108.621812
v -21.044886 33.590479 69.103601
v -24.008749 33.590479 37.489036
v -24.008749 33.590479 69.103601
v -21.044886 33.590479 37.489036
v 8.763296 12.493258 6.855481
v 7.605817 12.493258 -2.768219
v 7.605817 12.493258 6.855481
v 8.763296 12.493258 -2.768219
v 8.763296 12.493258 38.223655
v 7.605817 12.493046 29.314497
v 7.605817 12.493258 38.223655
v 8.763296 12.493046 29.314497
v 8.763296 12.493046 28.157016
v 7.605817 12.493258 18.713749
v 7.605817 12.493046 28.157016
v 8.763296 12.493258 18.713749
v 8.763296 19.759103 -2.768219
v 7.605817 19.759103 6.855481
v 7.605817 19.759103 -2.768219
v 8.763296 19.759103 6.855481
v 8.763296 19.759103 8.012962
v 7.605817 19.759103 17.556269
v 7.605817 19.759103 8.012962
v 8.763296 19.759103 17.556269
v 8.763296 19.759103 29.314497
v 7.605817 19.759103 38.223655
v 7.605817 19.759103 29.314497
v 8.763296 19.759103 38.223655
v 8.763296 19.759103 18.713749
v 7.605817 19.759103 28.157016
v 7.605817 19.759103 18.713749
v 8.763296 19.759103 28.157016
v 26.462393 19.759103 132.332732
v 17.188138 19.759103 133.773684
v 17.188138 19.759103 132.332732
v 26.462393 19.759103 133.773684
v 36.918585 19.759103 132.332732
v 27.644330 19.759103 133.773684
v 27.644330 19.759103 132.332732
v 36.918585 19.759103 133.773684
v 47.124023 23.710924 34.002715
v 62.931306 23.710924 57.113346
v 47.124023 23.710924 57.113346
v 62.931306 23.710924 34.002715
v 77.699224 21.695096 -104.323777
v 77.699224 23.065175 -102.434011
v 77.699224 21.695096 -102.434011
v 77.699224 24.718718 -100.284404
v 77.699224 23.065175 -100.284404
v 77.699224 24.765963 -100.284404
v 77.699224 24.765963 -105.103301
v 77.699224 23.065175 -104.323777
v 77.699224 23.065175 -105.103301
v 61.525129 19.759103 -49.451023
v 60.337075 19.759103 -55.395330
v 60.337075 19.759103 -49.451023
v 48.111980 19.759103 -55.395330
v 49.099933 19.759103 -56.206930
v 48.111980 19.759103 -72.173994
v 61.525129 19.759103 -56.206930
v 78.738589 19.759103 -65.258306
v 79.726545 19.759103 -66.246262
v 78.738589 19.759103 -71.186038
v 94.545879 19.759103 -65.258306
v 93.557915 19.759103 -66.246262
v 93.557915 19.759103 -95.884915
v 78.738589 19.759103 -96.872871
v 77.750632 19.759103 -95.884915
v 94.545879 19.759103 -96.872871
v 49.099933 19.759103 -71.186038
v 79.726545 19.759103 -72.173994
v 54.780205 18.351475 -48.742361
v 51.346505 18.351475 -48.813226
v 51.346505 18.351475 -48.742361
v 54.780205 18.351475 -48.813226
v 61.525129 16.011541 -56.206930
v 49.099933 16.011541 -49.451023
v 49.099933 16.011541 -56.206930
v 58.383398 16.011541 -51.255337
v 59.871588 16.011541 -51.255337
v 61.525129 16.011541 -51.255337
v 58.383398 16.011541 -49.451023
v 59.871588 16.011541 -49.451023
v 61.525129 16.011541 -49.451023
v 134.064082 29.638656 57.248137
v 126.160444 29.638656 13.778110
v 126.160444 29.638656 57.248137
v 134.064082 29.638656 13.778110
v 134.064082 29.625266 -65.258306
v 126.160444 29.638656 -65.258306
v 126.160444 29.625266 -33.643740
v 134.064082 29.625266 -33.643740
v -39.816031 33.590479 140.236370
v -42.650680 33.590479 100.982146
v -42.650680 33.590479 140.236370
v -39.816031 33.590479 100.982146
v -39.816031 33.590479 116.525449
v -60.502811 33.590479 69.103601
v -63.466685 33.590479 37.489036
v -63.466685 33.590479 69.103601
v -60.502811 33.590479 37.489036
v -66.430547 33.590479 100.982146
v -60.502811 33.590479 77.007239
v -66.430547 33.590479 77.007239
v -60.502811 33.590479 100.982146
v -60.502811 25.686835 45.392677
v -64.454634 25.686835 65.151775
v -64.454634 25.686835 41.440854
v -60.502811 25.686835 61.199960
v -56.550992 25.686835 45.392677
v -56.550992 25.686835 61.199960
v -89.843584 21.735015 100.982146
v -91.036377 21.735015 77.174275
v -91.036377 21.735015 100.982146
v -89.843584 21.735015 78.372949
v -109.060005 21.972817 35.605690
v -109.981260 21.944507 45.242238
v -109.981260 21.972817 35.605690
v -109.060005 13.831372 54.895840
v -109.910391 13.831372 46.369991
v -109.910391 13.831372 54.895840
v -109.060005 13.831372 46.369991
v -109.060005 13.831372 65.715652
v -110.028501 13.831372 56.042823
v -110.028501 13.831372 65.715652
v -109.060005 13.831372 56.042823
v -109.060005 21.945051 45.242238
v -109.060005 13.831372 45.242238
v -109.981260 13.831372 35.605690
v -109.981260 13.831372 45.242238
v -109.060005 13.831372 35.605690
v -109.060005 13.831372 39.935559
v -109.910391 21.941803 46.369991
v -109.060005 21.917236 54.895840
v -109.910391 21.917236 54.895840
v -109.060005 21.941803 46.369991
v -110.028501 21.913931 56.042823
v -109.060005 21.886060 65.715652
v -110.028501 21.886060 65.715652
v -109.060005 21.913931 56.042823
v -109.060005 29.638656 30.999485
v -113.011816 29.638656 27.047664
v -113.011816 29.638656 30.999485
v -68.406460 21.735015 77.174275
v -68.406460 21.735015 78.372949
v -84.935610 13.831372 27.047664
v -92.172437 13.831372 16.488609
v -92.172437 13.831372 27.047664
v -93.952310 13.831372 15.094908
v -93.952310 13.831372 16.488609
v -83.102769 13.831372 15.094908
v -84.935610 13.831372 16.488609
v -83.102769 13.831372 16.488609
v -67.440601 20.255167 133.773684
v -76.714863 20.255167 132.332732
v -76.714863 20.255167 133.773684
v -67.440601 20.255167 132.332732
v -77.896802 27.662745 132.332732
v -87.171050 27.662745 133.773684
v -87.171050 27.662745 132.332732
v -77.896802 27.662745 133.773684
v -67.440601 27.662745 132.332732
v -76.714863 27.662745 133.773684
v -76.714863 27.662745 132.332732
v -67.440601 27.662745 133.773684
v -77.896802 20.255167 133.773684
v -87.171050 20.255167 132.332732
v -87.171050 20.255167 133.773684
v -77.896802 20.255167 132.332732
v -104.572910 20.326033 129.063860
v -105.092593 20.326033 128.211819
v -105.092593 20.326033 129.063860
v -104.572910 20.326033 128.211819
v -105.092593 20.326033 132.497556
v -105.470552 20.326033 129.063860
v -105.470552 20.326033 132.497556
v -104.572910 20.326033 132.497556
v -104.572910 20.326033 133.229875
v -105.092593 20.326033 133.229875
v -92.172437 21.735015 16.488609
v -84.935610 21.735015 29.585392
v -92.172437 21.735015 29.585392
v -85.384424 21.735015 16.488609
v -84.935610 21.735015 16.488609
v -26.965726 4.518750 -72.118323
v -30.399430 4.518750 -72.638005
v -30.399430 4.518750 -72.118323
v -30.399430 4.518750 -73.015957
v -26.965726 4.518750 -73.015957
v -26.965726 4.518750 -72.638005
v -31.131757 4.518750 -72.638005
v -31.131757 4.518750 -72.118323
v -26.113693 4.518750 -72.118323
v -26.113693 4.518750 -72.638005
v -62.829170 25.686835 -85.083999
v -96.585073 25.686835 -102.276658
v -96.585073 25.686835 -85.083999
v -62.829170 25.686835 -102.276658
v -103.552749 13.831372 -13.390336
v -110.204282 13.831372 -34.721045
v -110.204282 13.831372 -13.390336
v -103.552749 13.831372 -34.721045
v -103.552749 21.834512 -14.972774
v -110.204282 21.834512 -13.390336
v -110.204282 21.834512 -14.972774
v -103.552749 21.834512 -13.390336
v -103.552749 21.834512 -34.721045
v -110.204282 21.834512 -33.250510
v -110.204282 21.834512 -34.721045
v -103.552749 21.834512 -33.250510
v -103.552749 23.511678 -33.250510
v -110.204282 23.511678 -14.972774
v -110.204282 23.511678 -33.250510
v -103.552749 23.511678 -14.972774
v 29.725063 12.422391 46.848900
v 33.158763 12.422391 46.848900
v 54.635834 12.422391 -22.999514
v 54.635834 12.422391 -26.433214
v -89.852798 16.146334 -61.388877
v -91.104756 16.146334 -85.083999
v -91.104756 16.146334 -61.388877
v -89.852798 16.146334 -85.083999
v -95.285859 16.146334 -59.876404
v -95.285859 16.146334 -61.388877
v -89.852798 16.146334 -59.876404
v -99.766436 16.146334 -61.388877
v -99.766436 16.146334 -59.876404
v -107.287705 16.146334 -59.876404
v -114.273896 16.146334 -61.388877
v -114.273896 16.146334 -59.876404
v -107.287705 16.146334 -61.388877
v -99.766436 13.831372 -59.876404
v -99.766436 13.831372 -61.388877
v -107.287705 13.831372 -61.388877
v -107.287705 13.831372 -59.876404
v -17.451566 4.518750 -18.461171
v -17.451566 4.518750 -13.988057
v -48.239125 9.458526 7.812815
v -56.142762 9.458526 4.591874
v -56.142762 9.458526 7.812815
v -48.239125 9.458526 0.694237
v -56.142762 9.458526 0.694237
v -48.239125 9.458526 12.495516
v -56.142762 9.458526 12.495516
v -62.070498 12.186171 12.495516
v -60.094581 12.186171 4.591874
v -62.070498 12.186171 4.591874
v -60.094581 12.186171 12.495516
v -58.118676 10.446481 12.495516
v -56.142762 10.446481 4.591874
v -58.118676 10.446481 4.591874
v -56.142762 10.446481 12.495516
v -64.046411 13.056016 12.495516
v -62.070498 13.056016 4.591874
v -64.046411 13.056016 4.591874
v -62.070498 13.056016 12.495516
v -60.094581 11.410814 12.495516
v -58.118676 11.410814 4.591874
v -60.094581 11.410814 4.591874
v -58.118676 11.410814 12.495516
v -56.142762 5.506705 -7.209405
v -48.239125 5.506705 -9.185316
v -56.142762 5.506705 -9.185316
v -48.239125 5.506705 -7.209405
v -56.142762 8.470571 -1.281674
v -48.239125 8.470571 -3.257584
v -56.142762 8.470571 -3.257584
v -48.239125 8.470571 -1.281674
v -56.142762 7.482616 -3.257584
v -48.239125 7.482616 -5.233495
v -56.142762 7.482616 -5.233495
v -48.239125 7.482616 -3.257584
v -56.142762 9.458526 -1.281674
v -48.239125 9.458526 -1.281674
v -48.239125 6.494659 -5.233495
v -56.142762 6.494659 -5.654040
v -56.142762 6.494659 -5.233495
v -48.239125 6.494659 -7.209405
v -48.239125 6.494659 -5.654040
v -56.142762 6.494659 -7.209405
v -56.142762 13.831372 -0.374588
v -65.292847 13.831372 -5.406084
v -65.292847 13.831372 -0.374588
v -65.292847 13.831372 -6.965139
v -56.142762 13.831372 -6.965139
v -64.046411 13.831372 4.591874
v -56.142762 13.831372 4.591874
v -56.142762 4.518750 -5.654040
v -60.294408 4.518750 -21.127050
v -60.294408 4.518750 -5.654040
v -56.142762 4.518750 -9.185316
v -17.451566 4.518750 -21.127050
v -48.239125 4.518750 -9.185316
v -48.239125 4.518750 -5.654040
v -17.451566 4.518750 -5.654040
v -93.952310 13.831372 12.217971
v -93.952310 13.831372 9.472861
v -69.281089 13.831372 12.495516
v -82.346558 13.831372 -5.406084
v -83.102769 13.831372 12.495516
v -69.281089 13.831372 -5.406084
v -96.697412 13.831372 9.472861
v -117.722710 13.831372 -13.390336
v -117.722710 13.831372 9.472861
v -94.080308 13.831372 -13.390336
v -82.346558 13.831372 -13.390336
v -17.451566 12.999065 -21.127050
v -48.239125 12.999065 -6.965139
v -48.239125 12.999065 -21.127050
v -48.239125 12.999065 -5.654040
v -17.451566 12.999065 -5.654040
v -60.294408 12.999065 -6.965139
v -60.294408 12.999065 -21.127050
v -56.142762 12.999065 -6.965139
v -60.294408 12.999065 -5.654040
v -56.142762 12.999065 -5.654040
v 8.763296 12.493258 17.556269
v 7.605817 12.493258 8.012962
v 7.605817 12.493258 17.556269
v 8.763296 12.493258 8.012962
v -58.766173 27.662745 -48.072367
v -62.829170 27.662745 -114.143232
v -62.829170 27.662745 -48.072367
v -58.766173 27.662745 -114.143232
v -110.204282 12.843418 -34.721045
v -110.912944 12.843418 -36.539941
v -110.912944 12.843418 -34.721045
v -102.749604 12.843418 -36.539941
v -103.552749 12.843418 -34.721045
v -102.749604 12.843418 -34.721045
v -78.553696 12.512709 38.140283
v -78.553696 12.512709 39.935559
v -78.553696 13.169955 38.140283
v -78.553696 13.831372 39.935559
v -78.553696 13.831372 35.683590
v -78.553696 13.169955 35.683590
v -100.186758 13.169955 35.683590
v -100.186758 13.831372 35.683590
v -110.204282 25.324164 -9.281691
v -113.614072 25.324164 5.364217
v -113.614072 25.324164 -9.281691
v -94.995557 25.324164 5.364217
v -103.552749 25.324164 -9.281691
v -94.080308 25.324164 -9.281691
v -91.972910 25.324164 8.386872
v -86.455210 25.324164 -9.281691
v -86.455210 25.324164 -1.297440
v -61.566211 25.324164 8.386872
v -61.566211 25.324164 -1.297440
v -57.457570 23.511678 -6.965139
v -65.292847 23.511678 -5.406084
v -65.292847 23.511678 -6.965139
v -61.566211 23.511678 -1.297440
v -61.566211 23.511678 8.386872
v -117.722710 23.511678 9.472861
v -113.614072 23.511678 5.364217
v -96.697412 23.511678 9.472861
v -113.614072 23.511678 -9.281691
v -94.995557 23.511678 5.364217
v -93.952310 23.511678 12.217971
v -91.972910 23.511678 8.386872
v -93.952310 23.511678 16.488609
v -85.384424 23.511678 16.488609
v -83.102769 23.511678 12.495516
v -57.457570 23.511678 12.495516
v -117.722710 23.511678 -13.390336
v -110.204282 23.511678 -13.390336
v -110.204282 23.511678 -9.281691
v -103.552749 23.511678 -13.390336
v -103.552749 23.511678 -9.281691
v -94.080308 23.511678 -13.390336
v -94.080308 23.511678 -9.281691
v -82.346558 23.511678 -13.390336
v -86.455210 23.511678 -9.281691
v -86.455210 23.511678 -1.297440
v -82.346558 23.511678 -5.406084
v -83.102769 23.511678 16.488609
v -48.239125 23.511678 -6.965139
v -48.239125 23.511678 12.495516
v -100.186758 12.512709 38.140283
v -100.186758 13.831372 39.935559
v -100.186758 12.512709 39.935559
v -100.186758 13.169955 38.140283
v -64.046411 13.831372 12.495516
v 36.918585 12.351525 133.773684
v 27.644330 12.351525 132.332732
v 27.644330 12.351525 133.773684
v 36.918585 12.351525 132.332732
v 78.738589 11.855462 -51.426932
v 47.124023 3.951821 -65.258306
v 47.124023 3.951821 -51.426932
v 49.099933 4.445799 -65.258306
v 78.738589 11.855462 -65.258306
v 62.931306 11.855462 29.585392
v 94.545879 11.855462 13.778110
v 47.124023 11.855462 13.778110
v 71.822900 11.855462 29.585392
v 92.569966 11.855462 29.585392
v 94.545879 11.855462 29.585392
v 102.449517 11.855462 21.681751
v 96.521785 11.855462 -65.258306
v 94.545879 17.783194 -88.969233
v 94.545879 11.855462 -65.258306
v 94.545879 19.759103 -96.872871
v 110.353154 19.759103 -96.872871
v 110.353154 11.855462 -65.258306
v 88.618140 11.855462 -51.426932
v 96.521785 11.855462 -51.426932
v 102.449517 11.855462 -58.342617
v 94.545879 19.759103 -112.680154
v 110.353154 19.759103 -112.680154
v 11.557635 12.843418 132.332732
v -16.105111 19.759103 116.525449
v -16.105111 19.759103 132.332732
v 15.044539 11.971693 116.525449
v 15.509458 11.855462 132.332732
v 15.509458 11.855462 116.525449
v -24.008749 11.855462 61.199960
v -27.960575 11.855462 57.965083
v -27.960575 11.855462 61.199960
v -27.960575 11.855462 48.519258
v -27.960575 11.855462 45.392677
v -24.008749 11.855462 45.392677
v -4.249647 11.855462 61.199960
v -16.105111 11.855462 45.392677
v -5.237600 11.855462 57.248137
v -1.779760 11.855462 60.705981
v -2.273738 11.855462 61.199960
v -29.047189 11.855462 48.519258
v -29.047189 11.855462 57.965083
v -16.105111 11.855462 29.585392
v -16.105111 3.951821 -2.029174
v -16.105111 6.989511 10.121587
v -0.297825 11.855462 29.585392
v -0.297825 3.951821 -2.029174
v -16.105111 11.855462 37.489036
v -0.297825 11.855462 59.224050
v 110.353154 0.000000 61.199960
v 94.545879 0.000000 61.199960
v 110.353154 11.855462 29.585392
v 107.318306 0.000000 75.952595
v 97.872480 0.000000 75.031333
v 97.872480 0.000000 75.952595
v 94.545879 0.000000 75.031333
v 107.318306 0.000000 75.031333
v 110.353154 0.000000 75.031333
v 94.971072 11.855462 -31.861194
v 94.545879 11.855462 -32.442316
v 94.545879 11.855462 -31.861194
v 94.971072 11.855462 -32.442316
v 94.971072 11.855462 -37.460380
v 96.521785 11.855462 -4.005084
v 94.545879 11.855462 -26.843130
v 94.545879 11.855462 -4.005084
v 94.971072 11.855462 -26.843130
v 110.353154 11.855462 25.633572
v 110.353154 11.855462 17.729930
v 94.545879 11.855462 3.898558
v 96.521785 11.855462 3.898558
v 96.521785 11.855462 -43.523291
v 94.545879 11.855462 -43.523291
v 94.545879 11.855462 -37.460380
v 75.590610 19.759103 -125.389622
v 61.494492 19.759103 -141.688030
v 61.494492 19.759103 -125.389622
v 89.335913 19.759103 -141.688030
v 78.738589 19.759103 -122.687820
v 78.738589 19.759103 -121.862966
v 89.335913 19.759103 -122.687820
v 17.188138 11.855462 132.332732
v 38.855240 11.855462 116.525449
v 26.462393 11.855462 132.332732
v 27.644330 11.855462 132.332732
v 36.918585 11.855462 132.332732
v 40.443816 11.855462 132.332732
v 40.443816 11.855462 129.545398
v 42.692823 11.855462 113.508596
v 42.692823 11.855462 129.545398
v 42.692823 11.855462 120.099565
v -39.816031 19.759103 130.428098
v -42.650680 19.759103 120.982273
v -42.650680 19.759103 130.428098
v -39.816031 19.759103 120.982273
v -39.816031 19.759103 132.332732
v -39.816031 19.759103 116.525449
v 50.144147 11.855462 57.113346
v 47.124023 11.855462 34.002715
v 47.124023 11.855462 57.113346
v 50.135039 11.855462 34.002715
v 59.580864 11.855462 34.002715
v 59.589972 11.855462 57.113346
v 62.931306 11.855462 34.002715
v 62.931306 11.855462 57.113346
v 50.135039 11.855462 29.585392
v 47.124023 11.855462 29.585392
v 59.580864 11.855462 29.585392
v 60.955397 11.855462 100.718167
v 59.589972 11.855462 61.199960
v 58.859960 11.855462 100.718167
v 60.955397 11.855462 61.199960
v 58.859960 11.855462 101.970139
v 49.414135 11.855462 100.718167
v 49.414135 11.855462 101.970139
v 50.144147 11.855462 61.199960
v 47.124023 11.855462 61.199960
v 47.124023 11.855462 100.718167
v -15.490939 3.951821 -19.313209
v -16.105111 3.951821 -21.788278
v -16.105111 3.951821 -19.313209
v -14.307286 3.951821 -21.788278
v -15.490939 3.951821 -13.043176
v -16.105111 3.951821 -13.043176
v -16.105111 3.951821 -9.597318
v -14.307286 3.951821 -23.489064
v -4.861458 3.951821 -21.788278
v -0.297825 3.951821 -21.788278
v -4.861458 3.951821 -23.489064
v 106.831685 19.762302 -112.680154
v 97.385859 19.762302 -113.695906
v 97.385859 19.762302 -112.680154
v 106.831685 19.762302 -113.695906
v -0.297825 3.951821 -51.426932
v -2.400187 3.951821 -50.824633
v -0.297825 3.951821 -50.824633
v 42.692823 11.855462 132.332732
v 43.637706 11.855462 129.545398
v 43.637706 11.855462 120.099565
v -68.407661 11.855462 61.198645
v -60.502811 11.855462 45.392677
v -68.422646 11.855462 45.392677
v -68.406460 11.855462 61.199960
v -60.502811 11.855462 61.199960
v -56.550992 11.855462 45.392677
v -56.550992 11.855462 61.199960
v -56.550992 11.855462 58.073379
v -56.550992 11.855462 48.627554
v -55.464379 11.855462 58.073379
v -55.464379 11.855462 48.627554
v -91.036377 19.759103 100.982146
v -107.068506 18.097903 96.360396
v -107.068506 19.759103 100.982146
v -107.068506 14.008958 84.984236
v -91.036377 11.855462 78.992834
v -107.068506 11.855462 78.992834
v -91.036377 11.855462 61.199960
v -107.068506 11.855462 45.392677
v -107.068506 11.855462 61.199960
v -107.068506 11.855462 76.437261
v -107.068506 11.855462 74.469514
v -91.036377 11.855462 77.174275
v -91.036377 19.759103 116.525449
v -107.068506 19.759103 110.426045
v -107.068506 19.759103 116.525449
v -88.849731 19.759103 132.332732
v -91.036377 19.759103 132.332732
v -42.650680 19.759103 116.525449
v -87.171050 19.759103 132.332732
v -77.896802 19.759103 132.332732
v -76.714863 19.759103 132.332732
v -67.440601 19.759103 132.332732
v -64.911108 19.759103 132.332732
v -61.666362 19.759103 132.332732
v -42.650680 19.759103 132.332732
v -104.572910 19.759103 128.211819
v -105.092593 19.759103 122.281509
v -105.092593 19.759103 128.211819
v -104.572910 19.759103 129.872131
v -107.068506 19.759103 120.305596
v -92.801558 19.759103 132.332732
v -104.572910 19.759103 132.332732
v -16.385526 3.951821 -63.022727
v -20.183383 3.951821 -65.720024
v -20.183383 3.951821 -63.022727
v -8.327919 3.951821 -65.720024
v -8.327919 3.951821 -63.022727
v -2.400187 3.951821 -63.022727
v -2.400187 3.951821 -65.720024
v -2.400187 3.951821 -65.258306
v -14.307286 3.951821 -27.741035
v -16.385526 3.951821 -27.741035
v -16.385526 3.951821 -50.824633
v -16.385526 3.951821 -42.244969
v -16.385526 3.951821 -53.576898
v -2.400187 3.951821 -53.576898
v -4.861458 3.951821 -27.741035
v -2.400187 3.951821 -27.741035
v -33.146583 3.951821 -50.824633
v -58.766173 11.855462 -52.908300
v -58.766173 11.855462 -50.824633
v -58.766173 11.855462 -62.354128
v -58.766173 11.855462 -65.720024
v -33.146583 3.951821 -65.720024
v -33.146583 3.951821 -53.576898
v -33.146583 3.951821 -63.022727
v -62.829170 11.855462 -62.354128
v -62.829170 11.855462 -52.908300
v -102.749604 11.855462 -40.118826
v -114.273896 11.855462 -40.648835
v -114.273896 11.855462 -37.413959
v -114.273896 11.855462 -50.094661
v -114.273896 11.855462 -53.221241
v -108.086118 11.855462 -54.592507
v -98.963291 11.855462 -56.614204
v -98.816528 11.855462 -41.041956
v -89.852798 11.855462 -58.633169
v -94.080308 11.855462 -42.153593
v -62.829170 11.855462 -49.488549
v -62.829170 11.855462 -64.621838
v -115.360503 11.855462 -50.094661
v -115.360503 11.855462 -40.648835
v -68.407661 11.855462 61.199960
v -0.297825 3.951821 -65.258306
v 13.533549 3.951821 -65.258306
v 93.557915 19.759103 -66.246262
v 79.726545 17.783194 -66.246262
v 93.557915 17.783194 -66.246262
v 79.726545 19.759103 -66.246262
v 114.304980 12.843418 29.585392
v 114.304980 0.987955 61.199960
v 114.304980 11.855462 32.220145
v 114.304980 31.614565 -88.996040
v 114.304980 23.601991 -69.210125
v 114.304980 31.614565 -69.210125
v 114.304980 23.601991 -88.996040
v 55.027247 45.298107 -103.967036
v 45.301655 36.453336 -103.967036
v 55.027247 36.453336 -103.967036
v 45.301655 45.298107 -103.967036
v 35.798313 31.614565 47.368586
v 33.395991 21.735015 47.368586
v 35.798313 21.735015 47.368586
v 29.210457 21.735015 47.368586
v 26.194451 21.735015 47.368586
v 26.194451 31.614565 47.368586
v 94.545879 20.017634 -22.626804
v 94.545879 27.662745 -12.644178
v 94.545879 20.017634 -12.644178
v 94.545879 27.662745 -22.626804
v 86.540654 25.041414 1.922647
v 77.400791 20.020054 1.922647
v 86.540654 20.020054 1.922647
v 77.400791 27.662745 1.922647
v 86.540654 27.662745 1.922647
v 33.292650 22.769795 -77.833440
v 33.292650 31.614565 -67.823159
v 33.292650 22.769795 -67.823159
v 33.292650 31.614565 -77.833440
v 59.933635 31.614565 -90.945139
v 49.979095 22.591718 -90.945139
v 59.933635 22.591718 -90.945139
v 49.979095 31.614565 -90.945139
v 114.304980 31.614565 -24.889878
v 114.304980 23.773541 5.120212
v 114.304980 31.614565 5.120212
v 114.304980 23.773541 -24.889878
v 126.160444 27.662745 19.902931
v 126.160444 17.679602 29.744848
v 126.160444 27.662745 29.744848
v 126.160444 17.679602 19.902931
v 25.389009 21.735015 80.138123
v 25.389009 31.614565 89.540742
v 25.389009 21.735015 89.540742
v 25.389009 31.614565 80.138123
v 62.931306 31.614565 80.959065
v 62.931306 21.735015 90.978713
v 62.931306 31.614565 90.978713
v 62.931306 21.735015 80.959065
v 94.545879 31.614565 57.248137
v 114.304980 21.619636 57.248137
v 94.545879 21.619636 57.248137
v 114.304980 31.614565 57.248137
v 3.753025 31.614565 59.224050
v 12.387312 21.735015 59.224050
v 3.753025 21.735015 59.224050
v 12.387312 31.614565 59.224050
v 74.786770 13.831372 46.639230
v 74.786770 31.430035 57.212410
v 74.786770 13.831372 57.212410
v 74.786770 31.430035 46.639230
v -109.060005 23.773541 35.705563
v -109.060005 31.614565 65.715652
v -109.060005 23.773541 65.715652
v -109.060005 31.614565 35.705563
v -105.092593 29.638656 125.412385
v -105.092593 39.518207 134.815012
v -105.092593 29.638656 134.815012
v -105.092593 39.518207 125.412385
v -23.314266 23.710924 -72.638005
v -32.716879 13.831372 -72.638005
v -23.314266 13.831372 -72.638005
v -32.716879 23.710924 -72.638005
v -111.125918 13.831372 -90.827805
v -111.125918 25.686835 -85.083999
v -111.125918 13.831372 -85.083999
v -111.125918 25.686835 -90.827805
v -111.125918 25.686835 -71.369399
v -111.125918 13.831372 -71.369399
v -111.125918 25.686835 -81.644993
v 72.202075 25.041414 1.922647
v 63.062212 20.020054 1.922647
v 72.202075 20.020054 1.922647
v 63.062212 27.662745 1.922647
v 72.202075 27.662745 1.922647
v -114.972144 29.638656 74.469514
v -114.972144 39.518207 104.498313
v -114.972144 29.638656 104.498313
v -114.972144 31.614565 74.469514
v -114.972144 33.590479 74.469514
v -114.972144 39.518207 74.469514
v 94.144299 12.422391 -31.009156
v 94.144299 13.831372 -27.575457
v 94.144299 12.422391 -27.575457
v 94.144299 18.263602 -27.575457
v 94.144299 18.263602 -31.009156
v 94.144299 13.831372 -31.009156
v 94.073437 12.422391 -36.608342
v 94.073437 13.831372 -33.174642
v 94.073437 12.422391 -33.174642
v 94.073437 18.263602 -33.174642
v 94.073437 18.263602 -36.608342
v 94.073437 13.831372 -36.608342
v 126.562017 22.215423 38.747552
v 126.562017 16.374212 42.181252
v 126.562017 22.215423 42.181252
v 126.562017 16.374212 38.747552
v 39.744532 19.759103 -99.133652
v 36.310833 18.350123 -99.133652
v 39.744532 18.350123 -99.133652
v 36.310833 19.759103 -99.133652
v 39.744532 24.191332 -99.133652
v 36.310833 24.191332 -99.133652
v 74.314329 12.422391 37.639508
v 74.314329 13.831372 41.073212
v 74.314329 12.422391 41.073212
v 74.314329 18.263602 41.073212
v 74.314329 18.263602 37.639508
v 74.314329 13.831372 37.639508
v 7.246069 17.783194 -22.142609
v 3.812366 12.422391 -22.142609
v 7.246069 12.422391 -22.142609
v 3.812366 17.783194 -22.142609
v 7.246069 18.263602 -22.142609
v 3.812366 18.263602 -22.142609
v 25.011057 12.422391 83.789590
v 25.011057 18.263602 87.223286
v 25.011057 12.422391 87.223286
v 25.011057 18.263602 83.789590
v 43.637706 19.759103 127.561208
v 43.637706 11.855462 129.545398
v 43.637706 19.759103 129.545398
v 43.637706 11.855462 120.099565
v 43.637706 19.759103 120.773203
v 43.637706 19.759103 120.099565
v 49.414135 19.759103 101.970139
v 58.859960 11.855462 101.970139
v 49.414135 11.855462 101.970139
v 58.859960 19.759103 101.970139
v 97.872480 7.903641 75.952595
v 107.318306 0.000000 75.952595
v 97.872480 0.000000 75.952595
v 107.318306 7.903641 75.952595
v -29.047189 11.855462 48.519258
v -29.047189 19.759103 57.965083
v -29.047189 11.855462 57.965083
v -29.047189 19.759103 48.519258
v 106.831685 27.665123 -113.695906
v 97.385859 19.762302 -113.695906
v 106.831685 19.762302 -113.695906
v 97.385859 27.665123 -113.695906
v 106.816838 27.665123 -113.695906
v 34.432310 17.696673 -9.153288
v 37.866013 11.855462 -9.153288
v 34.432310 11.855462 -9.153288
v 37.866013 17.696673 -9.153288
v -55.464379 19.759103 48.627554
v -55.464379 11.855462 58.073379
v -55.464379 19.759103 58.073379
v -55.464379 11.855462 48.627554
v -105.470552 20.326033 129.063860
v -105.470552 26.167244 132.497556
v -105.470552 20.326033 132.497556
v -105.470552 26.167244 129.063860
v -26.965726 10.359960 -73.015957
v -30.399430 4.518750 -73.015957
v -26.965726 4.518750 -73.015957
v -30.399430 10.359960 -73.015957
v -71.152251 13.831372 -86.099744
v -80.598076 11.855462 -86.099744
v -71.152251 11.855462 -86.099744
v -80.598076 13.831372 -86.099744
v -71.152251 19.759103 -86.099744
v -80.598076 19.759103 -86.099744
v -115.360503 11.855462 -50.094661
v -115.360503 13.831372 -40.648835
v -115.360503 11.855462 -40.648835
v -115.360503 19.759103 -40.648835
v -115.360503 19.759103 -50.094661
v -115.360503 13.831372 -50.094661
v 33.158763 18.263602 46.848900
v 29.725063 12.422391 46.848900
v 33.158763 12.422391 46.848900
v 29.725063 18.263602 46.848900
v 51.346505 24.192684 -48.813226
v 54.780205 18.351475 -48.813226
v 51.346505 18.351475 -48.813226
v 54.780205 24.192684 -48.813226
v 54.635834 18.263602 -26.433214
v 54.635834 12.422391 -22.999514
v 54.635834 18.263602 -22.999514
v 54.635834 12.422391 -26.433214
v -115.987896 19.759103 79.104397
v -115.987896 25.600314 82.538101
v -115.987896 19.759103 82.538101
v -115.987896 25.600314 79.104397
v -115.987896 19.759103 93.383987
v -115.987896 25.600314 96.817690
v -115.987896 19.759103 96.817690
v -115.987896 25.600314 93.383987
v 91.506138 31.614565 -112.680154
v 78.738589 19.759103 -112.680154
v 91.506138 19.759103 -112.680154
v 78.738589 31.614565 -112.680154
v 91.506138 33.590479 -112.680154
v 78.738589 33.590479 -112.680154
v -105.092593 19.759103 136.284558
v -96.753369 27.662745 136.284558
v -96.753369 19.759103 136.284558
v -105.092593 27.662745 136.284558
v -96.753369 29.638656 136.284558
v -105.092593 29.638656 136.284558
v -96.753369 39.518207 136.284558
v -105.092593 39.518207 136.284558
v -96.753369 41.494120 136.284558
v -105.092593 41.494120 136.284558
v -96.585073 13.831372 -85.083999
v -111.125918 25.686835 -85.083999
v -111.125918 13.831372 -85.083999
v -96.585073 23.710924 -85.083999
v -96.585073 25.686835 -85.083999
v -68.406460 11.855462 61.199960
v -68.407661 11.855462 61.199960
v -68.406460 11.855462 62.460769
v -68.407661 11.855462 61.198645
v -107.068506 11.855462 76.437261
v -109.060005 11.855462 74.469514
v -107.068506 11.855462 74.469514
v 74.786770 19.759103 -92.921052
v 74.786770 19.759103 -92.921052
v 74.786770 31.614565 -92.921052
v 114.304980 16.795239 57.248137
v 114.304980 13.831372 25.633572
v 114.304980 13.831372 25.633572
v 114.304980 15.807283 25.633572
v 114.304980 13.831372 25.633572
v 114.304980 15.807283 25.633572
v 114.304980 14.819328 25.633572
v 112.329067 13.831372 17.729930
v 112.329067 12.843418 25.633572
v 112.329067 13.831372 25.633572
v 112.329067 12.843418 25.633572
v 112.329067 13.831372 17.729930
v 112.329067 12.843418 17.729930
v 71.822900 13.831372 29.585392
v 71.822900 13.831372 29.585392
v 71.822900 31.415500 29.585392
v 126.160444 27.662745 -65.258306
v 126.160444 27.662745 -65.258306
v 126.160444 27.662745 -65.258306
v 126.160444 27.662745 -65.258306
v 126.160444 27.662745 -65.258306
v 126.160444 15.807283 -65.258306
v 126.160444 15.807283 -65.258306
v 126.160444 27.662745 -65.258306
v 126.160444 18.827494 -65.258306
v 31.316741 31.614565 -19.812367
v 31.316741 19.759103 -19.812367
v 31.316741 31.614565 -19.812367
v 47.124023 3.951821 -65.258306
v 114.304980 13.831372 25.633572
v 114.304980 14.819328 25.633572
v 114.304980 13.831372 25.633572
v 49.099933 5.186765 -71.186038
v 49.099933 4.445799 -65.258306
v 49.099933 5.186765 -71.186038
v 49.099933 5.186765 -71.186038
v 88.618140 13.831372 3.898558
v 88.618140 13.831372 3.898558
v 88.618140 26.514853 3.898558
v 39.220382 11.855462 57.248137
v 39.220382 19.759103 57.248137
v 39.220382 11.855462 57.248137
v 88.618140 29.638656 -43.523291
v 88.618140 29.638656 -43.523291
v 88.618140 33.495026 -43.523291
v 33.298242 27.371411 -92.921052
v 33.298242 27.371411 -92.921052
v 33.298242 31.614565 -92.921052
v 78.738589 12.596429 -71.186038
v 49.099933 5.186765 -71.186038
v 78.738589 12.596429 -71.186038
v 78.738589 17.783194 -71.186038
v 42.388524 26.016141 -94.341907
v 33.298242 27.371411 -92.921052
v 33.298242 26.016141 -94.341907
v 33.298242 27.371411 -92.921052
v 42.388524 26.016141 -94.341907
v 47.124023 15.807283 -33.643740
v 47.124023 11.855462 -33.643740
v 47.124023 15.807283 -33.643740
v 89.335913 31.614565 -114.850378
v 89.335913 31.614565 -114.850378
v 89.335913 19.759103 -114.850378
v 116.280894 15.807283 17.729930
v 116.280894 15.807283 17.729930
v 116.280894 14.819328 17.729930
v 115.292930 15.807283 25.633572
v 115.292930 16.795239 57.248137
v 115.292930 15.807283 57.248137
v 115.292930 16.795239 57.248137
v 115.292930 15.807283 25.633572
v 110.353154 12.843418 17.729930
v 110.353154 12.843418 17.729930
v 110.353154 11.855462 17.729930
v 114.304980 13.831372 9.826289
v 114.304980 20.747060 -112.680154
v 114.304980 20.747060 -112.680154
v 114.304980 31.614565 -112.680154
v -16.105111 21.735015 108.621812
v 114.304980 13.831372 -29.691918
v 114.304980 12.843418 -29.691918
v 114.304980 13.831372 -29.691918
v 114.304980 13.831372 5.220083
v 114.304980 13.831372 5.220083
v 17.967376 4.414486 -69.530479
v 17.967376 4.414486 -69.530479
v 17.967376 15.807283 -69.530479
v 15.509458 15.807283 -45.499204
v 15.509458 3.951821 -45.499204
v 15.509458 15.807283 -45.499204
v 47.124023 21.735015 -9.932815
v 47.124023 27.662745 -9.932815
v 47.124023 21.735015 -9.932815
v 47.124023 19.759103 -9.932815
v 47.124023 19.759103 -9.932815
v 47.124023 11.855462 -9.932815
v 47.124023 11.855462 -9.932815
v 96.521785 13.831372 -4.005084
v 96.521785 13.831372 -4.005084
v 96.521785 26.514853 -4.005084
v 88.618140 33.495026 -4.005084
v 88.618140 29.638656 -4.005084
v 88.618140 33.495026 -4.005084
v 88.618140 33.495026 -4.005084
v 48.519254 11.855462 -29.461586
v 48.519254 27.662745 -29.461586
v 48.519254 11.855462 -29.461586
v 48.519254 27.662745 -20.055892
v 48.519254 11.855462 -20.055892
v 48.519254 27.662745 -20.055892
v 48.519254 27.662745 -20.055892
v 88.618140 13.831372 1.922647
v 88.618140 13.831372 1.922647
v 88.618140 27.662745 1.922647
v 88.618140 27.662745 1.922647
v 88.618140 27.662745 1.922647
v 114.304980 12.843418 9.826289
v -20.056930 19.759103 69.103601
v -20.056930 11.855462 69.103601
v -20.056930 19.759103 69.103601
v -20.056930 25.686835 41.440854
v -20.056930 21.735015 41.440854
v -20.056930 25.686835 41.440854
v -16.105111 27.662745 -17.836458
v -16.105111 27.662745 -17.836458
v -24.008749 25.686835 45.392677
v -24.008749 21.735015 45.392677
v -24.008749 25.686835 45.392677
v -20.056930 31.614565 69.103601
v -20.056930 27.662745 69.103601
v -20.056930 31.614565 69.103601
v -27.960575 25.686835 61.199960
v -24.008749 21.735015 61.199960
v -27.960575 21.735015 61.199960
v -24.008749 21.735015 61.199960
v -27.960575 25.686835 61.199960
v -24.008749 25.686835 61.199960
v -20.056930 12.546038 37.489036
v -20.056930 11.855462 37.489036
v -20.056930 12.546038 37.489036
v -20.056930 12.546038 37.489036
v -20.056930 19.759103 37.489036
v -24.008749 19.759103 61.199960
v -24.008749 11.855462 61.199960
v -24.008749 19.759103 61.199960
v 94.073437 18.263602 -33.174642
v 94.073437 18.263602 -36.608342
v 94.073437 18.263602 -33.174642
v -16.105111 21.735015 -21.788278
v -16.105111 21.735015 -21.788278
v -16.105111 25.686835 -21.788278
v 42.692823 31.614565 104.669985
v 42.692823 21.735015 104.669985
v 42.692823 31.614565 104.669985
v -16.105111 21.735015 -9.932815
v -18.081017 31.614565 29.585392
v -18.081017 31.614565 29.585392
v -16.105111 21.735015 -9.932815
v -18.081017 31.614565 -9.932815
v -18.081017 31.614565 104.669985
v -16.105111 21.735015 104.669985
v 96.521785 13.831372 -51.426932
v 96.521785 26.463596 -43.523291
v 96.521785 13.831372 -43.523291
v 96.521785 26.463596 -43.523291
v 96.521785 13.831372 -51.426932
v 96.521785 26.463596 -51.426932
v 86.642227 13.831372 69.103601
v 86.642227 13.831372 69.103601
v 86.642227 27.662745 69.103601
v -18.081017 31.614565 108.621812
v -16.105111 21.735015 108.621812
v -18.081017 31.614565 108.621812
v 86.642227 29.638656 94.014939
v 86.642227 29.638656 94.014939
v 86.642227 31.614565 94.014939
v 114.304980 0.987955 75.031333
v 114.304980 0.987955 75.031333
v 114.304980 0.987955 75.031333
v 114.304980 11.855462 75.031333
v 114.304980 11.855462 75.031333
v 114.304980 11.855462 75.031333
v -16.105111 11.855462 69.103601
v -16.105111 11.855462 69.103601
v -16.105111 11.855462 69.103601
v -16.105111 11.855462 69.103601
v -16.105111 11.855462 69.103601
v -16.105111 11.855462 69.103601
v -16.105111 19.759103 69.103601
v -8.201466 19.759103 65.151775
v -8.201466 19.759103 65.151775
v -8.201466 11.855462 65.151775
v -8.201466 21.735015 77.007239
v -8.201466 21.735015 77.007239
v -8.201466 31.614565 77.007239
v -4.249647 31.614565 108.621812
v -4.249647 21.735015 108.621812
v -4.249647 31.614565 108.621812
v 23.413099 11.855462 65.151775
v 23.413099 11.855462 65.151775
v 23.413099 19.759103 65.151775
v 7.605817 31.614565 136.284558
v 7.605817 31.614565 136.284558
v 7.605817 21.735015 136.284558
v 23.413099 19.759103 104.669985
v 23.413099 11.855462 104.669985
v 23.413099 19.759103 104.669985
v 23.413099 21.735015 65.151775
v 23.413099 21.735015 65.151775
v 23.413099 31.614565 65.151775
v 115.292930 15.807283 25.633572
v 114.304980 15.807283 25.633572
v 115.292930 15.807283 25.633572
v 115.292930 16.795239 25.633572
v -0.297825 19.759103 59.224050
v -0.297825 11.855462 59.224050
v -0.297825 19.759103 59.224050
v 15.509458 11.855462 59.224050
v 15.509458 11.855462 59.224050
v -0.297825 19.759103 59.224050
v 15.509458 19.759103 59.224050
v 7.605817 19.759103 136.284558
v 7.605817 19.759103 136.284558
v 7.605817 14.819328 136.284558
v 47.124023 13.831372 29.585392
v 47.124023 27.662745 29.585392
v 47.124023 13.831372 29.585392
v 47.124023 27.662745 29.585392
v 46.644642 31.614565 100.718167
v 46.644642 21.735015 100.718167
v 46.644642 31.614565 100.718167
v 114.304980 13.831372 -24.889878
v 114.304980 13.831372 -24.889878
v 114.304980 13.831372 -29.691918
v 114.304980 13.831372 -4.416463
v 114.304980 13.831372 -4.416463
v 114.304980 13.831372 -5.544219
v 114.304980 13.831372 -5.544219
v 114.304980 13.831372 -14.070066
v 114.304980 13.831372 -14.070066
v 114.304980 13.831372 -15.217048
v 114.304980 13.831372 5.220083
v 114.304980 13.831372 -4.416463
v 114.304980 13.831372 -4.416463
v 114.304980 21.944507 -4.416463
v -4.249647 19.759103 61.199960
v -2.273738 11.855462 61.199960
v -4.249647 11.855462 61.199960
v -2.273738 11.855462 61.199960
v -4.249647 19.759103 61.199960
v -2.273738 19.759103 61.199960
v -8.201466 11.855462 104.669985
v -8.201466 11.855462 104.669985
v -8.201466 19.759103 104.669985
v 23.413099 31.614565 104.669985
v 23.413099 21.735015 104.669985
v 23.413099 31.614565 104.669985
v -4.249647 31.614565 61.199960
v -4.249647 21.735015 61.199960
v -4.249647 31.614565 61.199960
v 126.160444 27.662745 13.778110
v 126.160444 15.807283 57.248137
v 126.160444 27.662745 57.248137
v 126.160444 15.807283 57.248137
v 126.160444 15.807283 57.248137
v 126.160444 15.807283 13.778110
v 126.160444 15.807283 13.778110
v 126.160444 15.807283 13.778110
v 126.160444 27.662745 13.778110
v 126.160444 15.807283 13.778110
v 126.160444 27.662745 13.778110
v 126.160444 23.710924 13.778110
v 126.160444 15.807283 13.778110
v 126.160444 23.710924 13.778110
v 126.160444 21.978010 13.778110
v 126.160444 15.807283 57.248137
v 114.304980 13.831372 57.248137
v 114.304980 13.831372 57.248137
v 114.304980 16.795239 57.248137
v 114.304980 16.795239 57.248137
v 114.304980 21.619636 57.248137
v 114.304980 13.831372 -14.070066
v 114.304980 13.831372 -14.070066
v 114.304980 21.917236 -14.070066
v 114.304980 13.831372 -5.544219
v 114.304980 13.831372 -24.889878
v 114.304980 13.831372 -24.889878
v 114.304980 21.886060 -24.889878
v 114.304980 13.831372 -15.217048
v 94.545879 13.831372 57.248137
v 94.545879 13.831372 57.248137
v 94.545879 21.619636 57.248137
v 94.545879 21.619636 57.248137
v 126.562017 22.215423 42.181252
v 126.562017 22.215423 38.747552
v 126.562017 22.215423 38.747552
v 74.314329 18.263602 41.073212
v 74.314329 18.263602 37.639508
v 74.314329 18.263602 41.073212
v 94.144299 18.263602 -27.575457
v 94.144299 18.263602 -31.009156
v 94.144299 18.263602 -27.575457
v 19.461279 17.783194 -21.788278
v 19.461279 11.855462 -21.788278
v 19.461279 17.783194 -21.788278
v 19.461279 17.783194 -21.788278
v 19.461279 17.783194 -21.788278
v 33.298242 19.759103 -98.661211
v 33.298242 19.759103 -98.661211
v 33.298242 26.016141 -98.661211
v 33.298242 26.016141 -98.661211
v 39.744532 19.759103 -98.661211
v 39.744532 24.191332 -98.661211
v 39.744532 19.759103 -98.661211
v 36.310833 24.191332 -98.661211
v 36.310833 24.191332 -99.133652
v 36.310833 24.191332 -98.661211
v 39.744532 24.191332 -98.661211
v 19.461279 25.686835 -21.788278
v 19.461279 19.759103 -21.788278
v 19.461279 25.686835 -21.788278
v 25.011057 18.263602 83.789590
v 25.011057 18.263602 87.223286
v 25.011057 18.263602 87.223286
v 94.545879 11.855462 59.224050
v 94.545879 9.055229 59.224050
v 97.547446 11.855462 59.224050
v 97.547446 11.855462 57.248137
v 97.547446 11.855462 57.248137
v 97.547446 11.855462 57.248137
v 97.547446 11.855462 59.224050
v 114.304980 11.855462 59.224050
v 110.543408 11.855462 59.224050
v 114.304980 8.595620 59.224050
v 110.543408 11.855462 57.248137
v 110.543408 11.855462 59.224050
v 110.543408 11.855462 57.248137
v 110.543408 11.855462 59.224050
v -17.451566 10.950512 -18.461171
v 49.099933 14.210728 -51.572574
v 49.099933 14.210728 -49.451023
v 7.246069 18.263602 -22.142609
v 7.246069 18.263602 -22.142609
v 7.246069 18.263602 -21.788278
v 61.494492 31.614565 -125.389622
v 61.494492 19.759103 -125.389622
v 61.494492 31.614565 -125.389622
v 42.692823 19.759103 129.545398
v 42.692823 19.759103 129.545398
v 43.637706 19.759103 129.545398
v 62.931306 11.855462 57.113346
v 62.931306 11.855462 57.113346
v 62.931306 19.759103 57.113346
v 62.931306 19.759103 61.199960
v 62.931306 11.855462 61.199960
v 62.931306 19.759103 61.199960
v 62.931306 19.759103 61.199960
v 59.589972 19.759103 57.113346
v 59.589972 19.759103 57.113346
v 59.589972 11.855462 57.113346
v 50.144147 19.759103 61.199960
v 50.144147 11.855462 61.199960
v 50.144147 19.759103 61.199960
v -14.307286 11.855462 -21.788278
v -14.307286 11.855462 -21.788278
v -14.307286 11.855462 -27.741035
v -14.307286 11.855462 -27.741035
v 107.318306 7.903641 75.031333
v 107.318306 7.903641 75.031333
v 107.318306 0.000000 75.031333
v 62.931306 11.855462 100.718167
v 62.931306 11.855462 100.718167
v 62.931306 19.759103 100.718167
v 58.859960 19.759103 100.718167
v 49.414135 19.759103 101.970139
v 49.414135 19.759103 100.718167
v 49.414135 19.759103 101.970139
v 58.859960 19.759103 100.718167
v 58.859960 19.759103 101.970139
v 97.872480 0.000000 75.031333
v 97.872480 0.000000 75.031333
v 97.872480 7.903641 75.031333
v 42.692823 19.759103 129.545398
v 42.692823 11.855462 132.332732
v 42.692823 19.759103 132.332732
v 42.692823 11.855462 132.332732
v 42.692823 19.759103 129.545398
v 42.692823 11.855462 129.545398
v 42.692823 19.759103 120.099565
v 43.637706 19.759103 120.099565
v 42.692823 11.855462 120.099565
v 42.692823 11.855462 120.099565
v 43.637706 19.759103 120.099565
v 42.692823 19.759103 120.099565
v 97.385859 27.665123 -112.680154
v 97.385859 27.665123 -112.680154
v 97.385859 27.665123 -113.695906
v 47.124023 23.710924 57.113346
v 47.124023 21.735015 57.113346
v 47.124023 23.710924 57.113346
v 50.135039 11.855462 34.002715
v 50.135039 11.855462 34.002715
v 50.135039 19.759103 34.002715
v 74.786770 27.662745 69.103601
v 74.786770 13.831372 69.103601
v 74.786770 27.662745 69.103601
v 50.135039 19.759103 34.002715
v 50.135039 19.759103 29.585392
v 50.135039 19.759103 34.002715
v 62.931306 19.759103 34.002715
v 62.931306 11.855462 34.002715
v 62.931306 19.759103 34.002715
v 59.580864 19.759103 34.002715
v 59.580864 19.759103 29.585392
v 59.580864 11.855462 34.002715
v 59.580864 19.759103 34.002715
v 59.580864 11.855462 34.002715
v 59.580864 19.759103 29.585392
v -0.297825 11.855462 -65.258306
v -0.297825 11.855462 -65.258306
v -0.297825 11.855462 -65.258306
v 78.738589 24.718718 -100.284404
v 78.738589 24.718718 -100.284404
v 78.738589 24.765963 -100.284404
v 78.738589 23.065175 -100.284404
v 78.738589 23.065175 -100.284404
v 78.738589 24.718718 -100.284404
v 78.738589 23.065175 -100.284404
v 77.699224 23.065175 -100.284404
v 78.738589 23.065175 -100.284404
v 78.738589 23.065175 -102.434011
v 77.699224 23.065175 -102.434011
v 78.738589 21.695096 -102.434011
v 78.738589 21.695096 -102.434011
v 77.699224 23.065175 -102.434011
v 78.738589 23.065175 -102.434011
v 78.738589 23.065175 -104.323777
v 78.738589 21.695096 -104.323777
v 78.738589 23.065175 -104.323777
v 78.738589 23.065175 -104.323777
v 77.699224 23.065175 -104.323777
v 78.738589 23.065175 -104.323777
v 78.738589 23.065175 -105.103301
v 78.738589 24.765963 -105.103301
v 77.699224 23.065175 -105.103301
v 78.738589 23.065175 -105.103301
v 77.699224 23.065175 -105.103301
v 78.738589 24.765963 -105.103301
v 78.738589 24.765963 -105.103301
v 77.699224 24.765963 -100.284404
v 77.699224 24.765963 -105.103301
v 77.699224 24.765963 -100.284404
v 78.738589 24.765963 -105.103301
v 78.738589 24.765963 -100.284404
v 80.436680 21.152805 -104.551919
v 82.361873 21.152805 -101.217385
v 80.436680 21.152805 -104.551919
v -4.861458 11.855462 -27.741035
v -4.861458 11.855462 -21.788278
v -4.861458 11.855462 -27.741035
v -4.861458 11.855462 -27.741035
v 37.866013 17.696673 -9.153288
v -27.960575 11.855462 57.965083
v -27.960575 11.855462 57.965083
v -27.960575 19.759103 57.965083
v -27.960575 19.759103 48.519258
v -27.960575 11.855462 48.519258
v -27.960575 19.759103 48.519258
v -27.960575 19.759103 48.519258
v -29.047189 19.759103 57.965083
v -29.047189 19.759103 48.519258
v -29.047189 19.759103 57.965083
v -27.960575 19.759103 48.519258
v -27.960575 19.759103 57.965083
v 80.436680 21.152805 -104.551919
v 80.436680 19.759103 -104.551919
v 80.436680 21.152805 -104.551919
v 81.889146 21.152805 -105.390505
v 83.814338 21.152805 -102.055964
v 82.361873 19.759103 -101.217385
v 82.361873 19.759103 -101.217385
v 83.814338 21.152805 -102.055964
v 82.361873 21.152805 -101.217385
v 106.831685 27.665123 -113.695906
v 106.816838 27.665123 -112.680154
v 106.816838 27.665123 -113.695906
v 106.816838 27.665123 -112.680154
v 106.831685 27.665123 -113.695906
v 106.831685 27.665123 -112.680154
v 50.144147 19.759103 57.113346
v 50.144147 11.855462 57.113346
v 50.144147 19.759103 57.113346
v 78.738589 21.695096 -102.434011
v 77.699224 21.695096 -104.323777
v 77.699224 21.695096 -102.434011
v 77.699224 21.695096 -104.323777
v 78.738589 21.695096 -102.434011
v 78.738589 21.695096 -104.323777
v 81.889146 19.759103 -105.390505
v 83.814338 21.152805 -102.055964
v 83.814338 19.759103 -102.055964
v 83.814338 21.152805 -102.055964
v 81.889146 19.759103 -105.390505
v 81.889146 21.152805 -105.390505
v 34.432310 17.696673 -9.153288
v 94.545879 13.831372 -43.523291
v 94.545879 13.831372 -4.005084
v 94.545879 27.662745 -4.005084
v 94.545879 13.831372 -4.005084
v 94.545879 27.662745 -43.523291
v 94.545879 27.662745 -43.523291
v 94.545879 27.662745 -43.523291
v 94.545879 27.662745 -43.523291
v 94.545879 27.662745 -43.523291
v 94.545879 13.831372 -43.523291
v 94.545879 27.662745 -4.005084
v 49.099933 17.783194 -56.206930
v 49.099933 16.011541 -56.206930
v 49.099933 17.783194 -56.206930
v 61.525129 17.783194 -56.206930
v 61.525129 17.783194 -56.206930
v 61.525129 16.011541 -56.206930
v 59.871588 16.011541 -51.255337
v 58.383398 16.011541 -51.255337
v 59.871588 16.011541 -51.255337
v 59.871588 14.428863 -49.451023
v 59.871588 14.428863 -49.451023
v 59.871588 14.428863 -49.451023
v 59.871588 16.011541 -49.451023
v 59.871588 16.011541 -51.255337
v 58.383398 16.011541 -49.451023
v 58.383398 16.011541 -51.255337
v 58.383398 16.011541 -49.451023
v 59.871588 16.011541 -51.255337
v 59.871588 16.011541 -49.451023
v 49.099933 16.011541 -49.451023
v 58.383398 14.428863 -49.451023
v 49.099933 14.210728 -49.451023
v 58.383398 14.428863 -49.451023
v 49.099933 16.011541 -49.451023
v 58.383398 16.011541 -49.451023
v 47.124023 27.662745 -49.451023
v 47.124023 17.783194 -49.451023
v 47.124023 27.662745 -49.451023
v 47.124023 27.662745 -49.451023
v 47.124023 27.662745 -49.451023
v 47.124023 27.662745 -49.451023
v 47.124023 27.662745 -49.451023
v 47.124023 27.662745 -49.451023
v 47.124023 27.662745 -49.451023
v 49.099933 12.089178 -49.451023
v 49.099933 12.089178 -49.451023
v 49.099933 12.089178 -49.451023
v 88.618140 13.831372 -49.451023
v 88.618140 13.831372 -49.451023
v 49.099933 12.089178 -49.451023
v 49.099933 14.210728 -49.451023
v 88.618140 13.831372 -49.451023
v 49.099933 14.210728 -49.451023
v 59.871588 14.428863 -49.451023
v 88.618140 13.831372 -49.451023
v 59.871588 14.428863 -49.451023
v 88.618140 13.831372 -49.451023
v 88.618140 27.662745 -49.451023
v 59.871588 14.428863 -49.451023
v 49.099933 14.210728 -49.451023
v 58.383398 14.428863 -49.451023
v 59.871588 14.428863 -49.451023
v 61.525129 16.011541 -49.451023
v 61.525129 16.011541 -49.451023
v 59.871588 14.428863 -49.451023
v 59.871588 16.011541 -49.451023
v 61.525129 16.011541 -49.451023
v 61.525129 17.783194 -49.451023
v 61.525129 17.783194 -49.451023
v 88.618140 27.662745 -49.451023
v 88.618140 27.662745 -49.451023
v 47.124023 27.662745 -49.451023
v 61.525129 17.783194 -49.451023
v 107.318306 7.903641 75.031333
v 97.872480 7.903641 75.952595
v 97.872480 7.903641 75.031333
v 97.872480 7.903641 75.952595
v 107.318306 7.903641 75.031333
v 107.318306 7.903641 75.952595
v 50.144147 19.759103 61.199960
v 50.144147 19.759103 57.113346
v 50.144147 19.759103 61.199960
v 59.589972 19.759103 57.113346
v 59.589972 19.759103 57.113346
v 59.589972 19.759103 61.199960
v 126.160444 23.773541 -33.643740
v 126.160444 23.773541 -33.643740
v 126.160444 27.662745 -33.643740
v 126.160444 27.662745 -33.643740
v 126.160444 21.847703 -33.643740
v 126.160444 18.827494 -33.643740
v 126.160444 21.847703 -33.643740
v 126.160444 21.847703 -33.643740
v 126.160444 23.773541 -33.643740
v 126.160444 23.773541 -33.643740
v 126.160444 27.662745 -33.643740
v 126.160444 27.662745 -33.643740
v 78.738589 19.759103 -121.862966
v 78.738589 19.759103 -121.862966
v 78.738589 31.614565 -121.862966
v 134.064082 31.614565 13.778110
v 134.064082 29.638656 57.248137
v 134.064082 31.614565 57.248137
v 134.064082 29.638656 57.248137
v 134.064082 31.614565 13.778110
v 134.064082 29.638656 13.778110
v 134.064082 31.614565 -65.258306
v 134.064082 31.614565 -65.258306
v 134.064082 29.625266 -65.258306
v -42.650680 27.662745 130.428098
v -42.650680 27.662745 130.428098
v -39.816031 27.662745 130.428098
v -56.550992 25.686835 45.392677
v -56.550992 21.735015 45.392677
v -56.550992 25.686835 45.392677
v -64.454634 19.759103 37.489036
v -64.454634 11.855462 37.489036
v -64.454634 19.759103 37.489036
v -64.454634 19.759103 37.489036
v -56.550992 11.855462 48.627554
v -56.550992 11.855462 48.627554
v -56.550992 19.759103 48.627554
v -64.454634 25.686835 65.151775
v -60.502811 21.735015 61.199960
v -64.454634 21.735015 65.151775
v -60.502811 21.735015 61.199960
v -64.454634 25.686835 65.151775
v -60.502811 25.686835 61.199960
v -64.454634 27.662745 37.489036
v -64.454634 27.662745 37.489036
v -64.454634 31.614565 37.489036
v -64.454634 31.614565 37.489036
v -60.502811 21.735015 45.392677
v -60.502811 25.686835 45.392677
v -60.502811 21.735015 45.392677
v -64.454634 13.803496 69.103601
v -64.454634 13.803496 69.103601
v -64.454634 19.759103 69.103601
v -60.502811 19.759103 45.392677
v -60.502811 11.855462 45.392677
v -60.502811 19.759103 45.392677
v -56.550992 19.759103 58.073379
v -56.550992 19.759103 58.073379
v -56.550992 11.855462 58.073379
v -56.550992 19.759103 48.627554
v -55.464379 19.759103 58.073379
v -56.550992 19.759103 58.073379
v -55.464379 19.759103 58.073379
v -56.550992 19.759103 48.627554
v -55.464379 19.759103 48.627554
v -66.430547 31.614565 77.007239
v -68.406460 21.735015 100.982146
v -66.430547 31.614565 100.982146
v -68.406460 21.735015 100.982146
v -66.430547 31.614565 77.007239
v -66.430547 31.614565 77.007239
v -66.430547 31.614565 77.007239
v -68.406460 19.759103 69.103601
v -68.406460 19.759103 69.103601
v -68.406460 13.113397 69.103601
v -128.819106 31.614565 27.047664
v -128.819106 29.638656 27.047664
v -128.819106 31.614565 27.047664
v -109.060005 13.831372 45.242238
v -109.060005 13.831372 45.242238
v -109.060005 13.831372 45.242238
v -109.060005 21.944507 45.242238
v -109.060005 13.831372 54.895840
v -109.060005 13.831372 54.895840
v -109.060005 21.917236 54.895840
v -39.816031 31.614565 114.549543
v -96.753369 29.638656 136.284558
v -96.753369 39.518207 136.284558
v -96.753369 29.638656 136.284558
v -96.753369 19.759103 136.284558
v -96.753369 27.662745 136.284558
v -96.753369 19.759103 136.284558
v -42.650680 21.735015 140.236370
v -42.650680 21.735015 140.236370
v -42.650680 31.614565 140.236370
v -42.650680 31.614565 140.236370
v -61.666362 29.638656 140.236370
v -42.650680 31.614565 140.236370
v -61.666362 29.638656 140.236370
v -61.666362 31.614565 140.236370
v -105.470552 26.167244 132.497556
v -105.470552 26.167244 129.063860
v -105.470552 26.167244 132.497556
v -107.068506 39.518207 110.426045
v -107.068506 29.638656 110.426045
v -107.068506 39.518207 110.426045
v -107.068506 27.662745 110.426045
v -107.068506 27.662745 110.426045
v -107.068506 19.759103 110.426045
v -107.068506 19.759103 148.882039
v -107.068506 19.759103 148.882039
v -107.068506 27.662745 148.882039
v -109.060005 13.831372 65.715652
v -109.060005 13.831372 65.715652
v -109.060005 13.831372 56.042823
v -109.060005 13.831372 56.042823
v -109.060005 13.831372 54.895840
v -109.060005 13.831372 54.895840
v -109.060005 13.831372 46.369991
v -109.060005 13.831372 46.369991
v -109.060005 13.831372 45.242238
v -109.060005 13.831372 45.242238
v -109.060005 23.728920 29.585392
v -109.060005 23.773541 30.999485
v -109.060005 23.728920 30.999485
v -109.060005 23.773541 30.999485
v -109.060005 23.728920 29.585392
v -109.060005 27.662745 30.999485
v -109.060005 23.773541 30.999485
v -0.297825 11.855462 -21.788278
v -14.307286 11.855462 -21.788278
v -14.307286 3.951821 -21.788278
v -14.307286 11.855462 -21.788278
v -0.297825 11.855462 -21.788278
v -0.297825 3.951821 -21.788278
v -0.297825 11.855462 -21.788278
v -4.861458 11.855462 -21.788278
v -4.861458 11.855462 -21.788278
v -0.297825 11.855462 -21.788278
v -16.385526 11.855462 -27.741035
v -14.307286 3.951821 -27.741035
v -16.385526 3.951821 -27.741035
v -14.307286 3.951821 -27.741035
v -16.385526 11.855462 -27.741035
v -14.307286 11.855462 -27.741035
v -8.327919 3.951821 -74.613911
v -8.327919 3.951821 -74.613911
v -8.327919 11.855462 -74.613911
v -26.965726 10.359960 -73.015957
v -26.965726 10.359960 -73.015957
v -30.399430 10.359960 -73.015957
v -41.279198 23.710924 -74.613911
v -41.279198 13.831372 -74.613911
v -41.279198 23.710924 -74.613911
v -8.327919 23.710924 -74.613911
v -8.327919 13.831372 -74.613911
v -8.327919 23.710924 -74.613911
v -41.279198 11.855462 -74.613911
v -41.279198 6.460732 -74.613911
v -41.279198 11.855462 -74.613911
v -2.400187 11.855462 -65.258306
v -2.400187 11.855462 -50.824633
v -2.400187 11.855462 -78.565737
v -4.376100 3.951821 -78.565737
v -2.400187 3.951821 -78.565737
v -4.376100 3.951821 -78.565737
v -2.400187 11.855462 -78.565737
v -4.376100 11.855462 -78.565737
v -4.376100 3.951821 -78.565737
v -4.376100 3.951821 -78.565737
v -2.400187 3.951821 -78.565737
v -4.376100 13.831372 -78.565737
v -4.376100 13.831372 -78.565737
v -4.376100 23.710924 -78.565737
v -4.861458 11.855462 -27.741035
v -2.400187 3.951821 -27.741035
v -4.861458 3.951821 -27.741035
v -2.400187 3.951821 -27.741035
v -4.861458 11.855462 -27.741035
v -2.400187 11.855462 -27.741035
v -58.766173 20.516801 -85.083999
v -58.766173 20.516801 -85.083999
v -58.766173 20.516801 -85.083999
v -58.766173 20.516801 -85.083999
v -58.766173 20.516801 -85.083999
v -58.766173 20.516801 -85.083999
v -58.766173 20.516801 -85.083999
v -58.766173 23.710924 -85.083999
v -58.766173 19.759103 -62.354128
v -62.829170 19.759103 -52.908300
v -62.829170 19.759103 -62.354128
v -62.829170 19.759103 -52.908300
v -58.766173 19.759103 -62.354128
v -58.766173 19.759103 -52.908300
v -71.152251 13.831372 -85.083999
v -71.152251 19.759103 -85.083999
v -71.152251 13.831372 -85.083999
v -71.152251 19.759103 -86.099744
v -80.598076 19.759103 -85.083999
v -80.598076 19.759103 -85.083999
v -71.152251 19.759103 -86.099744
v -71.152251 19.759103 -85.083999
v -80.598076 19.759103 -85.083999
v -80.598076 13.831372 -85.083999
v -80.598076 19.759103 -85.083999
v -80.598076 19.759103 -86.099744
v -62.829170 19.759103 -52.908300
v -62.829170 19.759103 -52.908300
v -62.829170 19.759103 -52.908300
v -62.829170 19.759103 -62.354128
v -62.829170 19.759103 -62.354128
v -62.829170 13.831372 -62.354128
v -62.829170 13.831372 -62.354128
v -62.829170 13.831372 -85.083999
v -62.829170 13.831372 -62.354128
v -62.829170 13.831372 -85.083999
v -62.829170 20.516801 -85.083999
v -62.829170 13.831372 -52.908300
v -62.829170 19.759103 -52.908300
v -114.273896 19.759103 -50.094661
v -114.273896 19.759103 -50.094661
v -115.360503 19.759103 -40.648835
v -115.360503 19.759103 -40.648835
v -114.273896 19.759103 -40.648835
v -114.273896 19.759103 -40.648835
v -114.273896 25.686835 -34.721045
v -114.273896 13.831372 -34.721045
v -114.273896 25.686835 -34.721045
v -114.273896 19.759103 -50.094661
v -114.273896 19.759103 -50.094661
v -115.360503 19.759103 -50.094661
v 33.158763 18.263602 46.848900
v 29.725063 18.263602 46.848900
v 33.158763 18.263602 46.848900
v -96.585073 13.831372 -85.083999
v -96.585073 23.710924 -85.083999
v -96.585073 13.831372 -85.083999
v 51.346505 24.192684 -49.451023
v 51.346505 24.192684 -49.451023
v 51.346505 18.351475 -49.451023
v 54.780205 24.192684 -49.451023
v 51.346505 24.192684 -48.813226
v 51.346505 24.192684 -49.451023
v 51.346505 24.192684 -48.813226
v 54.780205 24.192684 -49.451023
v 54.780205 24.192684 -49.451023
v 54.780205 24.192684 -48.813226
v 54.780205 24.192684 -49.451023
v 54.780205 18.351475 -49.451023
v 53.667330 27.662745 -20.055892
v 53.667330 20.818015 -20.055892
v 53.667330 27.662745 -20.055892
v 53.667330 27.662745 -20.055892
v 53.667330 27.662745 -29.461586
v 53.667330 27.662745 -29.461586
v 53.667330 27.662745 -29.461586
v 53.667330 27.662745 -29.461586
v 53.667330 20.818015 -27.262200
v 53.667330 20.818015 -27.262200
v 53.667330 27.662745 -29.461586
v 53.667330 20.818015 -29.461586
v 53.667330 20.818015 -22.183462
v 53.667330 20.818015 -20.055892
v 53.667330 18.263602 -22.999514
v 53.667330 12.422391 -22.999514
v 53.667330 18.263602 -22.999514
v 53.667330 18.263602 -22.999514
v 53.667330 18.263602 -26.433214
v 53.667330 18.263602 -22.999514
v 54.635834 18.263602 -22.999514
v 54.635834 18.263602 -26.433214
v 53.667330 12.422391 -26.433214
v 53.667330 12.422391 -26.433214
v 54.635834 18.263602 -26.433214
v 53.667330 18.263602 -26.433214
v -96.585073 13.831372 -107.426807
v -127.124370 13.831372 -107.426807
v -127.124370 13.831372 -107.426807
v -96.585073 13.831372 -107.426807
v -127.124370 23.710924 -107.426807
v -127.124370 23.710924 -107.426807
v -96.585073 13.831372 -107.426807
v -96.585073 23.710924 -107.426807
v -89.852798 16.146334 -59.876404
v -89.852798 13.831372 -59.876404
v -89.852798 16.146334 -59.876404
v -114.273896 13.831372 -59.876404
v -114.273896 13.831372 -59.876404
v -114.273896 13.831372 -59.876404
v -114.273896 13.831372 -59.876404
v -114.273896 16.146334 -59.876404
v -114.273896 16.146334 -59.876404
v -114.273896 16.146334 -59.876404
v -114.273896 16.146334 -61.388877
v -114.273896 13.831372 -61.388877
v -114.273896 16.146334 -61.388877
v -91.036377 19.759103 77.174275
v -68.406460 15.807283 77.174275
v -91.036377 11.855462 77.174275
v -68.406460 15.807283 77.174275
v -91.036377 19.759103 77.174275
v -68.406460 19.759103 77.174275
v -17.451566 10.950512 -13.988057
v -17.451566 10.950512 -13.988057
v -17.451566 10.950512 -13.988057
v -17.451566 10.950512 -13.988057
v -17.451566 10.950512 -13.988057
v -17.451566 10.950512 -18.461171
v -17.451566 10.950512 -18.461171
v -17.451566 4.518750 -18.461171
v -17.451566 4.518750 -18.461171
v -17.451566 4.518750 -13.988057
v -17.451566 10.950512 -13.988057
v -60.294408 4.518750 -21.127050
v -60.294408 4.518750 -21.127050
v -60.294408 4.518750 -21.127050
v -60.294408 12.999065 -21.127050
v -60.294408 12.999065 -5.654040
v -60.294408 4.518750 -5.654040
v -60.294408 12.999065 -5.654040
v -60.294408 12.999065 -5.654040
v -17.451566 4.518750 -5.654040
v -17.451566 4.518750 -5.654040
v -17.451566 12.999065 -5.654040
v -17.451566 12.999065 -5.654040
v -48.239125 13.831372 -6.965139
v -48.239125 13.831372 12.495516
v -48.239125 13.831372 -6.965139
v -48.239125 13.831372 -6.965139
v -48.239125 13.831372 -6.965139
v -48.239125 12.999065 -5.654040
v -48.239125 12.999065 -5.654040
v -48.239125 12.999065 -5.654040
v -48.239125 12.999065 -5.654040
v -48.239125 12.999065 -5.654040
v -48.239125 12.999065 -5.654040
v -48.239125 12.999065 -5.654040
v -48.239125 12.999065 -5.654040
v -48.239125 13.831372 -6.965139
v -48.239125 6.494659 -5.654040
v -48.239125 12.999065 -5.654040
v -48.239125 9.458526 12.495516
v -48.239125 9.458526 12.495516
v -48.239125 13.831372 12.495516
v -48.239125 13.831372 12.495516
v -48.239125 6.494659 -5.233495
v -48.239125 6.494659 -5.233495
v -48.239125 7.482616 -5.233495
v -48.239125 8.470571 -1.281674
v -48.239125 8.470571 -1.281674
v -48.239125 9.458526 -1.281674
v -48.239125 7.482616 -3.257584
v -48.239125 7.482616 -3.257584
v -48.239125 8.470571 -3.257584
v -56.142762 8.470571 -3.257584
v -56.142762 9.458526 -1.281674
v -56.142762 8.470571 -1.281674
v -56.142762 7.482616 -5.233495
v -56.142762 8.470571 -3.257584
v -56.142762 7.482616 -3.257584
v -56.142762 6.494659 -5.654040
v -56.142762 7.482616 -5.233495
v -56.142762 6.494659 -5.233495
v -56.142762 10.446481 4.591874
v -56.142762 9.458526 4.591874
v -56.142762 10.446481 4.591874
v -56.142762 9.458526 -1.281674
v -56.142762 9.458526 -1.281674
v -56.142762 12.999065 -5.654040
v -56.142762 12.999065 -5.654040
v -56.142762 12.999065 -5.654040
v -56.142762 9.458526 -1.281674
v -56.142762 8.470571 -3.257584
v -56.142762 12.999065 -5.654040
v -56.142762 8.470571 -3.257584
v -56.142762 7.482616 -5.233495
v -56.142762 12.999065 -5.654040
v -56.142762 7.482616 -5.233495
v -56.142762 6.494659 -5.654040
v -56.142762 12.999065 -5.654040
v -56.142762 13.831372 12.495516
v -64.046411 13.831372 12.495516
v -56.142762 13.831372 12.495516
v -48.239125 13.831372 12.495516
v -48.239125 13.831372 12.495516
v -48.239125 23.511678 12.495516
v -48.239125 23.511678 12.495516
v -48.239125 23.511678 12.495516
v -83.102769 13.831372 16.488609
v -83.102769 13.831372 16.488609
v -83.102769 19.759103 16.488609
v -117.722710 13.831372 9.472861
v -117.722710 13.831372 9.472861
v -117.722710 23.511678 9.472861
v -48.239125 13.831372 -6.965139
v -56.142762 13.831372 -6.965139
v -48.239125 13.831372 -6.965139
v -48.239125 23.511678 -6.965139
v -48.239125 23.511678 -6.965139
v -48.239125 23.511678 -6.965139
v -65.292847 13.831372 -6.965139
v -65.292847 13.831372 -6.965139
v -65.292847 23.511678 -6.965139
v -82.346558 13.831372 -13.390336
v -82.346558 13.831372 -13.390336
v -82.346558 23.511678 -13.390336
v -58.118676 10.446481 4.591874
v -56.142762 10.446481 4.591874
v -58.118676 10.446481 4.591874
v -58.118676 11.410814 4.591874
v -58.118676 11.410814 4.591874
v -60.094581 11.410814 4.591874
v -60.094581 11.410814 4.591874
v -60.094581 12.186171 4.591874
v -60.094581 12.186171 4.591874
v -62.070498 12.186171 4.591874
v -62.070498 12.186171 4.591874
v -62.070498 13.056016 4.591874
v -62.070498 13.056016 4.591874
v -64.046411 13.056016 4.591874
v -64.046411 13.056016 4.591874
v -64.046411 13.831372 4.591874
v -48.239125 5.506705 -7.209405
v -48.239125 5.506705 -7.209405
v -48.239125 4.518750 -9.185316
v -48.239125 5.506705 -7.209405
v -48.239125 4.518750 -9.185316
v -48.239125 5.506705 -9.185316
v -48.239125 6.494659 -7.209405
v -48.239125 5.506705 -7.209405
v -56.142762 6.494659 -7.209405
v -56.142762 6.494659 -7.209405
v -56.142762 5.506705 -7.209405
v -56.142762 5.506705 -7.209405
v -56.142762 4.518750 -9.185316
v -56.142762 4.518750 -9.185316
v -56.142762 5.506705 -7.209405
v -56.142762 5.506705 -9.185316
v -94.080308 23.511678 -13.390336
v -103.552749 13.831372 -13.390336
v -94.080308 13.831372 -13.390336
v -103.552749 13.831372 -13.390336
v -94.080308 23.511678 -13.390336
v -103.552749 21.834512 -13.390336
v -103.552749 21.834512 -13.390336
v -94.080308 23.511678 -13.390336
v -65.292847 23.511678 -5.406084
v -65.292847 13.831372 -5.406084
v -65.292847 23.511678 -5.406084
v -82.346558 13.831372 -5.406084
v -82.346558 13.831372 -5.406084
v -65.292847 23.511678 -5.406084
v -82.346558 23.511678 -5.406084
v -110.204282 13.831372 -13.390336
v -117.722710 23.511678 -13.390336
v -117.722710 13.831372 -13.390336
v -117.722710 23.511678 -13.390336
v -110.204282 13.831372 -13.390336
v -110.204282 21.834512 -13.390336
v -117.722710 23.511678 -13.390336
v -110.204282 21.834512 -13.390336
v -48.239125 13.831372 -6.965139
v -56.142762 12.999065 -6.965139
v -48.239125 12.999065 -6.965139
v -56.142762 12.999065 -6.965139
v -48.239125 13.831372 -6.965139
v -56.142762 13.831372 -6.965139
v -83.102769 21.735015 16.488609
v -83.102769 21.735015 16.488609
v -83.102769 23.511678 16.488609
v -93.952310 13.831372 12.217971
v -93.952310 13.831372 12.217971
v -93.952310 23.511678 12.217971
v -16.105111 3.951821 -21.788278
v -16.105111 19.759103 -21.788278
v -16.105111 19.759103 -21.788278
v -16.105111 3.951821 -21.788278
v -16.105111 19.759103 -21.788278
v -16.105111 3.951821 -21.788278
v -16.105111 17.783194 -21.788278
v -16.105111 19.759103 37.489036
v -16.105111 11.855462 37.489036
v -16.105111 19.759103 37.489036
v -0.297825 11.855462 -65.258306
v -0.297825 3.951821 -65.258306
v -0.297825 11.855462 -65.258306
v -2.400187 11.855462 -65.258306
v -0.297825 15.807283 -65.258306
v -0.297825 15.807283 -65.258306
v -0.297825 15.807283 -65.258306
v -0.297825 15.807283 -65.258306
v -0.297825 13.550215 -65.258306
v -2.400187 11.855462 -50.824633
v -2.400187 11.855462 -50.824633
v -0.297825 11.855462 -50.824633
v -0.297825 3.951821 -50.824633
v -0.297825 3.951821 -50.824633
v -45.231017 23.710924 -85.083999
v -45.231017 23.710924 -85.083999
v -45.231017 23.710924 -85.083999
v -45.231017 14.451195 -85.083999
v -58.766173 20.847235 -81.718542
v -58.766173 20.847235 -81.718542
v -58.766173 21.609221 -84.252107
v -58.766173 23.938661 -84.767739
v -58.766173 23.938661 -84.767739
v -58.766173 25.163593 -83.328735
v -58.766173 25.163593 -83.328735
v -62.829170 25.163593 -83.328735
v -58.766173 25.163593 -83.328735
v -58.766173 25.163593 -80.751841
v -58.766173 20.649597 -81.453384
v -58.766173 20.649597 -81.453384
v -58.766173 22.986253 -79.711707
v -58.766173 20.649597 -81.453384
v -62.829170 20.847235 -81.718542
v -62.829170 20.649597 -81.453384
v -62.829170 20.847235 -81.718542
v -58.766173 20.649597 -81.453384
v -58.766173 20.847235 -81.718542
v -58.766173 23.183892 -79.976865
v -62.829170 22.986253 -79.711707
v -62.829170 22.986253 -79.711707
v -58.766173 23.183892 -79.976865
v -58.766173 22.986253 -79.711707
v -62.829170 25.163593 -80.751841
v -58.766173 23.183892 -79.976865
v -62.829170 23.183892 -79.976865
v -58.766173 23.183892 -79.976865
v -62.829170 25.163593 -80.751841
v -58.766173 25.163593 -80.751841
v -58.766173 23.897818 -84.952251
v -58.766173 21.568380 -84.436611
v -58.766173 23.897818 -84.952251
v -58.766173 23.897818 -84.952251
v -62.829170 23.938661 -84.767739
v -62.829170 23.897818 -84.952251
v -62.829170 23.938661 -84.767739
v -58.766173 23.897818 -84.952251
v -58.766173 23.938661 -84.767739
v -58.766173 21.609221 -84.252107
v -62.829170 21.568380 -84.436611
v -62.829170 21.609221 -84.252107
v -62.829170 21.568380 -84.436611
v -58.766173 21.609221 -84.252107
v -58.766173 21.568380 -84.436611
v -58.766173 19.759103 -62.354128
v -58.766173 13.831372 -62.354128
v -58.766173 17.679307 -85.083999
v -58.766173 17.679307 -85.083999
v -58.766173 20.516801 -85.083999
v -58.766173 13.831372 -52.908300
v -58.766173 13.831372 -52.908300
v -58.766173 19.759103 -52.908300
v -58.766173 19.759103 -52.908300
v -58.766173 19.759103 -52.908300
v -58.766173 19.759103 -62.354128
v -58.766173 19.759103 -62.354128
v -62.829170 25.241212 -79.627302
v -58.766173 20.516801 -79.627302
v -62.829170 20.516801 -79.627302
v -58.766173 20.516801 -79.627302
v -62.829170 25.241212 -79.627302
v -58.766173 25.241212 -79.627302
v -62.829170 22.986253 -79.711707
v -62.829170 22.986253 -79.711707
v -62.829170 25.163593 -80.751841
v -62.829170 25.163593 -80.751841
v -62.829170 22.986253 -79.711707
v -62.829170 25.163593 -80.751841
v -62.829170 23.183892 -79.976865
v -62.829170 25.163593 -80.751841
v -62.829170 25.163593 -83.328735
v -62.829170 25.163593 -83.328735
v -62.829170 23.938661 -84.767739
v -62.829170 23.938661 -84.767739
v -62.829170 23.897818 -84.952251
v -62.829170 20.649597 -81.453384
v -62.829170 20.516801 -85.083999
v -62.829170 20.649597 -81.453384
v -62.829170 22.986253 -79.711707
v -62.829170 20.516801 -85.083999
v -62.829170 20.649597 -81.453384
v -62.829170 20.847235 -81.718542
v -62.829170 20.516801 -85.083999
v -62.829170 20.847235 -81.718542
v -62.829170 21.609221 -84.252107
v -62.829170 20.516801 -85.083999
v -62.829170 21.609221 -84.252107
v -62.829170 21.568380 -84.436611
v -62.829170 20.516801 -85.083999
v -62.829170 21.568380 -84.436611
v -62.829170 23.897818 -84.952251
v -62.829170 20.516801 -85.083999
v -62.829170 23.897818 -84.952251
v -62.829170 20.516801 -85.083999
v -62.829170 23.710924 -85.083999
v -58.766173 25.241212 -85.083999
v -58.766173 25.241212 -85.083999
v -62.829170 25.241212 -85.083999
v -58.766173 20.516801 -79.627302
v -62.829170 20.516801 -85.083999
v -62.829170 20.516801 -79.627302
v -62.829170 20.516801 -85.083999
v -58.766173 20.516801 -79.627302
v -58.766173 20.516801 -85.083999
v -58.766173 25.686835 -85.083999
v -62.829170 25.241212 -85.083999
v -58.766173 25.241212 -85.083999
v -62.829170 25.241212 -85.083999
v -58.766173 25.686835 -85.083999
v -62.829170 25.686835 -85.083999
v -58.766173 25.241212 -85.083999
v -62.829170 25.241212 -79.627302
v -62.829170 25.241212 -85.083999
v -62.829170 25.241212 -79.627302
v -58.766173 25.241212 -85.083999
v -58.766173 25.241212 -79.627302
v -89.852798 13.831372 -85.083999
v -89.852798 16.146334 -61.388877
v -89.852798 13.831372 -61.388877
v -89.852798 16.146334 -61.388877
v -89.852798 13.831372 -85.083999
v -89.852798 16.146334 -85.083999
v -91.104756 16.146334 -85.083999
v -91.104756 16.146334 -85.083999
v -91.104756 13.831372 -85.083999
v -95.285859 16.146334 -61.388877
v -91.104756 13.831372 -61.388877
v -95.285859 13.831372 -61.388877
v -91.104756 13.831372 -61.388877
v -95.285859 16.146334 -61.388877
v -91.104756 16.146334 -61.388877
v -57.457570 23.511678 12.495516
v -57.457570 23.511678 12.495516
v -57.457570 23.511678 -6.965139
v -57.457570 23.511678 12.495516
v -16.105111 21.735015 104.669985
v -16.105111 21.735015 104.669985
v -109.060005 23.728920 29.585392
v -109.060005 23.728920 29.585392
v -109.060005 27.662745 29.585392
v -109.060005 23.728920 29.585392
v -109.060005 21.735015 29.585392
v -68.406460 19.759103 29.585392
v -84.935610 13.831372 29.585392
v -68.406460 13.831372 29.585392
v -84.935610 13.831372 29.585392
v -68.406460 19.759103 29.585392
v -84.935610 19.759103 29.585392
v -92.172437 19.759103 29.585392
v -109.060005 13.831372 29.585392
v -92.172437 13.831372 29.585392
v -109.060005 13.831372 29.585392
v -92.172437 19.759103 29.585392
v -109.060005 19.759103 29.585392
v -109.060005 12.964305 39.935559
v -109.060005 12.964305 34.951304
v -109.060005 12.964305 39.935559
v -107.068506 11.855462 39.935559
v -109.060005 12.964305 39.935559
v -107.068506 11.855462 39.935559
v -109.060005 12.964305 39.935559
v -109.060005 12.964305 39.935559
v -109.060005 13.831372 39.935559
v -68.406460 11.855462 37.489036
v -68.406460 13.831372 39.935559
v -68.406460 11.855462 39.935559
v -68.406460 13.831372 39.935559
v -68.406460 11.855462 37.489036
v -68.406460 13.831372 37.489036
v -61.666362 39.518207 135.577478
v -61.666362 29.638656 135.577478
v -61.666362 39.518207 135.577478
v -61.666362 20.570290 135.577478
v -61.666362 27.662745 140.236370
v -61.666362 21.735015 140.236370
v -61.666362 27.662745 140.236370
v -61.666362 20.570290 135.577478
v -61.666362 27.662745 135.577478
v -114.972144 19.759103 74.469514
v -114.972144 19.759103 74.469514
v -114.972144 21.847703 74.469514
v -114.972144 23.773541 74.469514
v -114.972144 23.773541 74.469514
v -114.972144 27.662745 74.469514
v -114.972144 27.662745 74.469514
v -114.972144 25.600314 79.104397
v -114.972144 19.759103 79.104397
v -114.972144 25.600314 79.104397
v -114.972144 25.600314 79.104397
v -115.987896 25.600314 79.104397
v -114.972144 25.600314 79.104397
v -114.972144 25.600314 82.538101
v -115.987896 25.600314 82.538101
v -114.972144 19.759103 82.538101
v -114.972144 19.759103 82.538101
v -115.987896 25.600314 82.538101
v -114.972144 25.600314 82.538101
v -114.972144 25.600314 93.383987
v -114.972144 19.759103 93.383987
v -114.972144 25.600314 93.383987
v -114.972144 25.600314 93.383987
v -115.987896 25.600314 93.383987
v -114.972144 25.600314 93.383987
v -114.972144 25.600314 96.817690
v -115.987896 25.600314 96.817690
v -114.972144 19.759103 96.817690
v -114.972144 19.759103 96.817690
v -115.987896 25.600314 96.817690
v -114.972144 25.600314 96.817690
v -109.060005 12.214306 65.715652
v -109.060005 12.214306 65.715652
v -109.060005 21.886060 65.715652
v -109.060005 21.886060 65.715652
v -109.060005 12.214306 65.715652
v -109.060005 13.831372 65.715652
v -109.060005 11.855462 74.469514
v -109.060005 11.855462 74.469514
v -109.060005 18.097903 74.469514
v -94.080308 15.559614 -30.733213
v -94.080308 15.559614 -30.733213
v -94.080308 25.686835 -30.733213
v 96.521785 26.463596 -51.426932
v 96.521785 26.463596 -51.426932
v 96.521785 33.495026 -51.426932
v 96.521785 33.495026 3.898558
v 96.521785 26.514853 3.898558
v 96.521785 33.495026 3.898558
v -2.400187 13.831372 -65.867139
v -1.549794 13.831372 -75.063428
v -2.400187 13.831372 -75.063428
v -1.549794 13.831372 -75.063428
v -2.400187 13.831372 -65.867139
v -1.549794 13.831372 -65.867139
v -2.400187 25.686835 -65.867139
v -1.549794 13.831372 -65.867139
v -2.400187 13.831372 -65.867139
v -1.549794 13.831372 -65.867139
v -2.400187 25.686835 -65.867139
v -1.549794 25.686835 -65.867139
v -1.549794 25.686835 -75.063428
v -2.400187 25.686835 -65.867139
v -2.400187 25.686835 -75.063428
v -2.400187 25.686835 -65.867139
v -1.549794 25.686835 -75.063428
v -1.549794 25.686835 -65.867139
v -1.549794 25.686835 -75.063428
v -2.400187 13.831372 -75.063428
v -1.549794 13.831372 -75.063428
v -2.400187 13.831372 -75.063428
v -1.549794 25.686835 -75.063428
v -2.400187 25.686835 -75.063428
v -1.549794 25.686835 -64.827385
v -2.400187 25.686835 -64.827385
v -1.549794 25.686835 -64.827385
v -1.549794 25.686835 -63.022727
v -1.549794 25.686835 -64.827385
v -2.400187 13.831372 -64.827385
v -1.549794 13.831372 -64.827385
v -2.400187 13.831372 -64.827385
v -1.549794 25.686835 -64.827385
v -2.400187 25.686835 -64.827385
v -1.549794 13.831372 -56.223252
v -2.400187 13.831372 -64.827385
v -2.400187 13.831372 -56.223252
v -2.400187 13.831372 -64.827385
v -1.549794 13.831372 -56.223252
v -1.549794 13.831372 -64.827385
v -2.400187 25.686835 -56.223252
v -1.549794 13.831372 -56.223252
v -2.400187 13.831372 -56.223252
v -1.549794 13.831372 -56.223252
v -2.400187 25.686835 -56.223252
v -1.549794 25.686835 -56.223252
v -1.549794 25.686835 -63.022727
v -2.400187 25.686835 -56.223252
v -2.400187 25.686835 -56.223252
v -1.549794 25.686835 -63.022727
v -1.549794 25.686835 -56.223252
v -1.549794 25.686835 -55.183499
v -2.400187 25.686835 -55.183499
v -1.549794 25.686835 -55.183499
v -1.549794 25.686835 -53.576898
v -1.549794 25.686835 -55.183499
v -2.400187 13.831372 -55.183499
v -1.549794 13.831372 -55.183499
v -2.400187 13.831372 -55.183499
v -1.549794 25.686835 -55.183499
v -2.400187 25.686835 -55.183499
v -1.549794 13.831372 -46.078246
v -2.400187 13.831372 -55.183499
v -2.400187 13.831372 -46.078246
v -2.400187 13.831372 -55.183499
v -1.549794 13.831372 -46.078246
v -1.549794 13.831372 -55.183499
v -2.400187 25.686835 -46.078246
v -1.549794 13.831372 -46.078246
v -2.400187 13.831372 -46.078246
v -1.549794 13.831372 -46.078246
v -2.400187 25.686835 -46.078246
v -1.549794 25.686835 -46.078246
v -1.549794 25.686835 -46.078246
v -2.400187 25.686835 -46.078246
v -1.549794 25.686835 -46.078246
v -1.549794 25.686835 -53.576898
v -1.549794 25.686835 -45.038492
v -2.400187 25.686835 -36.500083
v -2.400187 25.686835 -45.038492
v -2.400187 25.686835 -36.500083
v -1.549794 25.686835 -45.038492
v -1.549794 25.686835 -36.500083
v -1.549794 25.686835 -45.038492
v -2.400187 13.831372 -45.038492
v -1.549794 13.831372 -45.038492
v -2.400187 13.831372 -45.038492
v -1.549794 25.686835 -45.038492
v -2.400187 25.686835 -45.038492
v -1.549794 13.831372 -36.500083
v -2.400187 13.831372 -45.038492
v -2.400187 13.831372 -36.500083
v -2.400187 13.831372 -45.038492
v -1.549794 13.831372 -36.500083
v -1.549794 13.831372 -45.038492
v -2.400187 25.686835 -36.500083
v -1.549794 13.831372 -36.500083
v -2.400187 13.831372 -36.500083
v -1.549794 13.831372 -36.500083
v -2.400187 25.686835 -36.500083
v -1.549794 25.686835 -36.500083
v -0.297825 11.855462 29.585392
v -0.297825 13.831372 29.585392
v -0.297825 11.855462 29.585392
v 31.316741 17.783194 -33.643740
v 39.220382 16.795239 -33.643740
v 39.220382 16.795239 -31.667831
v 39.220382 17.783194 -33.643740
v 39.220382 14.819328 -29.691918
v 39.220382 15.807283 -29.691918
v 47.124023 29.638656 9.826289
v 55.027665 27.662745 1.922647
v -0.297825 33.590479 59.224050
v -0.297825 33.590479 59.224050
v -0.297825 31.614565 59.224050
v 94.545879 11.855462 29.585392
v 94.545879 11.855462 29.585392
v 94.545879 13.831372 29.585392
v 79.412578 18.771149 -95.884915
v 79.412578 18.771149 -95.884915
v 79.412578 17.783194 -95.884915
v 88.618140 13.831372 1.922647
v 88.618140 11.855462 1.922647
v 88.618140 13.831372 1.922647
v 23.413099 31.614565 47.368586
v 23.413099 33.590479 47.368586
v 23.413099 31.614565 47.368586
v 77.750632 19.759103 -95.884915
v 77.750632 17.783194 -95.884915
v 77.750632 19.759103 -95.884915
v 88.618140 35.684484 -4.005084
v 88.618140 33.495026 -4.005084
v 88.618140 35.684484 -4.005084
v 39.220382 13.831372 -25.740099
v 39.220382 13.831372 -25.740099
v 90.594053 33.590479 57.248137
v 90.594053 31.614565 57.248137
v 90.594053 33.590479 57.248137
v 90.594053 33.590479 57.248137
v 90.594053 33.590479 57.248137
v 39.220382 15.807283 -31.667831
v 39.220382 15.807283 -29.691918
v 39.220382 16.795239 -31.667831
v 15.509458 31.614565 59.224050
v 15.509458 31.614565 59.224050
v 15.509458 33.590479 59.224050
v 80.400527 17.783194 -93.909009
v 80.400527 17.783194 -93.909009
v 80.400527 18.771149 -93.909009
v 39.220382 19.759103 57.248137
v 39.220382 21.735015 57.248137
v 39.220382 19.759103 57.248137
v 55.027665 13.831372 1.922647
v 55.027665 11.855462 1.922647
v 55.027665 13.831372 1.922647
v 47.124023 29.638656 9.826289
v 47.124023 29.638656 9.826289
v 47.124023 29.638656 9.826289
v 118.256792 31.614565 -65.258306
v 118.256792 31.614565 -65.258306
v 118.256792 33.590479 -65.258306
v 118.256792 31.614565 -33.643740
v 118.256792 31.614565 -33.643740
v 118.256792 33.590479 -33.643740
v 19.461279 17.783194 -19.812367
v 19.461279 19.759103 -19.812367
v 19.461279 17.783194 -19.812367
v 47.124023 29.638656 -30.856813
v 47.124023 29.638656 -30.856813
v 47.124023 27.662745 -30.856813
v 39.220382 12.843418 -25.740099
v 91.506138 31.614565 -112.680154
v 91.506138 33.590479 -112.680154
v 91.506138 31.614565 -112.680154
v 96.521785 33.495026 -51.426932
v 96.521785 33.495026 -51.426932
v 96.521785 35.684484 -51.426932
v 88.618140 35.684484 -51.426932
v 88.618140 33.495026 -43.523291
v 88.618140 35.684484 -43.523291
v 88.618140 33.495026 -43.523291
v 88.618140 35.684484 -51.426932
v 88.618140 33.495026 -51.426932
v 92.362500 18.771149 -94.896965
v 92.362500 17.783194 -94.896965
v 92.362500 18.771149 -94.896965
v 47.124023 29.638656 -18.734954
v 47.124023 29.638656 -18.734954
v 47.124023 29.638656 -18.734954
v 47.124023 27.662745 -18.734954
v 96.521785 13.831372 3.898558
v 96.521785 11.855462 3.898558
v 96.521785 13.831372 3.898558
v 96.521785 13.831372 3.898558
v -18.081017 33.590479 -9.932815
v 42.482498 45.298107 -103.967036
v 42.482498 47.274016 -103.967036
v 42.482498 45.298107 -103.967036
v -18.081017 33.590479 108.621812
v -18.081017 33.590479 108.621812
v -21.044886 33.590479 69.103601
v -21.044886 33.590479 69.103601
v -21.044886 33.590479 37.489036
v -18.081017 33.590479 29.585392
v -18.081017 33.590479 29.585392
v -24.008749 35.806223 108.621812
v -24.008749 33.590479 116.525449
v -24.008749 35.806223 116.525449
v -24.008749 33.590479 116.525449
v -24.008749 35.806223 108.621812
v -24.008749 33.590479 114.549543
v -24.008749 33.590479 114.549543
v -24.008749 35.806223 108.621812
v -24.008749 33.590479 108.621812
v -8.201466 21.735015 78.983152
v -8.201466 19.759103 102.694080
v -8.201466 21.735015 102.694080
v -8.201466 19.759103 102.694080
v -8.201466 21.735015 78.983152
v -8.201466 19.759103 78.983152
v 88.618140 13.831372 -51.426932
v 88.618140 13.831372 -51.426932
v 88.618140 11.855462 -51.426932
v 78.738589 19.759103 -71.186038
v 78.738589 17.783194 -65.258306
v 78.738589 19.759103 -65.258306
v 78.738589 17.783194 -65.258306
v 78.738589 19.759103 -71.186038
v 78.738589 17.783194 -71.186038
v 46.644642 33.590479 100.718167
v 46.644642 31.614565 100.718167
v 46.644642 33.590479 100.718167
v -16.105111 19.759103 114.549543
v 15.509458 13.831372 114.549543
v 15.509458 11.855462 114.549543
v 15.509458 13.831372 114.549543
v -16.105111 19.759103 114.549543
v -16.105111 21.735015 114.549543
v 23.413099 31.614565 65.151775
v 23.413099 31.614565 65.151775
v 23.413099 33.590479 65.151775
v 25.389009 33.590479 92.814529
v 25.389009 31.614565 92.814529
v 25.389009 33.590479 92.814529
v 15.509458 13.831372 116.525449
v 15.509458 11.855462 116.525449
v 15.509458 13.831372 116.525449
v -16.105111 19.759103 116.525449
v -16.105111 19.759103 116.525449
v 15.509458 13.831372 116.525449
v -16.105111 21.735015 116.525449
v -8.201466 33.590479 65.151775
v -8.201466 33.590479 65.151775
v -8.201466 31.614565 65.151775
v -16.105111 33.590479 77.007239
v -16.105111 33.590479 77.007239
v -16.105111 33.590479 108.621812
v -16.105111 33.590479 108.621812
v -16.105111 35.806223 108.621812
v 11.557635 33.590479 132.332732
v 11.557635 33.590479 132.332732
v 11.557635 31.614565 132.332732
v 17.485367 21.735015 61.199960
v 17.485367 19.759103 61.199960
v 17.485367 21.735015 61.199960
v 19.461279 33.590479 108.621812
v 19.461279 31.614565 108.621812
v 19.461279 33.590479 108.621812
v -4.249647 21.735015 61.199960
v -4.249647 19.759103 61.199960
v -4.249647 21.735015 61.199960
v 96.521785 35.684484 3.898558
v 96.521785 33.495026 3.898558
v 96.521785 35.684484 3.898558
v 94.545879 13.831372 -36.608342
v 94.545879 12.422391 -36.608342
v 94.545879 13.831372 -36.608342
v 94.545879 13.831372 -27.575457
v 94.545879 13.831372 -27.575457
v 94.545879 12.422391 -27.575457
v 94.971072 11.855462 -37.460380
v 94.971072 11.855462 -37.460380
v 94.971072 12.422391 -37.460380
v 75.306453 11.855462 36.787474
v 75.306453 11.855462 36.787474
v 75.306453 12.422391 36.787474
v 94.545879 11.855462 -32.442316
v 94.545879 11.855462 -32.442316
v 94.545879 11.855462 -32.442316
v 94.545879 12.422391 -32.442316
v 94.545879 12.422391 -32.442316
v 94.545879 13.831372 -33.174642
v 94.545879 13.831372 -33.174642
v 94.545879 12.422391 -32.442316
v 94.545879 12.422391 -33.174642
v 94.971072 11.855462 -31.861194
v 94.971072 11.855462 -31.861194
v 94.971072 12.422391 -31.861194
v 40.596570 18.350123 -98.188770
v 40.596570 17.783194 -98.188770
v 40.596570 18.350123 -98.188770
v 35.578506 18.350123 -98.661211
v 35.578506 17.783194 -98.188770
v 35.578506 18.350123 -98.188770
v 35.578506 17.783194 -98.188770
v 35.578506 18.350123 -98.661211
v 35.578506 17.783194 -98.661211
v 75.306453 11.855462 41.805538
v 75.306453 11.855462 41.805538
v 75.306453 12.422391 41.805538
v 28.992737 11.855462 47.841028
v 28.992737 12.422391 47.841028
v 28.992737 11.855462 47.841028
v 40.596570 17.783194 -98.661211
v 40.596570 17.783194 -98.661211
v 40.596570 18.350123 -98.661211
v 40.596570 18.350123 -98.661211
v 39.744532 18.350123 -98.661211
v 39.744532 18.350123 -98.661211
v 39.744532 19.759103 -98.661211
v 39.744532 19.759103 -98.661211
v 3.080039 11.855462 -21.174104
v 3.080039 12.422391 -21.174104
v 3.080039 11.855462 -21.174104
v 61.494492 31.614565 -141.688030
v 61.494492 31.614565 -141.688030
v 61.494492 33.590479 -141.688030
v 118.256792 31.614565 13.778110
v 118.256792 31.614565 13.778110
v 118.256792 33.590479 13.778110
v 7.605817 33.590479 -5.980995
v 7.605817 31.614565 41.440854
v 7.605817 33.590479 41.440854
v 7.605817 31.614565 41.440854
v 7.605817 33.590479 -5.980995
v 7.605817 31.614565 -5.980995
v 11.557635 21.735015 132.332732
v 11.557635 19.759103 132.332732
v 11.557635 21.735015 132.332732
v 11.557635 21.735015 132.332732
v 11.557635 21.735015 132.332732
v 11.557635 21.735015 132.332732
v 11.557635 21.735015 132.332732
v 11.557635 21.735015 132.332732
v 11.557635 21.735015 132.332732
v 46.644642 21.735015 100.718167
v 46.644642 19.759103 100.718167
v 46.644642 21.735015 100.718167
v 46.644642 21.735015 100.718167
v 46.644642 21.735015 100.718167
v 47.124023 19.759103 57.113346
v 47.124023 19.759103 57.113346
v 47.124023 21.735015 57.113346
v 47.124023 21.735015 57.113346
v 47.124023 21.735015 57.113346
v 47.124023 21.735015 57.113346
v 47.124023 21.735015 57.113346
v 47.124023 21.735015 57.113346
v 39.220382 12.843418 -23.764188
v 39.220382 12.843418 -23.764188
v 43.172205 33.590479 61.199960
v 43.172205 31.614565 61.199960
v 43.172205 33.590479 61.199960
v 48.074982 13.831372 29.585392
v 50.135039 11.855462 29.585392
v 48.074982 13.831372 29.585392
v 48.074982 21.484916 29.585392
v 50.135039 19.759103 29.585392
v 48.074982 21.484916 29.585392
v 48.074982 21.484916 29.585392
v 59.580864 19.759103 29.585392
v 59.580864 19.759103 29.585392
v 48.074982 21.484916 29.585392
v 61.256085 21.484916 29.585392
v 61.256085 13.831372 29.585392
v 59.580864 11.855462 29.585392
v 61.256085 13.831372 29.585392
v 61.256085 13.831372 29.585392
v 61.525129 17.783194 -56.206930
v 61.525129 17.783194 -56.206930
v 61.525129 19.759103 -56.206930
v 60.337075 19.759103 -55.395330
v 60.337075 19.759103 -55.395330
v 60.337075 17.783194 -55.395330
v 48.111980 19.759103 -72.173994
v 48.111980 17.783194 -55.395330
v 48.111980 19.759103 -55.395330
v 48.111980 17.783194 -55.395330
v 48.111980 19.759103 -72.173994
v 48.111980 19.759103 -72.173994
v 48.111980 17.783194 -72.173994
v 50.803198 18.351475 -50.348661
v 50.803198 18.351475 -50.348661
v 50.803198 17.783194 -50.348661
v -42.650680 27.662745 130.428098
v -42.650680 29.358151 131.973157
v -42.650680 27.662745 130.428098
v -42.650680 29.358151 119.217246
v -42.650680 27.662745 120.982273
v -42.650680 29.358151 119.217246
v -42.650680 29.358151 119.217246
v -39.816031 21.735015 119.249209
v -39.816031 19.759103 120.982273
v -39.816031 21.735015 119.249209
v -39.816031 29.358151 119.217246
v -39.816031 29.358151 119.217246
v -39.816031 27.662745 120.982273
v -39.816031 29.358151 131.973157
v -39.816031 29.358151 131.973157
v -39.816031 27.662745 130.428098
v -66.430547 31.614565 100.982146
v -66.430547 33.590479 100.982146
v -66.430547 31.614565 100.982146
v -68.406460 35.806223 69.103601
v -68.406460 35.806223 69.103601
v -68.406460 33.590479 69.103601
v -63.466685 33.590479 69.103601
v -66.430547 33.590479 77.007239
v -66.430547 33.590479 77.007239
v -63.466685 33.590479 37.489036
v -63.466685 33.590479 37.489036
v -60.502811 19.759103 45.392677
v -60.502811 21.735015 45.392677
v -60.502811 19.759103 45.392677
v -60.502811 19.759103 61.199960
v -60.502811 19.759103 61.199960
v -60.502811 21.735015 61.199960
v -64.454634 21.735015 37.489036
v -64.454634 19.759103 37.489036
v -64.454634 21.735015 37.489036
v -68.406460 19.759103 69.103601
v -68.406460 19.759103 69.103601
v -68.406460 21.735015 69.103601
v -68.406460 19.759103 77.174275
v -68.406460 19.759103 77.174275
v -68.406460 21.735015 77.174275
v -89.843584 21.735015 100.982146
v -89.843584 19.759103 100.982146
v -89.843584 21.735015 100.982146
v -42.650680 21.735015 119.249209
v -42.650680 19.759103 120.982273
v -42.650680 21.735015 119.249209
v -42.650680 21.735015 100.982146
v -42.650680 21.735015 100.982146
v -39.816031 33.590479 116.525449
v -39.816031 31.614565 116.525449
v -39.816031 33.590479 116.525449
v -39.816031 21.735015 132.049358
v -39.816031 21.735015 132.049358
v -39.816031 19.759103 130.428098
v -92.801558 41.494120 132.332732
v -92.801558 41.494120 132.332732
v -92.801558 39.518207 132.332732
v -92.801558 29.638656 132.332732
v -92.801558 27.662745 132.332732
v -92.801558 29.638656 132.332732
v -92.801558 29.638656 132.332732
v -92.801558 29.638656 132.332732
v -92.801558 29.638656 132.332732
v -92.801558 29.638656 132.332732
v -92.801558 29.638656 132.332732
v -42.650680 21.735015 132.049358
v -42.650680 21.735015 132.049358
v -42.650680 19.759103 130.428098
v -107.068506 27.662745 110.426045
v -107.068506 27.662745 110.426045
v -107.068506 29.638656 110.426045
v -105.092593 41.494120 138.088792
v -105.092593 39.518207 138.088792
v -105.092593 41.494120 138.088792
v -107.068506 27.662745 148.882039
v -107.068506 27.662745 148.882039
v -107.068506 29.638656 148.882039
v -109.060005 27.662745 29.585392
v -109.060005 27.662745 29.585392
v -109.060005 29.638656 29.585392
v -2.400187 25.686835 -27.741035
v -2.400187 27.662745 -27.741035
v -2.400187 25.686835 -27.741035
v -20.183383 11.855462 -72.638005
v -20.183383 11.855462 -72.638005
v -20.183383 13.831372 -72.638005
v -20.183383 23.710924 -72.638005
v -20.183383 23.710924 -72.638005
v -20.183383 25.686835 -72.638005
v -35.990665 25.686835 -72.638005
v -35.990665 23.710924 -72.638005
v -35.990665 25.686835 -72.638005
v -41.279198 11.855462 -74.613911
v -41.279198 11.855462 -74.613911
v -41.279198 13.831372 -74.613911
v -45.231017 23.710924 -78.565737
v -45.231017 25.686835 -78.565737
v -45.231017 23.710924 -78.565737
v -4.376100 11.855462 -78.565737
v -4.376100 11.855462 -78.565737
v -4.376100 13.831372 -78.565737
v -2.400187 25.686835 -78.565737
v -2.400187 25.686835 -78.565737
v -58.766173 25.686835 -85.083999
v -58.766173 25.686835 -85.083999
v -58.766173 25.686835 -85.083999
v -71.152251 13.831372 -85.083999
v -71.152251 11.855462 -85.083999
v -71.152251 13.831372 -85.083999
v -62.829170 13.831372 -85.083999
v -62.829170 11.855462 -62.354128
v -62.829170 13.831372 -62.354128
v -62.829170 11.855462 -62.354128
v -62.829170 13.831372 -85.083999
v -62.829170 13.831372 -85.083999
v -62.829170 11.855462 -85.083999
v -98.816528 27.662745 -34.721045
v -98.816528 25.686835 -34.721045
v -98.816528 27.662745 -34.721045
v -114.273896 25.686835 -34.721045
v -114.273896 25.686835 -34.721045
v -114.273896 27.662745 -34.721045
v -110.204282 12.843418 -34.721045
v -110.204282 12.843418 -34.721045
v -110.204282 13.831372 -34.721045
v -58.766173 11.855462 -52.908300
v -58.766173 11.855462 -52.908300
v -58.766173 13.831372 -52.908300
v -96.585073 23.710924 -85.083999
v -96.585073 25.686835 -85.083999
v -96.585073 23.710924 -85.083999
v -127.124370 25.686835 -107.426807
v -127.124370 25.686835 -107.426807
v -127.124370 25.686835 -107.426807
v -111.125918 27.662745 -71.369399
v -111.125918 27.662745 -71.369399
v -111.125918 25.686835 -71.369399
v -102.320215 12.843418 -59.876404
v -102.320215 12.843418 -59.876404
v -102.320215 12.843418 -59.876404
v -102.320215 12.843418 -59.876404
v -102.320215 13.831372 -59.876404
v -92.172437 21.735015 16.488609
v -92.172437 19.759103 16.488609
v -92.172437 21.735015 16.488609
v -84.935610 21.735015 16.488609
v -84.935610 21.735015 16.488609
v -84.935610 19.759103 16.488609
v 7.605817 21.735015 -5.980995
v 7.605817 19.759103 41.440854
v 7.605817 21.735015 41.440854
v 7.605817 19.759103 41.440854
v 7.605817 21.735015 -5.980995
v 7.605817 21.735015 -5.980995
v 7.605817 21.735015 -5.980995
v 7.605817 21.735015 -5.980995
v 7.605817 21.735015 -5.980995
v 7.605817 21.735015 -5.980995
v 7.605817 21.735015 -5.980995
v 7.605817 21.735015 -5.980995
v 7.605817 21.735015 -5.980995
v 7.605817 19.759103 -5.980995
v -62.829170 25.686835 -48.072367
v -62.829170 27.662745 -48.072367
v -62.829170 25.686835 -48.072367
v -62.829170 25.686835 -85.083999
v -62.829170 25.686835 -85.083999
v -2.400187 11.855462 -27.741035
v -2.400187 13.831372 -27.741035
v -2.400187 11.855462 -27.741035
v -45.231017 11.855462 -78.565737
v -45.231017 13.831372 -78.565737
v -45.231017 11.855462 -78.565737
v -89.852798 13.831372 -59.876404
v -89.852798 11.855462 -59.876404
v -89.852798 13.831372 -59.876404
v -98.963291 12.843418 -58.270107
v -98.963291 11.855462 -58.270107
v -98.963291 12.843418 -58.270107
v -108.086118 12.843418 -59.876404
v -108.086118 11.855462 -58.270107
v -108.086118 12.843418 -58.270107
v -108.086118 11.855462 -58.270107
v -108.086118 12.843418 -59.876404
v -108.086118 11.855462 -59.876404
v -103.552749 13.831372 -34.721045
v -103.552749 12.843418 -34.721045
v -103.552749 13.831372 -34.721045
v -102.749604 11.855462 -36.539941
v -102.749604 11.855462 -36.539941
v -102.749604 12.843418 -36.539941
v -110.912944 12.843418 -36.539941
v -110.912944 11.855462 -34.721045
v -110.912944 12.843418 -34.721045
v -110.912944 11.855462 -34.721045
v -110.912944 12.843418 -36.539941
v -110.912944 11.855462 -36.539941
v -57.457570 35.806223 -17.836458
v -57.457570 35.806223 -17.836458
v -57.457570 33.590479 -17.836458
v -8.201466 33.590479 104.669985
v -8.201466 31.614565 104.669985
v -8.201466 33.590479 104.669985
v -113.614072 25.324164 -9.281691
v -113.614072 23.511678 -9.281691
v -113.614072 25.324164 -9.281691
v -86.455210 25.324164 -1.297440
v -86.455210 23.511678 -1.297440
v -86.455210 25.324164 -1.297440
v -68.406460 21.735015 29.585392
v -84.935610 19.759103 29.585392
v -68.406460 19.759103 29.585392
v -84.935610 19.759103 29.585392
v -68.406460 21.735015 29.585392
v -84.935610 21.735015 29.585392
v -92.172437 19.759103 29.585392
v -92.172437 19.759103 29.585392
v -92.172437 21.735015 29.585392
v -61.666362 41.494120 135.577478
v -61.666362 39.518207 135.577478
v -61.666362 41.494120 135.577478
v -61.666362 29.638656 135.577478
v -61.666362 27.662745 135.577478
v -61.666362 29.638656 135.577478
v 39.220382 21.735015 47.368586
v 39.220382 19.759103 47.368586
v 39.220382 21.735015 47.368586
v 39.220382 21.735015 47.368586
v -99.766436 16.146334 -61.388877
v -99.766436 16.146334 -59.876404
v -99.766436 16.146334 -61.388877
v -107.287705 16.146334 -59.876404
v -107.287705 16.146334 -59.876404
v -107.287705 16.146334 -61.388877
v -17.451566 4.518750 -13.988057
v -17.451566 4.518750 -13.988057
v -17.451566 4.518750 -18.461171
v -83.102769 13.831372 15.094908
v -93.952310 13.831372 15.094908
v -83.102769 13.831372 15.094908
v -110.204282 13.831372 -13.390336
v -110.204282 13.831372 -13.390336
v -103.552749 13.831372 -13.390336
v -103.552749 13.831372 -13.390336
v -83.102769 13.831372 15.094908
v -78.553696 13.831372 35.683590
v -78.553696 13.169955 35.683590
v -78.553696 13.831372 35.683590
v -100.186758 13.831372 35.683590
v -100.186758 13.831372 35.683590
v -100.186758 13.169955 35.683590
v 94.545879 11.855462 -65.258306
v 94.545879 11.855462 -65.258306
v 94.545879 11.855462 -65.258306
v 96.521785 11.855462 -65.258306
v 96.521785 11.855462 -65.258306
v -5.237600 11.855462 57.248137
v -16.105111 11.855462 45.392677
v -5.237600 11.855462 57.248137
v -5.237600 11.855462 57.248137
v -1.779760 11.855462 60.705981
v -1.779760 11.855462 60.705981
v 94.545879 11.855462 29.585392
v 94.545879 11.855462 29.585392
v 102.449517 11.855462 21.681751
v 94.545879 11.855462 29.585392
v 102.449517 11.855462 21.681751
v 102.449517 11.855462 -58.342617
v 102.449517 11.855462 -58.342617
v 102.449517 11.855462 -58.342617
v 102.449517 11.855462 21.681751
v 94.545879 11.855462 13.778110
v 102.449517 11.855462 21.681751
v 102.449517 11.855462 21.681751
v 102.449517 11.855462 21.681751
v 102.449517 11.855462 21.681751
v 96.521785 11.855462 -51.426932
v 96.521785 11.855462 -51.426932
v 102.449517 11.855462 21.681751
v 102.449517 11.855462 -58.342617
v 62.931306 11.855462 29.585392
v 47.124023 11.855462 13.778110
v 62.931306 11.855462 29.585392
v 62.931306 11.855462 29.585392
v -91.036377 19.759103 116.525449
v -91.036377 19.759103 116.525449
v -104.572910 19.759103 129.872131
v -104.572910 19.759103 129.872131
v -91.036377 19.759103 116.525449
v -91.036377 19.759103 116.525449
v -2.400187 3.951821 -53.576898
v -16.385526 3.951821 -53.576898
v -2.400187 3.951821 -53.576898
v -2.400187 3.951821 -53.576898
v -16.385526 3.951821 -53.576898
v -16.385526 3.951821 -53.576898
v -16.385526 3.951821 -53.576898
v -16.385526 3.951821 -50.824633
v -16.385526 3.951821 -50.824633
v -16.385526 3.951821 -53.576898
v -62.829170 11.855462 -52.908300
v -62.829170 11.855462 -52.908300
v -62.829170 11.855462 -62.354128
v -91.036377 11.855462 61.199960
v -107.068506 11.855462 45.392677
v -91.036377 11.855462 61.199960
v -91.036377 11.855462 61.199960
v -0.297825 3.951821 -51.426932
v -2.400187 3.951821 -53.576898
v -2.400187 3.951821 -50.824633
v -2.400187 3.951821 -53.576898
v -0.297825 3.951821 -51.426932
v -0.297825 3.951821 -51.426932
v -0.297825 3.951821 -51.426932
v -0.297825 3.951821 -51.426932
f 12641 12642 12643
f 12642 12641 12644
f 12645 12646 12647
f 12648 12649 12650
f 12651 12652 12653
f 12654 12655 12656
f 12657 12658 12659
f 12658 12657 12660
f 12661 12662 12663
f 12662 12661 12664
f 12665 12666 12667
f 12666 12665 12668
f 12669 12670 12671
f 12670 12669 12672
f 12673 12674 12675
f 12674 12673 12666
f 12666 12673 12667
f 12676 12677 12678
f 12677 12676 12679
f 12679 12676 12680
f 12681 12682 12683
f 12682 12681 12684
f 12685 12686 12687
f 12686 12685 12688
f 12688 12685 12689
f 12689 12690 12691
f 12690 12689 12692
f 12692 12689 12685
f 12693 12694 12695
f 12694 12693 17726
f 17727 12693 17728
f 12696 12697 12698
f 12697 12696 12699
f 12697 12699 12700
f 12697 12700 12701
f 12702 12703 12704
f 12703 12702 12705
f 12706 12707 12708
f 12707 12706 12709
f 12709 12706 12710
f 12710 12711 12712
f 12711 12710 12713
f 12713 12710 12706
f 12713 12706 12714
f 12713 12714 12715
f 12716 12717 12718
f 12717 12719 12720
f 12719 12717 12721
f 12721 12717 12716
f 12721 12716 12722
f 12721 12722 12723
f 12723 12722 12724
f 12724 12722 12725
f 12726 12727 12728
f 12727 12726 12729
f 12729 12726 12730
f 12731 12732 12733
f 12732 12731 12734
f 12732 12734 12735
f 12732 12736 12733
f 12736 12732 12737
f 12738 12739 12740
f 12739 12738 12741
f 12741 12738 12742
f 12742 12738 12743
f 12743 12738 12744
f 12744 12738 12745
f 12746 12747 12748
f 12747 12746 12749
f 12750 12751 12752
f 12751 12750 12753
f 12751 12754 12755
f 12754 12751 12753
f 12756 12757 12758
f 12757 12756 12759
f 12758 12757 12760
f 12757 12759 12761
f 12757 12762 12760
f 12762 12757 12763
f 12764 12765 12766
f 12765 12764 12767
f 12768 12769 12770
f 12769 12768 12771
f 12770 12772 12773
f 12772 12770 12769
f 12774 12775 12776
f 12775 12774 12777
f 12778 12779 17729
f 12779 12778 17730
f 17731 12778 17732
f 17733 17734 17735
f 12780 12703 12705
f 12703 12780 12781
f 12782 12783 12784
f 12783 12782 12785
f 12786 12787 12788
f 12787 12786 12789
f 12790 12791 12792
f 12793 12794 12795
f 12794 12793 12796
f 12796 12793 12791
f 12796 12791 12790
f 12797 12798 12799
f 12798 12797 12800
f 12800 12797 12801
f 12727 12802 12803
f 12802 12727 12729
f 12804 12805 12806
f 12805 12804 12807
f 12808 12750 12752
f 12750 12808 12809
f 12810 12811 12812
f 12811 12810 12813
f 12813 12810 12814
f 12815 12816 12817
f 12816 12815 12818
f 12819 12820 12821
f 12820 12819 12822
f 12822 12819 12823
f 12823 12819 12824
f 12825 12826 12827
f 12826 12825 12828
f 12829 12813 12814
f 12813 12829 12830
f 12831 12832 12833
f 12832 12831 12788
f 12788 12831 12786
f 17736 17737 17738
f 17739 17740 17741
f 12815 12766 12818
f 12766 12815 12764
f 12834 12835 12836
f 12835 12834 12837
f 12835 12837 12838
f 12835 12838 12839
f 12835 12839 12840
f 12841 12836 12835
f 12836 12841 12842
f 12842 12841 12843
f 12804 12844 12807
f 12844 12804 12845
f 12845 12804 12846
f 12846 12804 12847
f 12847 12804 12848
f 12849 12702 12704
f 12702 12849 12850
f 12702 12850 12851
f 12702 12851 12852
f 12851 12850 12853
f 12853 12850 12854
f 12854 12850 12855
f 12853 12854 12856
f 12851 12853 12857
f 12852 12851 12858
f 12858 12851 12859
f 12852 12858 12860
f 17742 12861 12862
f 12861 17743 17744
f 12863 12864 12865
f 12864 12863 12866
f 12867 12868 12869
f 12868 12867 12870
f 12871 12775 12777
f 12775 12871 12872
f 12800 12873 12874
f 12873 12800 12801
f 12875 12829 12876
f 12829 12875 12830
f 12830 12875 12877
f 17745 12878 12879
f 12878 17746 12880
f 12880 17747 12881
f 12881 17748 12882
f 12882 17749 17750
f 17751 17752 17753
f 17754 12733 17755
f 12733 17756 12731
f 12883 12884 12885
f 12884 12883 12886
f 12886 12883 12887
f 12887 12883 12888
f 12888 12883 12889
f 12889 12883 12890
f 12890 12883 12891
f 12892 12774 12776
f 12893 12894 17757
f 12894 12893 12895
f 12896 12897 12898
f 12897 12896 12899
f 12674 17758 17759
f 17760 12674 12701
f 17761 12900 17762
f 12900 17763 12901
f 12901 12902 12903
f 12902 12901 12904
f 12904 12901 12905
f 12905 12901 17764
f 12883 12906 12891
f 12906 12883 12907
f 12907 12883 12908
f 12907 12908 12909
f 12907 12909 12910
f 12911 17765 12912
f 17766 12911 17767
f 12913 17768 17769
f 17770 12913 12914
f 12915 12916 12917
f 12916 12915 12918
f 12919 12920 12921
f 12920 12919 12922
f 12923 12924 12925
f 12924 12923 12926
f 12927 12666 12668
f 12666 12927 12674
f 12674 12927 12701
f 12701 12927 12928
f 12726 12929 12730
f 12929 12726 12930
f 12929 12930 12931
f 12931 12930 12812
f 12931 12812 12932
f 12932 12812 12811
f 12933 12730 12929
f 12745 12934 12744
f 12934 12745 12935
f 12936 12937 12938
f 12937 12936 12939
f 12939 12936 12940
f 12939 12940 12941
f 12941 12940 17771
f 17772 12940 17773
f 12942 12943 12944
f 12943 12942 12945
f 12946 12947 12948
f 12947 12946 12949
f 12947 12949 12950
f 12947 12951 12948
f 12951 12947 12952
f 12953 12954 12955
f 12954 12953 12956
f 12956 12953 12957
f 12958 12959 12960
f 12959 12958 12961
f 12962 12963 12964
f 12963 12962 12965
f 12965 12962 12966
f 12967 12963 12965
f 12963 12967 12968
f 12968 12967 12969
f 12970 12875 12876
f 12875 12970 12971
f 12971 12970 12972
f 12966 17774 12965
f 17775 12966 17776
f 17777 12905 17778
f 12905 17779 17780
f 17781 17782 17783
f 17784 17785 12965
f 12973 12974 12975
f 12974 12973 12976
f 12976 12973 12977
f 12978 12979 12980
f 12979 12978 12981
f 12980 12979 12982
f 12982 12979 12983
f 12982 12983 12984
f 12980 12982 12977
f 12980 12977 12973
f 12985 12981 12986
f 12981 12985 12975
f 12986 12981 12978
f 12981 12975 12987
f 12987 12975 12974
f 12988 12989 12990
f 12989 12988 12991
f 12991 12988 12992
f 12993 12994 12995
f 12994 12993 12996
f 17786 12997 17787
f 12997 17788 12998
f 17789 12978 12980
f 12978 17790 17791
f 12962 12999 13000
f 12999 12962 13001
f 13001 12962 12964
f 17792 12677 12679
f 12677 17793 17794
f 17795 17796 17797
f 17798 17799 13002
f 13003 13004 13005
f 13004 13003 12672
f 12672 13003 12670
f 13006 13007 13008
f 13007 13006 13009
f 13009 13006 13010
f 13010 13006 13011
f 17800 12773 12772
f 12773 17801 17802
f 13012 12882 13013
f 12882 13012 12881
f 12881 13012 12880
f 13014 13015 17803
f 13015 13014 13016
f 13016 13014 13017
f 13016 13017 13018
f 13016 13018 13019
f 13016 13019 13020
f 13016 13020 13021
f 13016 13021 13022
f 13005 13023 12999
f 13023 13005 13004
f 13023 13004 13024
f 12999 13025 13000
f 13025 12999 13023
f 13000 13025 13026
f 13027 13028 13029
f 13028 13027 13030
f 13030 13027 17804
f 17805 13027 17806
f 13028 12842 12843
f 12842 13028 13030
f 12998 13031 12997
f 12695 13032 12693
f 13032 12695 13033
f 13033 12695 13034
f 13033 13034 13035
f 13035 13034 13036
f 13036 13034 13037
f 13037 13034 13038
f 12693 13039 13040
f 13039 12693 13041
f 13041 12693 13032
f 13040 13039 13038
f 13040 13038 13034
f 13042 13032 13033
f 12994 13043 13044
f 13043 12994 12996
f 13045 13046 13047
f 13046 13045 13048
f 13049 13050 13051
f 13050 13049 13052
f 13052 13049 17807
f 13053 13054 13055
f 13054 13053 13056
f 12944 12794 12796
f 12794 12944 12943
f 17808 13013 17809
f 13013 17810 13057
f 13013 13057 13012
f 13058 12927 13059
f 12927 13058 12928
f 12928 13058 17811
f 17812 13058 13060
f 13061 13062 13063
f 13062 13061 13064
f 13065 13066 13067
f 13066 13065 13068
f 12906 13069 13070
f 13069 12906 12907
f 13071 13072 13073
f 13072 13071 13074
f 17813 13006 13008
f 13006 17814 17815
f 13075 13076 13077
f 13076 13075 13078
f 13078 13075 13079
f 13078 13079 13080
f 17816 13081 17817
f 13081 17818 13082
f 13083 17819 17820
f 17821 13083 17822
f 17823 13083 17824
f 17825 13083 12960
f 12960 13083 12958
f 13084 13085 13086
f 13085 13084 13087
f 13087 13084 13088
f 13089 13090 13091
f 13090 13089 13092
f 13092 13089 13093
f 13093 13089 13094
f 13094 13089 13095
f 13096 13097 13098
f 13097 13096 13099
f 13100 13101 13102
f 13101 13100 13103
f 13059 13104 13105
f 13104 13059 13106
f 13106 13059 12927
f 13107 13104 13106
f 13108 13104 13109
f 13104 13108 13105
f 17826 12911 12912
f 12911 17827 17828
f 17829 12824 17830
f 12824 17831 12823
f 12823 17832 13110
f 12946 17833 17834
f 17835 12946 12948
f 17836 13111 17837
f 13111 17838 13112
f 13112 17839 13113
f 13114 13115 13116
f 13115 13114 13117
f 17840 13118 12921
f 13118 17841 17842
f 13118 17843 13119
f 13119 17844 13120
f 13121 13122 13123
f 13122 13121 13124
f 13124 13121 13125
f 12921 13126 12919
f 13126 12921 13118
f 13126 13118 13123
f 13126 13123 13122
f 12919 13126 13127
f 13128 13129 13130
f 13129 13128 13131
f 13131 13128 13132
f 12928 12697 12701
f 12697 12928 17845
f 13133 13134 13135
f 13134 13133 13136
f 13136 13133 13137
f 17846 13138 17847
f 13138 17848 13139
f 13101 13140 13102
f 13140 13101 13141
f 13141 13101 13142
f 13141 13142 13143
f 13141 13143 13144
f 13145 13146 13147
f 13146 13145 13148
f 13149 13150 13151
f 13150 13149 13152
f 13153 13154 13155
f 13154 13153 13156
f 13090 17849 17850
f 17851 13090 13092
f 13157 13103 13100
f 13103 13157 13158
f 13159 13160 13161
f 13160 13159 13162
f 13163 17852 13164
f 17853 13163 13165
f 13130 13166 13167
f 13166 13130 13131
f 13131 13130 13129
f 17854 13168 17855
f 13168 17856 13169
f 13152 13170 13150
f 13170 13152 13171
f 13172 13149 13151
f 13149 13172 13173
f 13173 13172 13174
f 13093 17857 17858
f 17859 13093 13094
f 13082 13175 13081
f 13175 13082 13176
f 13176 13082 12884
f 12884 13082 12885
f 13168 13177 13178
f 13177 13168 13169
f 17860 17861 17862
f 17863 17864 17865
f 13179 17866 17867
f 17868 13179 13180
f 17869 13180 17870
f 13181 13182 13183
f 13182 13181 13184
f 13085 13185 13086
f 13185 13085 13186
f 13186 13085 13087
f 17871 13096 17872
f 13096 17873 13099
f 13187 13188 13189
f 13188 13187 13190
f 13187 13191 13192
f 13191 13187 13189
f 13193 13194 13195
f 13194 13193 13196
f 13197 13198 13199
f 13198 13197 13200
f 13200 13197 13201
f 13202 13203 13204
f 13203 13202 13205
f 13206 13207 13208
f 13207 13206 13209
f 13210 13211 13212
f 13211 13210 13213
f 13214 13215 13216
f 13215 13214 13217
f 13214 17874 17875
f 17876 13214 13213
f 13218 13219 13220
f 13219 13218 13221
f 13222 13223 13224
f 13223 13222 13225
f 13226 13227 13228
f 13227 13226 13229
f 13230 13231 13232
f 13231 13230 13233
f 13233 13230 17877
f 17878 13230 17879
f 13234 13235 13236
f 13235 13234 13237
f 13237 13234 13238
f 13237 13238 13239
f 13240 13241 13242
f 13241 13240 13243
f 17880 13244 17881
f 13244 17882 13245
f 13246 13247 13248
f 13247 13246 13249
f 17883 17884 13248
f 17885 17886 17887
f 17888 17889 13250
f 13251 13252 13253
f 13254 13255 13256
f 13255 13254 13257
f 13257 13254 13258
f 13257 13258 13252
f 13257 13252 13251
f 17890 17891 17892
f 17893 17894 17895
f 13259 13260 13261
f 13260 13259 13262
f 13194 13263 13195
f 13263 13194 13264
f 12825 13265 13266
f 13265 12825 13267
f 13267 12825 13268
f 13268 12825 13269
f 13269 12825 13270
f 13270 12825 13271
f 13271 12825 12827
f 13272 17896 13273
f 17897 13272 17898
f 17899 13052 17900
f 13052 17901 13274
f 13275 17902 13276
f 17903 13275 17904
f 13277 13278 13279
f 13278 13277 13280
f 13278 13280 13281
f 13280 13277 13282
f 13282 13277 13283
f 13284 13285 13286
f 13285 13284 17905
f 17906 13284 13287
f 17907 13287 17908
f 17909 13287 13283
f 17910 13283 13277
f 13288 13281 13280
f 13289 13290 13291
f 13290 13289 13292
f 13291 13293 13294
f 13293 13291 13290
f 13295 13296 13297
f 13296 13295 13298
f 17911 13295 13297
f 13295 17912 13299
f 13299 17913 13300
f 13300 17914 13301
f 13301 17915 13302
f 13302 17916 17917
f 17918 13237 13239
f 13237 17919 17920
f 12784 13303 13304
f 13303 12784 12783
f 13305 17921 13306
f 17922 13305 17923
f 13307 13308 13309
f 13308 13307 13310
f 13311 13259 13261
f 13259 13311 13312
f 17924 13313 17925
f 13313 17926 13314
f 17927 13310 13307
f 13310 17928 17929
f 17930 13200 13201
f 13200 17931 17932
f 13208 17933 17934
f 17935 13208 13207
f 12746 13315 13316
f 13315 12746 12748
f 13317 13318 13319
f 13318 13317 13320
f 13321 13322 13323
f 13322 13321 13324
f 13325 13277 13279
f 13277 13325 13326
f 13326 13325 13327
f 13327 13325 13328
f 13328 13325 13329
f 13328 13329 13330
f 13331 12687 13332
f 12687 13331 12685
f 13333 13334 13335
f 13334 13333 13336
f 13337 13338 13339
f 13338 13337 13340
f 13340 13337 13341
f 13342 13343 13344
f 13343 13342 13345
f 17936 13292 13289
f 13292 17937 17938
f 12778 17939 17940
f 17941 12778 17942
f 13346 12797 12799
f 12797 13346 13347
f 17943 13348 17944
f 13348 17945 17946
f 17947 17948 17949
f 13349 13350 13351
f 13350 13349 13352
f 13353 13354 13355
f 17950 13354 13353
f 13354 17951 17952
f 17953 13356 17954
f 13356 17955 12920
f 13356 12920 13357
f 13357 12920 13358
f 13358 12920 12922
f 13359 17956 13356
f 13114 13360 13361
f 13360 13114 13116
f 17957 13322 17958
f 13322 17959 13323
f 13057 17960 13362
f 17961 13057 17962
f 13363 17963 13364
f 17964 13363 17965
f 17966 13363 13365
f 13366 17967 13367
f 17968 13366 17969
f 13060 13368 17970
f 13368 13060 13369
f 13370 17971 13371
f 17972 13370 17973
f 17974 17975 17976
f 17977 17978 17979
f 13342 13372 13345
f 13372 13342 13373
f 13374 13205 13202
f 13205 13374 13375
f 13376 12816 13377
f 12816 13376 12817
f 13264 17980 13263
f 17981 13264 17982
f 13204 17983 17984
f 17985 13204 13203
f 12915 13335 12918
f 13335 12915 13333
f 17986 13343 17987
f 13343 17988 13344
f 17989 13378 13379
f 13380 17990 17991
f 17992 13380 13226
f 17993 13226 13381
f 13226 13380 13382
f 13382 13380 13383
f 13383 13380 13384
f 13384 13380 13385
f 13385 13380 13386
f 13385 13386 17994
f 17995 13386 13378
f 17996 13378 17997
f 17998 17999 18000
f 18001 18002 18003
f 13228 13381 13226
f 13387 18004 13381
f 13388 13389 13390
f 13389 13388 13054
f 13054 13388 13055
f 12862 13391 13392
f 13393 12861 13394
f 12861 13393 13395
f 13395 13393 13396
f 13395 13396 13397
f 12861 13395 13391
f 12861 13391 12862
f 13398 18005 13399
f 18006 13398 18007
f 18008 13398 18009
f 13400 13401 13402
f 13309 13400 13403
f 13404 13209 13206
f 13209 13404 13405
f 13209 13405 13406
f 13209 13406 13308
f 13406 13405 13407
f 13308 13406 13401
f 13308 13401 13400
f 13308 13400 13309
f 13408 18010 13409
f 18011 13408 18012
f 13365 13410 18013
f 13410 13365 13411
f 13412 18014 13413
f 18015 13412 18016
f 13366 13414 18017
f 13414 13366 13415
f 12828 13416 12826
f 13416 12828 13417
f 13417 12828 18018
f 18019 12828 18020
f 18021 12828 13418
f 13419 13420 13421
f 13420 13419 13422
f 12953 13423 13424
f 13425 13111 13112
f 13111 13425 13426
f 13426 13425 13427
f 13426 13427 13428
f 13428 13427 13429
f 13429 13427 13423
f 13429 13423 13430
f 13430 13423 13431
f 13431 13423 13432
f 13432 13423 13433
f 13433 13423 12955
f 12955 13423 12953
f 13434 13428 13429
f 13435 13111 13426
f 13436 13226 13382
f 13226 13436 18022
f 18023 13383 13437
f 13383 18024 13382
f 13438 13397 13439
f 13397 13438 13395
f 13391 13440 13392
f 13440 13391 13441
f 13391 18025 18026
f 18027 13391 13395
f 13222 18028 18029
f 18030 13222 13219
f 13442 13443 13444
f 13443 13442 13445
f 18031 13446 18032
f 13446 18033 13447
f 13447 18034 13448
f 13448 18035 13449
f 13450 13451 13452
f 13451 13450 13453
f 12969 13454 12968
f 13454 12969 13455
f 13455 12969 13456
f 13456 12969 13420
f 13420 13457 13421
f 13457 13420 18036
f 18037 13420 18038
f 18039 13420 12969
f 13458 18040 18041
f 18042 13458 13459
f 13458 18043 18044
f 18045 13458 18046
f 18047 13460 18048
f 13460 13461 13462
f 13461 13460 18049
f 13185 13463 13464
f 13463 13185 13186
f 13464 13463 13166
f 13463 13186 13465
f 13166 13466 13167
f 13466 13166 13463
f 13167 13466 13467
f 13401 13468 13402
f 13468 13401 13469
f 13401 13470 18050
f 13470 13401 13406
f 18051 13407 13471
f 13407 18052 13406
f 12889 12887 12888
f 12902 13472 12903
f 18053 18054 18055
f 13330 18056 13328
f 18057 13327 13328
f 13327 18058 18059
f 18060 18061 18062
f 13253 13252 18063
f 13252 18064 18065
f 18066 13252 13258
f 13473 13474 13475
f 13474 13473 13476
f 13476 13473 13477
f 13476 13477 13478
f 13476 13478 13472
f 13476 13472 13479
f 13479 13472 12904
f 12904 13472 12902
f 13453 13480 18067
f 13480 13453 13481
f 18068 18069 13482
f 12886 13176 12884
f 13483 13448 13449
f 13448 13483 13484
f 13485 13449 13486
f 13449 13485 13483
f 18070 13487 13488
f 13487 18071 18072
f 13489 13487 13490
f 13487 13489 13488
f 12988 13491 12992
f 13491 12988 13492
f 13491 18073 18074
f 18075 13491 13492
f 13331 13493 13494
f 13493 13331 13495
f 13495 13331 13496
f 13496 13331 13332
f 13497 13334 13336
f 13334 13497 13498
f 13498 13497 13499
f 13498 13499 13500
f 13499 13501 13500
f 13501 13499 13502
f 13497 13502 13499
f 13502 13497 13503
f 13504 13505 13506
f 13505 13504 13507
f 13507 13504 13508
f 13509 13510 13511
f 13510 13509 13512
f 13512 13509 13513
f 13514 13515 13516
f 13515 13514 13517
f 13517 13514 13518
f 13519 13520 13521
f 13520 13519 13522
f 13522 13519 13523
f 13524 12808 13525
f 12808 13524 12809
f 13526 13527 13528
f 13527 13526 13529
f 13514 13530 13531
f 13530 13514 13516
f 13532 13530 13533
f 13530 13532 13531
f 13531 13532 13534
f 13527 13535 13536
f 13535 13527 13537
f 13537 13527 13538
f 13538 13527 13529
f 13352 13539 13540
f 13539 13352 13349
f 13539 13541 13540
f 13541 13539 13542
f 13542 13539 13543
f 13544 13545 13546
f 13545 13544 13547
f 13547 13544 13548
f 13548 13544 13549
f 13550 13495 13551
f 13495 13550 13493
f 13542 13552 13553
f 13552 13542 13543
f 13554 13493 13550
f 13493 13554 13494
f 13243 13555 13241
f 13555 13243 13556
f 13556 13243 13557
f 13558 13544 13559
f 13544 13558 13549
f 13240 13560 13561
f 13560 13240 13562
f 13562 13240 13242
f 13563 13564 13565
f 13564 13563 13566
f 13567 18076 13568
f 18077 13567 18078
f 13569 18079 13570
f 18080 13569 18081
f 18082 13571 18083
f 13571 18084 13572
f 13572 18085 13573
f 18086 13572 13573
f 13572 18087 18088
f 13574 18089 18090
f 18091 13574 13575
f 13576 13577 13578
f 13577 13576 13579
f 13556 13580 13581
f 13580 13556 13557
f 12749 12682 12747
f 12682 12749 12683
f 13582 13583 13584
f 13583 13582 13585
f 13586 13583 13587
f 13583 13586 13584
f 13588 18092 13589
f 18093 13588 18094
f 18095 13588 13590
f 18096 13591 13592
f 13591 18097 18098
f 13593 13594 13595
f 13594 13593 18099
f 18100 13593 18101
f 18102 18103 18104
f 18105 18106 13596
f 13593 13597 18107
f 13597 13593 13595
f 18108 13598 13599
f 13598 18109 18110
f 13600 13579 13576
f 13579 13600 13601
f 13602 13603 13604
f 13603 13602 13605
f 18111 18112 18113
f 18114 18115 18116
f 13606 13568 13607
f 13568 13606 13567
f 13608 13607 18117
f 13607 13608 13606
f 18118 18119 13609
f 18120 18121 18122
f 13610 13159 13161
f 13159 13610 13611
f 13170 13612 13613
f 13612 13170 13171
f 13614 18123 13615
f 18124 13614 13616
f 13617 12983 12979
f 12983 13617 18125
f 13618 13520 13522
f 13520 13618 13619
f 18126 13062 18127
f 13062 18128 13063
f 18129 13074 13071
f 13074 18130 18131
f 13620 18132 18133
f 18134 13620 13621
f 13621 13275 13276
f 13275 13621 13622
f 13622 13621 13620
f 13623 13585 13582
f 13585 13623 13624
f 13578 18135 18136
f 18137 13578 13625
f 13625 13578 13577
f 18138 13626 18139
f 13626 18140 18141
f 13061 12923 13064
f 12923 13061 12926
f 18142 18143 18144
f 18145 18146 13627
f 18147 13628 13629
f 13628 18148 13630
f 13630 18149 13631
f 13630 13631 13632
f 13633 18150 13634
f 18151 13633 18152
f 13634 18153 13635
f 18154 13634 18155
f 18156 13636 18157
f 13636 18158 18159
f 18160 18161 13637
f 18162 18163 18164
f 18165 13638 18166
f 13638 18167 13639
f 18168 13640 18169
f 13640 18170 18171
f 18172 18173 18174
f 18175 18176 13641
f 18177 18178 18179
f 18180 18181 18182
f 13642 13643 13644
f 13643 13642 13645
f 18183 13646 18184
f 13646 18185 13647
f 12689 13648 13649
f 13648 12689 12691
f 18186 13650 18187
f 13650 18188 13651
f 13651 18189 13652
f 12689 13653 12688
f 13653 12689 18190
f 13654 18191 13655
f 18192 13654 18193
f 18194 13656 18195
f 13656 18196 13657
f 18197 18198 18199
f 18200 18201 18202
f 18203 13658 18204
f 13658 18205 18206
f 18207 18208 13659
f 18209 18210 18211
f 12987 13660 12981
f 13660 12987 13661
f 18212 18213 18214
f 18215 18216 18217
f 13509 13505 13507
f 13505 13509 13511
f 13072 13662 13073
f 13073 18218 18219
f 18220 13073 13662
f 18221 18222 18223
f 18224 18225 18226
f 18227 18228 18229
f 18230 18231 18232
f 13663 12688 18233
f 12688 13663 12686
f 12681 13664 12684
f 13664 12681 13665
f 13666 13222 13224
f 18234 13214 13216
f 18235 13667 18236
f 13667 18237 13220
f 13667 13220 13668
f 13668 13220 13669
f 13669 13220 13219
f 13669 13219 18238
f 18239 13219 13222
f 18240 13222 13213
f 13213 13222 13666
f 13213 13666 13211
f 18241 13213 13214
f 18242 13214 18243
f 13670 18244 13667
f 18245 13671 18246
f 13671 18247 13672
f 13673 13674 13675
f 13676 13677 13678
f 13679 13680 13681
f 13680 13679 18248
f 18249 13679 18250
f 18251 13677 18252
f 13677 18253 18254
f 13678 18255 13677
f 18256 13678 18257
f 18258 18259 18260
f 18261 18262 18263
f 18264 18265 18266
f 18267 18268 18269
f 13682 13683 13684
f 13683 13682 13685
f 13685 13682 13686
f 18270 13687 18271
f 13687 18272 13688
f 13688 18273 13689
f 13689 18274 13690
f 13690 18275 13691
f 13691 18276 13682
f 13682 18277 13692
f 13692 18278 13693
f 13694 13695 13696
f 13695 13694 18279
f 13695 18280 13697
f 13697 18281 18282
f 18283 18284 18285
f 18286 18287 18288
f 18289 18290 13698
f 18291 13698 18292
f 18293 18294 18295
f 13698 18296 18297
f 18298 18299 18300
f 13698 18301 18302
f 13698 18303 13699
f 18304 13698 13693
f 18305 13693 18306
f 13686 13699 18307
f 13699 13686 13692
f 13692 13686 13682
f 13683 13700 13701
f 13700 13683 13685
f 18308 18309 18310
f 18311 18312 18313
f 13702 18314 18315
f 18316 13702 13703
f 18317 13704 13705
f 13704 18318 18319
f 13705 13703 13702
f 13703 13705 13704
f 13182 13706 13707
f 13706 13182 13708
f 13708 13182 13709
f 13710 13197 13199
f 13197 13710 13711
f 13197 13711 13709
f 13711 13710 13712
f 13709 13711 13708
f 13713 12839 13714
f 12839 13713 12840
f 13117 18320 13115
f 18321 13117 18322
f 18323 13117 13715
f 13715 13117 13716
f 18324 13717 18325
f 13717 18326 13718
f 13718 18327 18328
f 13718 18329 18330
f 13718 18331 13715
f 18332 13040 13034
f 13040 18333 18334
f 18335 18336 18337
f 18338 18339 18340
f 13716 13718 13715
f 13718 13716 13719
f 18341 13718 13719
f 13718 18342 18343
f 13714 12837 13720
f 12837 13714 12838
f 12838 13714 12839
f 13721 13722 13723
f 13722 13721 13724
f 13721 13725 13724
f 13725 13721 13726
f 18344 13727 13728
f 13727 18345 18346
f 13729 13730 13731
f 13730 13729 13732
f 13733 13734 13735
f 13734 13733 13736
f 13737 13738 13739
f 13738 13737 13740
f 13741 13742 13743
f 13742 13741 13744
f 13745 13746 13747
f 13746 13745 13748
f 13749 13738 13740
f 13738 13749 13750
f 18347 13751 18348
f 13751 18349 13752
f 13753 13754 13755
f 13754 13753 13756
f 13757 13758 13759
f 13758 13757 13760
f 18350 13761 18351
f 13761 18352 13762
f 13762 18353 13763
f 13764 13765 13766
f 13765 13764 13767
f 13768 18354 13769
f 18355 13768 18356
f 13770 13771 13772
f 13771 13770 13773
f 13774 13741 13743
f 13741 13774 13775
f 18357 18358 18359
f 18360 18361 18362
f 13776 13777 13778
f 13777 13776 13779
f 13779 13776 18363
f 13779 18364 18365
f 13779 18366 13780
f 13781 18367 18368
f 18369 13781 13782
f 13764 13783 13767
f 13783 13764 13784
f 13785 13774 13786
f 13774 13785 13775
f 13787 18370 13788
f 18371 13787 18372
f 18373 13758 18374
f 13758 18375 13759
f 13789 13734 13790
f 13734 13789 13735
f 13735 13789 13746
f 13746 13789 13747
f 13747 13789 13791
f 13776 13782 13781
f 13782 13776 13778
f 18376 13742 13744
f 13742 18377 18378
f 18379 18380 18381
f 18382 18383 18384
f 18385 18386 18387
f 18388 18389 13792
f 13792 18390 13793
f 13793 18391 13755
f 18392 13794 13795
f 13794 18393 18394
f 13796 13797 13798
f 13797 13796 13799
f 13800 13801 13802
f 13801 13800 13803
f 13801 13804 13805
f 13804 13801 13803
f 13806 13807 13808
f 13807 13806 13809
f 13809 13806 13810
f 13811 13812 13813
f 13812 13811 13814
f 13815 18395 18396
f 18397 13815 13816
f 13807 13817 13808
f 13817 13807 13818
f 13819 13820 13821
f 13820 13819 13822
f 13823 13824 13825
f 13824 13823 13826
f 13827 13828 13829
f 13828 13827 13830
f 13830 13827 13831
f 18398 13811 13813
f 13811 18399 13832
f 13832 18400 18401
f 13833 18402 13834
f 18403 13833 18404
f 13835 13836 13837
f 13836 13835 13838
f 13820 13839 13821
f 13839 13820 13840
f 13797 13805 13804
f 13805 13797 13799
f 13841 13810 13806
f 13810 13841 13842
f 13842 13841 13843
f 13842 13843 13844
f 13843 13841 13845
f 13846 13847 13848
f 13847 13846 13849
f 13850 13851 13852
f 13851 13850 13853
f 13852 13851 13854
f 13851 13853 13855
f 13855 13853 13856
f 13856 13729 13857
f 13729 13856 13853
f 13729 13853 13732
f 13858 13854 13851
f 18405 13709 13182
f 13859 13860 13861
f 13860 13859 13862
f 13863 13864 13865
f 13864 13863 13866
f 13864 13866 13867
f 13868 13869 13870
f 13869 13868 13871
f 13872 13873 13874
f 13873 13872 13875
f 13869 13876 13877
f 13876 13869 13878
f 13878 13869 13871
f 13878 13871 13879
f 13878 13880 13881
f 13880 13878 13879
f 13872 18406 18407
f 18408 13872 13874
f 13882 13883 13884
f 13883 13882 13885
f 13886 13887 13888
f 13887 13886 13889
f 13866 18409 18410
f 18411 13866 13863
f 13890 13891 13892
f 13891 13890 13893
f 13867 13894 13864
f 13894 13867 13895
f 13895 13867 13896
f 13897 13890 13892
f 13890 13897 13898
f 13893 13899 13900
f 13899 13893 13901
f 13901 13893 13890
f 13901 13890 13898
f 13895 13902 13903
f 13902 13895 13896
f 13904 13905 13906
f 13905 13904 13907
f 13907 13904 13908
f 13907 13908 13909
f 13910 13908 13904
f 13908 13910 13909
f 13909 13910 13907
f 13907 13910 13911
f 13912 18412 13913
f 18413 13912 18414
f 18415 13912 18416
f 18417 18418 18419
f 13914 13915 13916
f 13915 13914 13917
f 13918 13919 13920
f 13919 13918 13921
f 13922 13923 13924
f 13923 13922 13925
f 13926 13927 13928
f 13927 13926 13929
f 13930 13917 13914
f 13917 13930 13931
f 13932 13933 13934
f 13933 13932 13935
f 13923 13936 13924
f 13936 13923 13937
f 13928 13938 13939
f 13938 13928 13927
f 13940 13941 13942
f 13941 13940 13943
f 13944 13945 13946
f 13945 13944 13947
f 13948 13949 13950
f 13949 13948 13951
f 13952 13953 13954
f 13953 13952 13955
f 13956 13957 13958
f 13957 13956 13932
f 13932 13956 13935
f 13918 18420 18421
f 18422 13918 13955
f 13942 13951 13948
f 13951 13942 13941
f 13936 18423 18424
f 18425 13936 13937
f 13959 13956 13958
f 13956 13959 13960
f 13961 13947 13944
f 13947 13961 18426
f 18427 13961 18428
f 13916 13962 13963
f 13962 13916 13915
f 13964 13938 13965
f 13938 13964 13939
f 18429 13884 13883
f 13884 18430 18431
f 13966 13967 13968
f 13969 13970 18432
f 13970 13969 13971
f 18433 13970 18434
f 18435 13970 18436
f 18437 13970 18438
f 18439 13970 18440
f 13972 18441 13970
f 13973 13918 13920
f 13946 13973 13974
f 13975 13931 13930
f 13931 13975 13976
f 13931 13976 13955
f 13931 13955 13945
f 13955 13976 13953
f 13945 13955 13918
f 13945 13918 13973
f 13945 13973 13946
f 13977 13929 13926
f 13929 13977 13978
f 13979 13762 13763
f 13762 13979 13980
f 18442 18443 18444
f 18445 18446 13981
f 13981 18447 18448
f 13982 13983 18449
f 13983 13982 13984
f 13984 13982 13985
f 13986 13987 13988
f 13987 13986 13989
f 13989 13986 13990
f 13989 13990 13490
f 13989 13490 13982
f 18450 13991 18451
f 13991 18452 13992
f 13991 13992 13231
f 13231 13992 13985
f 13231 13985 13982
f 13231 13982 13490
f 13231 13490 13462
f 13231 13462 13232
f 18453 13650 18454
f 13650 18455 18456
f 18457 18458 13983
f 13993 13490 13990
f 13490 13993 13489
f 13994 13995 13996
f 13995 13994 13997
f 13998 13997 13994
f 13997 13998 13999
f 14000 14001 14002
f 14001 14000 14003
f 14004 14000 14005
f 14000 14004 14003
f 14006 14005 14007
f 14005 14006 14004
f 18459 18460 18461
f 18462 18463 18464
f 14008 14009 14010
f 14009 14008 14011
f 14012 14010 14013
f 14010 14012 14008
f 14014 14015 14016
f 14015 14014 14017
f 14018 18465 14019
f 18466 14018 18467
f 18468 14020 14017
f 14020 18469 14021
f 14022 14023 14024
f 14023 14022 14025
f 14026 14024 14027
f 14024 14026 14022
f 14028 14029 14030
f 14029 14028 14031
f 14032 14033 14034
f 14033 14032 14035
f 14036 14037 14038
f 14037 14036 14039
f 14040 14041 14042
f 14041 14040 14043
f 14039 14042 14037
f 14042 14039 14040
f 14035 14044 14033
f 14044 14035 14045
f 14046 14015 14047
f 14015 14046 18470
f 18471 14048 18472
f 14048 18473 14049
f 18474 14034 18475
f 14034 18476 14032
f 18477 14050 18478
f 14050 18479 14051
f 14052 14053 18480
f 14053 14052 14054
f 14054 14052 14055
f 14055 14052 14056
f 14057 14058 14059
f 14058 14057 14060
f 14058 14060 18481
f 14061 14062 14063
f 14062 14061 14064
f 14064 14061 14065
f 14011 14066 14009
f 14066 14011 14067
f 14067 14011 14020
f 14020 14011 14017
f 14017 14011 14015
f 14068 14027 14069
f 14027 14068 14070
f 14027 14070 14047
f 14027 14047 14015
f 14027 14015 14026
f 14026 14015 14011
f 18482 18483 18484
f 18485 18486 18487
f 14071 18488 14072
f 18489 14071 18490
f 14073 18491 14074
f 18492 14073 18493
f 14075 14074 14076
f 14074 14075 14077
f 14074 14077 14073
f 14078 13998 14079
f 13998 14078 13999
f 18494 18495 18496
f 18497 18498 18499
f 14080 14081 14082
f 14081 14080 14083
f 14083 14080 18500
f 14083 18501 14084
f 14084 18502 14085
f 14085 18503 14086
f 14086 18504 14087
f 14082 14088 14089
f 14088 14082 14081
f 14088 14081 14090
f 14089 14088 14091
f 14089 14091 14092
f 14089 14092 14087
f 14089 14087 18505
f 14089 18506 18507
f 14093 14094 14095
f 14094 14093 14096
f 14097 14098 14099
f 14098 14097 14100
f 18508 18509 18510
f 18511 18512 18513
f 14101 14102 14103
f 14102 14101 14104
f 14104 14101 14105
f 14106 14107 14108
f 14107 14106 14109
f 14109 14106 14101
f 14105 14110 14111
f 14110 14105 14112
f 14112 14105 14101
f 14112 14101 14106
f 14112 14106 14113
f 14114 18514 18515
f 18516 14114 14115
f 18517 18518 14116
f 18519 18520 18521
f 14117 18522 18523
f 18524 14117 18525
f 14118 18526 14119
f 18527 14118 14120
f 14120 14118 14121
f 18528 14120 18529
f 18530 14120 18531
f 14120 14121 14122
f 18532 14123 18533
f 14123 18534 14120
f 18535 14123 18536
f 18537 14119 18538
f 14124 14125 14126
f 14125 14124 14127
f 14128 14129 14130
f 14131 14132 14133
f 14132 14131 14129
f 14132 14129 14134
f 14134 14129 14128
f 14132 14134 14135
f 14136 14137 14138
f 14137 14136 14139
f 14140 14141 14142
f 14141 14140 14118
f 14141 14118 14119
f 14143 14144 14145
f 14144 14143 14146
f 14147 14148 14149
f 14148 14147 14150
f 14151 18539 14152
f 18540 14151 14153
f 18541 14154 14155
f 14154 18542 18543
f 14156 14142 14157
f 14142 14156 14140
f 14158 14156 14157
f 14156 14158 14159
f 14160 14161 14162
f 14161 14160 14163
f 14163 14160 14164
f 14164 14160 14165
f 14165 14166 14164
f 14166 14165 14167
f 14135 14168 14132
f 14168 14135 14169
f 14169 14135 14166
f 14169 14166 14167
f 14154 14170 14171
f 14170 14154 18544
f 14171 18545 18546
f 18547 14171 14148
f 14148 14171 14170
f 14148 14170 14149
f 18548 14172 14152
f 14172 18549 18550
f 14173 14174 14175
f 14174 14173 14176
f 14177 14178 14179
f 14178 14177 14180
f 18551 14178 18552
f 14178 18553 14175
f 14181 18554 18555
f 18556 14181 14182
f 14183 14182 14181
f 14182 14183 14184
f 12913 14185 12914
f 14185 12913 14186
f 14186 12913 14174
f 14174 12913 14175
f 14175 12913 14178
f 14178 12913 14187
f 14187 12913 14188
f 14188 12913 14189
f 14190 12916 14191
f 12916 14190 12917
f 12917 14190 14179
f 12917 14179 14178
f 12917 14178 14187
f 12917 14187 14192
f 12917 14192 14193
f 12917 14193 14194
f 14195 18557 14196
f 18558 14195 18559
f 18560 18561 18562
f 18563 18564 14197
f 18565 14198 18566
f 14198 18567 18568
f 18569 14199 18570
f 14199 18571 14200
f 14200 18572 18573
f 14200 18574 14201
f 14201 18575 14202
f 14202 18576 18577
f 18578 18579 18580
f 18581 18582 14199
f 18583 14203 18584
f 14203 18585 14204
f 14205 18586 18587
f 18588 14205 18589
f 18590 18591 14206
f 18592 18593 18594
f 14207 14208 14209
f 14208 14207 14210
f 14208 14211 14212
f 14211 14208 14210
f 14213 14207 14209
f 14207 14213 14214
f 14214 14213 14215
f 18595 18596 14216
f 18597 18598 18599
f 18600 18601 18602
f 14217 14218 14219
f 14218 14217 14220
f 18603 14221 18604
f 14221 18605 14222
f 14223 14224 14225
f 14224 14223 14226
f 14227 14228 14229
f 14228 14227 14230
f 14228 14230 14231
f 14232 14233 14234
f 14233 14232 14235
f 18606 14153 14151
f 14153 18607 14147
f 14147 18608 14150
f 14150 18609 18610
f 18611 14233 14150
f 14233 18612 14236
f 14233 14236 14237
f 14233 14237 14234
f 14221 14238 14239
f 14238 14221 14222
f 18613 14240 18614
f 14240 18615 14241
f 14161 14242 14243
f 14242 14161 14244
f 14244 14161 14245
f 14245 14161 14246
f 14246 14161 14163
f 14247 14245 14246
f 18616 18617 18618
f 18619 18620 18621
f 14248 14249 14250
f 14249 14248 14251
f 18622 14252 14253
f 14252 18623 13481
f 14254 18624 14255
f 18625 14254 14256
f 18626 14256 18627
f 18628 14256 18629
f 18630 14256 14257
f 18631 14255 18632
f 14256 14258 14257
f 14258 14256 14259
f 14259 14256 14260
f 18633 14261 14262
f 14261 18634 14263
f 14263 18635 18636
f 18637 14264 18638
f 14264 18639 14265
f 14265 18640 14266
f 14267 18641 14268
f 18642 14267 18643
f 18644 14267 14269
f 18645 14270 18646
f 14270 18647 14271
f 14271 18648 14272
f 14272 18649 18650
f 14272 18651 14273
f 14273 18652 14274
f 14274 18653 14275
f 14275 18654 14276
f 14276 18655 14277
f 14277 18656 14278
f 18657 18658 14279
f 18659 14278 18660
f 14280 18661 14281
f 18662 14280 18663
f 18664 14280 14282
f 14283 14284 14285
f 14284 14283 14286
f 14287 14280 14281
f 14280 14287 14288
f 14288 14287 14289
f 14290 14291 14292
f 14291 14290 14293
f 14294 14295 14296
f 14295 14294 14297
f 14298 14299 14300
f 14299 14298 14301
f 14302 14303 14304
f 14303 14302 14305
f 14306 18665 14307
f 18666 14306 18667
f 14308 14309 14310
f 14309 14308 14311
f 14312 18668 14313
f 18669 14312 18670
f 14314 18671 14315
f 18672 14314 18673
f 18674 18675 18676
f 18677 18678 18679
f 18680 18681 18682
f 14316 18683 18684
f 18685 14316 14317
f 14317 14316 14318
f 14318 14316 18686
f 14318 18687 18688
f 14318 18689 14319
f 18690 18691 18692
f 18693 18694 18695
f 18696 18697 18698
f 14319 18699 14320
f 14321 14322 14323
f 14322 18700 18701
f 18702 14322 18703
f 18704 14322 18705
f 18706 14322 14321
f 18707 14321 14324
f 14325 14326 14327
f 14326 14325 14328
f 14328 14325 14329
f 14329 14325 14321
f 14329 14321 14323
f 14330 18708 14331
f 18709 14330 18710
f 14332 14333 14334
f 14333 14332 14335
f 14335 14332 14336
f 18711 14337 14338
f 14337 18712 18713
f 14339 14340 14341
f 14340 14339 14342
f 18714 14343 18715
f 14343 18716 18717
f 14343 18718 14344
f 14344 18719 14345
f 18720 14346 14347
f 14346 18721 18722
f 14348 18723 14349
f 18724 14348 18725
f 14317 18726 18727
f 18728 14317 18729
f 18730 14317 18731
f 18732 14317 18733
f 18734 14317 18735
f 18736 14317 18737
f 18738 14317 18739
f 18740 14317 18741
f 14299 14284 14300
f 14291 14299 14292
f 14295 14291 14296
f 14284 14280 14285
f 14280 14284 14282
f 14282 14284 14299
f 14282 14299 14291
f 14282 14291 14295
f 14268 18742 14267
f 18743 14268 18744
f 18745 18746 18747
f 18748 14267 18749
f 18750 14264 14265
f 14264 18751 18752
f 14264 18753 18754
f 18755 18756 18757
f 18758 18759 18760
f 18761 18762 18763
f 18764 18765 14350
f 18766 14351 18767
f 14351 18768 18769
f 18770 18771 18772
f 18773 18774 18775
f 18776 18777 18778
f 18779 18780 14352
f 18781 18782 18783
f 18784 18785 18786
f 14336 14353 14335
f 14353 14336 18787
f 18788 14336 18789
f 14354 14355 14356
f 14355 14354 14357
f 14357 14354 14358
f 14359 14360 14361
f 14360 14359 14334
f 14334 14359 14332
f 14332 14359 14362
f 14362 14359 14363
f 14360 14358 14361
f 14358 14360 14357
f 14364 14365 14366
f 14365 14364 14330
f 14365 14330 14331
f 14337 18790 14338
f 18791 14337 18792
f 14367 13445 13442
f 13445 14367 14368
f 13453 14369 13481
f 14369 13453 14370
f 18793 14371 14372
f 14371 13453 13450
f 13453 14371 14370
f 14370 14371 18794
f 18795 14371 18796
f 18797 18798 18799
f 14373 14368 14367
f 14368 14373 14374
f 14374 14373 14375
f 14374 14375 14369
f 14369 14375 14252
f 14369 14252 13481
f 14376 18800 18801
f 18802 14376 14377
f 13444 14377 14376
f 14377 13444 14378
f 14378 13444 13443
f 13618 14379 13619
f 14379 13618 14380
f 14380 13618 14381
f 14382 14383 14384
f 14383 14382 14385
f 18803 14053 18804
f 14053 18805 18806
f 13079 18807 13080
f 18808 13079 14386
f 18809 14386 14387
f 18810 14387 18811
f 18812 14388 14058
f 14388 18813 18814
f 18815 13075 13077
f 13075 18816 13630
f 14389 14050 14051
f 18817 14048 14049
f 14048 18818 14390
f 14390 18819 18820
f 18821 14391 14392
f 14391 18822 18823
f 18824 14393 14394
f 14393 18825 18826
f 18827 14395 18828
f 14395 18829 18830
f 14396 18831 14397
f 18832 14396 18833
f 18834 18835 18836
f 18837 18838 18839
f 18840 18841 14398
f 18842 18843 18844
f 18845 18846 18847
f 18848 18849 18850
f 18851 14399 18852
f 14399 18853 14400
f 18854 18855 18856
f 18857 18858 18859
f 18860 18861 18862
f 18863 18864 18865
f 14401 18866 18867
f 18868 14080 14401
f 14080 18869 18870
f 18871 14248 14250
f 14248 18872 18873
f 14248 18874 14082
f 14248 14082 14402
f 14082 18875 18876
f 14082 18877 14401
f 14082 14401 14080
f 14402 14082 14089
f 18878 18879 18880
f 18881 18882 18883
f 14120 18884 14123
f 18885 14120 18886
f 18887 14120 14122
f 18888 18889 18890
f 18891 14122 18892
f 18893 14122 18894
f 18895 14122 18896
f 14123 18897 18898
f 18899 14123 18900
f 18901 18902 18903
f 18904 18905 18906
f 18907 18908 18909
f 18910 18911 18912
f 18913 18914 14122
f 18915 14122 18916
f 14065 14106 14064
f 14106 14065 14113
f 14113 14065 18917
f 14113 18918 18919
f 18920 18921 18922
f 18923 18924 18925
f 18926 18927 18928
f 18929 18930 18931
f 18932 18933 18934
f 18935 18936 18937
f 18938 18939 18940
f 18941 18942 18943
f 18944 14403 14404
f 14403 18945 18946
f 18947 18948 18949
f 18950 18951 18952
f 14405 14406 14407
f 14406 14405 14408
f 14409 13164 14410
f 13164 14409 13163
f 14409 14411 14412
f 14411 14409 18953
f 18954 14409 14413
f 14413 14409 14410
f 18955 18956 14413
f 14409 14412 14414
f 13314 18957 13313
f 18958 13314 13250
f 14415 14416 14417
f 14416 14415 14418
f 14418 14415 18959
f 18960 14415 18961
f 18962 18963 14418
f 18964 18965 18966
f 18967 18968 18969
f 18970 18971 18972
f 18973 18974 18975
f 14419 18976 18977
f 18978 14419 14420
f 18979 14421 18980
f 14421 18981 14422
f 14421 14422 14423
f 18982 14421 14424
f 18983 14424 18984
f 14425 14423 14426
f 14423 14425 14427
f 14423 14427 14421
f 14427 14425 14428
f 18985 18986 18987
f 18988 18989 18990
f 13887 18991 18992
f 18993 13887 13889
f 13899 14429 14430
f 14429 13899 13901
f 18994 18995 18996
f 18997 18998 18999
f 13899 14430 14431
f 14432 14433 14434
f 14435 14436 14437
f 14438 13960 13959
f 13960 14438 14439
f 13960 14439 14440
f 14439 14438 14441
f 14440 14439 14433
f 14440 14433 14442
f 14442 14433 14432
f 14440 14442 14436
f 14440 14436 14443
f 14443 14436 14435
f 14443 14435 14444
f 14445 19000 14446
f 19001 14445 19002
f 13829 19003 13827
f 19004 13829 19005
f 19006 13829 14447
f 14447 13829 13828
f 14447 13828 14448
f 19007 14449 19008
f 14449 19009 14450
f 19010 14451 19011
f 14451 19012 19013
f 19014 19015 14452
f 19016 19017 19018
f 19019 14453 19020
f 14453 19021 14454
f 19022 14455 19023
f 14455 19024 19025
f 19026 19027 14456
f 19028 19029 19030
f 14457 14458 14459
f 14458 14457 14460
f 14461 13966 13968
f 13966 14461 14462
f 14462 14461 14463
f 14464 14445 14446
f 14445 14464 14465
f 14465 14464 14466
f 14465 14466 14467
f 14465 14467 19031
f 14465 19032 19033
f 19034 19035 19036
f 19037 14462 14463
f 14462 19038 19039
f 14169 14468 14168
f 14468 14169 19040
f 19041 14169 19042
f 13547 14469 14470
f 14469 13547 13548
f 14471 14472 14473
f 14472 14471 14474
f 19043 14475 14476
f 14475 19044 19045
f 14477 14478 14479
f 14478 14477 14480
f 14481 19046 19047
f 19048 14481 14482
f 14482 14481 14483
f 14484 14485 14486
f 14485 14484 14487
f 14487 14484 14488
f 14489 14490 14491
f 14490 14489 14492
f 14493 14494 14495
f 14494 14493 14496
f 14497 14498 14499
f 14498 14497 14500
f 14501 14502 14503
f 14502 14501 14504
f 14505 14506 14507
f 14506 14505 14508
f 14509 14510 14511
f 14510 14509 14512
f 14512 14509 14513
f 14514 14515 14516
f 14515 14514 14517
f 14518 14519 14520
f 14519 14518 14521
f 14522 14523 14524
f 14523 14522 14525
f 14526 14527 14528
f 14527 14526 14529
f 14530 14531 14532
f 14531 14530 14533
f 14534 14535 14536
f 14535 14534 14537
f 14538 14539 14540
f 14539 14538 14541
f 14539 14541 14542
f 14539 14542 14543
f 14541 14538 14544
f 14545 14546 14547
f 14546 14545 14548
f 14549 14550 14551
f 14550 14549 14552
f 14553 14554 14555
f 14554 14553 14556
f 14557 14558 14559
f 14558 14557 14560
f 14561 14562 14563
f 14562 14561 14564
f 14565 14566 14567
f 14566 14565 14568
f 14569 14570 14571
f 14570 14569 14572
f 14573 14574 14575
f 14574 14573 14576
f 14576 14573 14577
f 14577 14573 14578
f 14577 14578 14579
f 14577 14579 14580
f 14581 14582 14583
f 14582 14581 14584
f 14585 14586 14587
f 14586 14585 14588
f 14588 14585 14589
f 14590 14591 14592
f 14591 14590 14593
f 14594 14595 14596
f 14595 14594 14597
f 14598 14599 14600
f 14599 14598 14601
f 14602 14603 14604
f 14603 14602 14605
f 14606 14607 14608
f 14607 14606 14609
f 14610 14611 14612
f 14611 14610 14613
f 14611 14613 14614
f 14615 14616 14617
f 14616 14615 14618
f 14619 14620 14621
f 14620 14619 14622
f 14622 14619 14623
f 14624 14625 14626
f 14625 14624 14627
f 14628 14629 14630
f 14629 14628 14631
f 19049 19050 19051
f 19052 19053 19054
f 19055 19056 19057
f 19058 19059 19060
f 19061 19062 19063
f 19064 19065 19066
f 19067 19068 19069
f 19070 19071 19072
f 14632 14633 14634
f 14633 14632 14635
f 14633 14635 14636
f 19073 14637 19074
f 14637 19075 19076
f 19077 19078 19079
f 19080 19081 19082
f 19083 19084 19085
f 19086 19087 19088
f 19089 19090 19091
f 19092 19093 19094
f 19095 19096 14637
f 19097 19098 19099
f 14638 14639 14640
f 14639 14638 14641
f 14639 14641 14642
f 19100 14643 19101
f 14643 19102 19103
f 19104 19105 19106
f 19107 19108 19109
f 19110 19111 19112
f 19113 19114 19115
f 19116 19117 19118
f 19119 19120 19121
f 14643 19122 19123
f 19124 14643 19125
f 14644 14645 14646
f 14645 14644 14647
f 19126 19127 19128
f 19129 19130 19131
f 19132 19133 19134
f 19135 19136 19137
f 19138 19139 19140
f 19141 19142 19143
f 19144 19145 19146
f 19147 19148 19149
f 14648 14649 14650
f 14649 14648 14651
f 14652 14653 14654
f 14653 14652 14655
f 14655 14652 14656
f 14657 14658 14659
f 14658 14657 14660
f 14661 14662 14663
f 14662 14661 14664
f 14665 14666 14667
f 14666 14665 14668
f 14668 14665 14669
f 14669 14665 14670
f 14670 14665 14671
f 14671 14665 14672
f 14673 14674 14675
f 14674 14673 14676
f 14677 14678 14679
f 14678 14677 14680
f 14681 14682 14683
f 14682 14681 14684
f 14685 14686 14687
f 14686 14685 14688
f 14689 14690 14691
f 14690 14689 14692
f 14693 14694 14695
f 14694 14693 14696
f 14697 14698 14699
f 14698 14697 14700
f 14701 14702 14703
f 14702 14701 14704
f 14704 14701 14705
f 14704 14705 14706
f 14707 14708 14709
f 14708 14707 14710
f 14711 14712 14713
f 14712 14711 14714
f 14715 19150 19151
f 19152 14715 14716
f 14717 14718 14719
f 14718 14717 14720
f 14720 14717 14721
f 14720 14721 14722
f 14723 14724 14725
f 14724 14723 14726
f 14727 14728 14729
f 14728 14727 14730
f 14731 14657 14732
f 14657 14731 14660
f 14733 14734 14735
f 14734 14733 14736
f 14737 14738 14739
f 14738 14737 14740
f 14740 14737 14741
f 14740 14741 14742
f 14743 14711 14713
f 14711 14743 14744
f 14745 14746 14747
f 14746 14745 14748
f 14749 14750 14751
f 14750 14749 14752
f 14753 14754 14755
f 14754 14753 19153
f 14746 14756 14747
f 14756 14746 14757
f 14758 14759 14760
f 14759 14758 14761
f 14761 14758 14762
f 14762 14758 14763
f 14764 14765 14766
f 14765 14764 14767
f 19154 19155 19156
f 14768 14769 14770
f 14769 14768 14771
f 19157 14772 19158
f 14672 14773 14671
f 14764 14774 14767
f 14774 14764 14775
f 14775 14764 14776
f 14776 14777 14778
f 14777 14776 14779
f 14779 14776 14764
f 14780 14781 14782
f 14781 14780 14783
f 14783 14780 14784
f 14784 14780 14785
f 19159 14786 19160
f 14787 14704 14706
f 14704 14787 14788
f 14704 14788 14789
f 14788 14787 14790
f 14791 14792 14793
f 14792 14791 14794
f 19161 14795 14796
f 14795 19162 19163
f 14797 14798 14799
f 14798 14797 14800
f 19164 14705 14701
f 14705 19165 19166
f 14801 14802 14803
f 14802 14801 14804
f 19167 14805 14806
f 14805 19168 19169
f 14807 14808 14809
f 14808 14807 14810
f 14811 14812 14813
f 14812 14811 14814
f 14814 14811 14815
f 14816 14817 14818
f 14817 14816 14819
f 14819 14816 14820
f 19170 14821 19171
f 14821 19172 14822
f 14698 14823 14824
f 14823 14698 14700
f 14738 14825 14739
f 14825 14738 14826
f 14827 14828 14829
f 14828 14827 14830
f 14682 14831 14683
f 14831 14682 14832
f 14833 14689 14834
f 14689 14833 14692
f 14835 19173 19174
f 19175 14835 14836
f 14837 14838 14839
f 14838 14837 14840
f 19176 14663 19177
f 14663 19178 14661
f 14841 14805 14842
f 14805 14841 14806
f 19179 14749 19180
f 14749 19181 14752
f 14843 14844 14845
f 14844 14843 14846
f 14847 14830 14827
f 14830 14847 14848
f 14848 14847 14849
f 14848 14849 14850
f 14851 14852 14853
f 14852 14851 14854
f 14855 14839 14856
f 14839 14855 14837
f 14857 14858 14859
f 14858 14857 14860
f 14797 14861 14862
f 14861 14797 14799
f 14758 14863 14864
f 14863 14758 14760
f 14865 14866 14867
f 14866 14865 14868
f 14869 14870 14871
f 14870 14869 14872
f 14873 14874 14875
f 14874 14873 14876
f 14876 14873 14877
f 14877 14873 14878
f 14875 14879 14880
f 14879 14875 14874
f 14872 14795 14870
f 14795 14872 14796
f 14881 14882 14883
f 14882 14881 14884
f 14884 14881 14885
f 14885 14881 14886
f 14886 14881 14709
f 14709 14881 14707
f 14887 14888 14772
f 19182 14889 14890
f 14889 19183 14891
f 14892 14893 14894
f 14893 14892 14895
f 19184 14896 19185
f 14896 19186 14897
f 14897 19187 14898
f 14898 19188 14899
f 14808 14900 14901
f 14900 14808 14810
f 14835 14902 14836
f 14902 14835 14903
f 14904 14811 14905
f 14811 14904 14815
f 14906 14907 14908
f 14907 14906 14909
f 14910 14911 14912
f 14911 14910 14913
f 14914 14915 14916
f 14915 14914 14917
f 14772 14918 14887
f 14918 14772 14919
f 14893 14920 14921
f 14920 14893 14895
f 14916 14848 14850
f 14848 14916 14915
f 14922 14851 14853
f 14851 14922 14923
f 19189 19190 19191
f 19192 14697 14699
f 14697 19193 19194
f 14728 14924 14729
f 14924 14728 14925
f 14925 14728 14926
f 14927 14928 14929
f 14928 14927 14930
f 14930 14927 14931
f 14846 19195 14844
f 19196 14846 19197
f 14932 14933 14934
f 14933 14932 14935
f 14865 14936 14937
f 14936 14865 14867
f 14938 14936 14939
f 14936 14938 14937
f 14937 14938 14940
f 14941 19198 19199
f 19200 14941 14942
f 19201 14943 19202
f 14943 19203 14944
f 14945 14946 14947
f 14946 14945 19204
f 19205 14945 14948
f 19206 14948 14786
f 14949 14950 14951
f 14950 14949 19207
f 19208 14949 19209
f 14952 14953 14954
f 14953 14952 14955
f 14903 14956 14902
f 14956 14903 14957
f 14958 19210 14959
f 19211 14958 19212
f 14960 14961 14962
f 14961 14960 14963
f 14829 14964 14965
f 14964 14829 14828
f 14966 19213 19214
f 19215 14966 14967
f 14658 14968 14659
f 14968 14658 14969
f 14969 14658 14911
f 14911 14658 14912
f 14970 14971 14972
f 14971 14970 14973
f 19216 14974 14975
f 14974 19217 19218
f 14975 14976 14977
f 14976 14975 14974
f 14978 14976 14979
f 14976 14978 14977
f 14980 14981 14982
f 14981 14980 14983
f 14984 14985 14986
f 14985 14984 14987
f 14988 14989 14990
f 14989 14988 14991
f 14989 14991 14992
f 14873 14993 14878
f 14993 14873 14994
f 19219 14995 14888
f 14996 14997 14998
f 14997 14996 14999
f 14998 19220 19221
f 19222 14998 14997
f 14996 15000 14999
f 15000 14996 15001
f 15002 19223 15003
f 19224 15002 19225
f 19226 19227 19228
f 19229 19230 19231
f 14774 19232 19233
f 19234 14774 14775
f 15004 15005 15006
f 15005 15004 15007
f 14958 14963 14960
f 14963 14958 15008
f 15008 14958 15009
f 15009 14958 14959
f 15010 15011 15012
f 15011 15010 15013
f 15014 15015 15016
f 15015 15014 15017
f 15018 15019 15020
f 15019 15018 15021
f 15022 15023 15024
f 15023 15022 15025
f 15025 15022 15026
f 15026 15022 15027
f 15027 15022 15028
f 15028 15022 15029
f 15030 15031 15032
f 15031 15030 14944
f 14944 15030 14943
f 15033 14677 15034
f 14677 15033 14680
f 15035 14745 15036
f 14745 15035 14748
f 15037 15038 15039
f 15038 15037 15040
f 15041 15037 15039
f 15037 15041 15042
f 15043 15044 15045
f 15044 15043 15046
f 15046 15043 15047
f 15048 15049 15050
f 15049 15048 15051
f 15052 15051 15048
f 15051 15052 15053
f 15054 15055 15056
f 15055 15054 15057
f 15058 15055 15059
f 15055 15058 15056
f 15060 15057 15054
f 15057 15060 15061
f 15061 15060 15062
f 15062 15060 15063
f 15063 15060 15064
f 15063 15064 15065
f 15065 15064 15066
f 15066 15064 15067
f 15067 15064 15068
f 15068 15064 15069
f 15069 15064 15070
f 15069 15070 15071
f 19235 15072 15073
f 15072 19236 15074
f 15074 19237 19238
f 19239 15075 19240
f 15075 19241 14686
f 14686 19242 14687
f 14986 14731 14732
f 14731 14986 14985
f 15076 15077 15078
f 15077 15076 15079
f 15079 15076 15080
f 15080 15076 15081
f 15070 15082 15071
f 15082 15070 15083
f 15084 15085 15086
f 15085 15084 15087
f 14910 15088 14913
f 15088 14910 15089
f 15089 14910 14914
f 14914 14910 14917
f 14917 14910 15086
f 14917 15086 15085
f 15090 14981 14983
f 14981 15090 15091
f 15092 14892 14894
f 14892 15092 15093
f 15094 15010 15095
f 15010 15094 15013
f 15096 15097 15098
f 15097 15096 15099
f 15083 15100 15082
f 15100 15083 15101
f 15102 15103 15104
f 15103 15102 15105
f 15106 15107 15108
f 15107 15106 19243
f 15109 15110 15111
f 15110 15109 15112
f 15113 15109 15111
f 15109 15113 15114
f 15112 15115 15110
f 15115 15112 15116
f 15117 15052 15118
f 15052 15117 15053
f 15119 15120 15121
f 15120 15119 15122
f 15122 15119 15123
f 15123 15119 15124
f 15123 15124 15125
f 15123 15125 15126
f 15123 15126 15127
f 15127 15126 15128
f 15127 15128 15129
f 15129 15128 15130
f 15046 15131 15132
f 15131 15046 15047
f 15133 15134 15135
f 15134 15133 15136
f 15136 15133 15137
f 15136 15137 15138
f 15040 15139 15038
f 15139 15040 15140
f 15140 15040 15141
f 15141 15040 15142
f 15143 15144 15145
f 15144 15143 15146
f 15120 15113 15121
f 15113 15120 15114
f 15147 15148 15149
f 15148 15147 15150
f 15098 19244 19245
f 19246 15098 15097
f 15151 15152 15153
f 15152 15151 15154
f 15154 15151 15155
f 15156 15157 15158
f 15157 15156 15159
f 15159 15156 15160
f 15161 15162 15163
f 15162 15161 15164
f 15164 15161 15165
f 15166 15167 15168
f 15167 15166 15169
f 15170 15156 15158
f 15156 15170 15171
f 15172 19247 15173
f 19248 15172 15174
f 15174 15172 15175
f 15176 19249 15177
f 19250 15176 19251
f 15178 15179 15180
f 15179 15178 15181
f 15181 15178 15182
f 15183 15184 15185
f 15184 15183 15186
f 15049 15102 15050
f 15102 15049 15105
f 15187 15188 15189
f 15188 15187 15190
f 15190 15187 15019
f 15019 15187 15020
f 15018 15191 15021
f 15191 15018 15192
f 15193 15194 15195
f 15194 15193 15196
f 15194 15197 15195
f 15197 15194 15198
f 15199 15200 15201
f 15200 15199 15202
f 15203 15202 15199
f 15202 15203 15204
f 15204 15203 15205
f 15205 15203 15206
f 15207 15208 15209
f 15208 15207 15210
f 15211 15212 15213
f 15212 15211 15214
f 15215 15216 15217
f 15216 15215 15218
f 15219 15220 15221
f 15220 15219 15222
f 15223 15224 15225
f 15224 15223 15226
f 15227 19252 15228
f 19253 15227 15170
f 15170 15227 15171
f 15229 14744 14743
f 14744 15229 15230
f 15231 15207 15209
f 15207 15231 15232
f 15233 15231 15234
f 15231 15233 15232
f 15022 15235 15029
f 15235 15022 15236
f 15237 15014 15238
f 15014 15237 15017
f 19254 19255 19256
f 19257 19258 19259
f 19260 19261 19262
f 15239 15240 15241
f 15240 15239 14883
f 14883 15239 15242
f 14883 15242 14881
f 15201 15196 15193
f 15196 15201 15200
f 19263 19264 19265
f 19266 19267 19268
f 19269 15243 15244
f 15243 19270 19271
f 15245 14727 15246
f 14727 15245 14730
f 19272 19273 19274
f 19275 19276 19277
f 14970 15247 14973
f 15247 14970 15248
f 15249 15230 15229
f 15230 15249 15250
f 15251 15252 15253
f 15252 15251 15254
f 15198 15255 15197
f 15255 15198 15256
f 15257 15258 15259
f 15258 15257 15260
f 15261 15262 15263
f 15262 15261 15264
f 19278 15265 19279
f 15265 19280 15266
f 15267 15268 15269
f 15268 15267 15270
f 15271 15272 15273
f 15272 15271 15274
f 19281 19282 19283
f 19284 19285 19286
f 19287 15274 15271
f 15274 19288 19289
f 15275 19290 19291
f 19292 15275 15272
f 15272 15275 15276
f 15272 15276 15273
f 15277 15206 15203
f 15206 15277 15278
f 15253 15279 15280
f 15279 15253 15252
f 15281 15282 15283
f 15282 15281 15284
f 19293 15285 19294
f 15285 19295 19296
f 19297 19298 19299
f 15103 15282 15104
f 15282 15103 15283
f 19300 15286 15287
f 15286 19301 19302
f 19303 15286 15288
f 15286 19304 15287
f 14901 15278 15277
f 15278 14901 14900
f 15289 15290 15291
f 15290 15289 15292
f 19305 15166 15168
f 15166 19306 19307
f 15293 15294 15295
f 15294 15293 15296
f 15297 15258 15260
f 15258 15297 15298
f 15299 15296 15293
f 15296 15299 15300
f 14791 15265 15266
f 15265 14791 15301
f 15301 14791 15302
f 15302 14791 14793
f 15303 15304 15305
f 15304 15303 14859
f 14859 15303 14857
f 19308 15298 15297
f 15298 19309 19310
f 14693 15306 15307
f 15306 14693 14695
f 14868 15308 14866
f 15308 14868 15309
f 15310 15311 15312
f 15311 15310 15313
f 15314 19311 19312
f 19313 15314 15315
f 15316 15294 15317
f 15294 15316 15295
f 15318 15319 15320
f 15319 15318 15321
f 15280 15322 15323
f 15322 15280 15279
f 19314 15291 19315
f 15291 19316 15289
f 15256 15178 15255
f 15178 15256 15182
f 15324 15325 15326
f 15325 15324 15327
f 15281 15328 15284
f 15328 15281 15329
f 19317 15325 19318
f 15325 19319 15326
f 15330 15304 15331
f 15304 15330 15305
f 19320 14674 19321
f 14674 19322 14675
f 14964 14724 14965
f 14724 14964 14725
f 15324 15314 15327
f 15314 15324 15315
f 15315 15324 15332
f 15315 15332 15333
f 14756 15334 15335
f 15334 19323 19324
f 19325 15334 14757
f 14757 15334 14756
f 15336 14833 14834
f 14833 15336 15337
f 14833 15337 19326
f 19327 15337 19328
f 14803 15338 15339
f 15338 15340 15341
f 15340 15338 14802
f 14802 15338 14803
f 15342 15267 15269
f 15267 15342 15343
f 15343 15342 15344
f 15343 15344 15345
f 15345 15344 15346
f 15345 15346 15347
f 15345 15347 15348
f 15348 15347 15349
f 15348 15349 15350
f 15348 15350 15351
f 15351 15350 15352
f 15353 15336 15354
f 15336 15353 15337
f 15355 15356 15357
f 15356 15355 15358
f 15358 15355 15359
f 15359 15355 15360
f 15361 15353 15354
f 15353 15361 15362
f 15362 15361 15363
f 15363 15361 15364
f 15334 19329 15335
f 19330 15334 19331
f 15356 15365 15357
f 15365 15356 15366
f 15367 15368 15369
f 15368 15367 15370
f 15370 15367 15371
f 15370 15371 15372
f 15373 15374 15375
f 15374 15373 15092
f 15092 15373 15093
f 15093 15373 15376
f 15093 15376 15377
f 15093 15377 15378
f 15379 15377 15376
f 15377 15379 15380
f 15381 15382 15383
f 15382 15381 15384
f 15385 15386 15387
f 15386 15385 15388
f 15388 15385 15389
f 15388 15389 15390
f 15391 15386 15392
f 15386 15391 15387
f 15390 15393 15388
f 15393 15390 15394
f 15395 15352 15396
f 15352 15395 15351
f 15340 15397 15341
f 15397 15340 15398
f 15399 15400 15401
f 15400 15399 15402
f 15402 15399 15403
f 15403 15399 15404
f 15338 19332 15339
f 19333 15338 19334
f 19335 15405 15406
f 15405 19336 15407
f 15407 19337 19338
f 15407 19339 19340
f 19341 19342 19343
f 15405 15223 15225
f 15223 15405 15407
f 15408 15409 15410
f 15409 15408 15411
f 15409 15412 15410
f 15412 15409 15413
f 15413 15409 15414
f 15413 15414 15415
f 15405 19344 15406
f 19345 15405 19346
f 15372 15416 15370
f 15416 15372 15417
f 15418 15419 15420
f 15419 15418 15421
f 15421 15418 15422
f 15421 15422 15423
f 15424 19347 19348
f 19349 15424 15425
f 19350 19351 19352
f 19353 19354 19355
f 19356 15350 15349
f 15350 19357 19358
f 15426 19359 19360
f 19361 15426 15427
f 14966 15428 14967
f 15428 14966 15429
f 15429 14966 15430
f 15430 15431 15432
f 15431 15430 15433
f 15433 15430 14966
f 15434 15368 15435
f 15368 15434 15369
f 15436 15437 15438
f 15437 15436 15439
f 15440 15441 15442
f 15441 15440 15443
f 15444 15445 15446
f 15445 15444 15447
f 15447 15444 15448
f 15447 15448 15449
f 15450 15444 15446
f 15444 15450 15451
f 15090 15452 15091
f 15452 15090 19362
f 19363 15090 19364
f 19365 15090 19366
f 19367 15090 19368
f 19369 15090 15453
f 15454 19370 19371
f 19372 15454 15455
f 15456 15436 15438
f 15436 15456 15457
f 15457 15456 15458
f 15458 15456 15459
f 14927 14989 14992
f 14989 14927 14929
f 15442 15460 15461
f 15460 15442 15462
f 15462 15442 15463
f 15463 15442 15441
f 15464 15456 15465
f 15456 15464 15459
f 14928 15155 15151
f 15155 14928 14930
f 15466 15467 15468
f 15467 15466 15469
f 15469 15466 15470
f 15470 15466 15471
f 15472 15473 15474
f 15473 15472 14909
f 14909 15472 14907
f 19373 15094 15095
f 15094 19374 19375
f 15475 19376 15476
f 19377 15475 19378
f 15477 15478 15479
f 15478 15477 15480
f 15481 15482 15483
f 15482 15481 15484
f 15485 15486 15487
f 15486 15485 15488
f 19379 19380 19381
f 19382 19383 19384
f 19385 15489 19386
f 15489 19387 15490
f 15490 19388 15491
f 15491 19389 15492
f 15492 19390 15493
f 15493 19391 15023
f 15023 19392 15024
f 15024 19393 15494
f 15024 15494 15495
f 15024 15495 15496
f 15497 15498 15499
f 15498 15497 15500
f 15501 15502 15503
f 15502 15501 15504
f 15504 15501 15505
f 15505 15501 15506
f 15506 15501 15507
f 15507 15501 15508
f 19394 15509 19395
f 15509 19396 15510
f 15510 19397 15240
f 15240 19398 15241
f 15511 15512 15513
f 15512 15511 15514
f 15514 15511 15515
f 15512 15516 15517
f 15516 15512 15514
f 15518 15519 15520
f 15519 15518 15521
f 15521 15518 15522
f 15522 15518 15523
f 15523 15518 15524
f 15524 15518 15525
f 19399 15526 15527
f 15526 19400 19401
f 15526 19402 15528
f 15528 19403 15529
f 15529 19404 15530
f 15530 19405 14953
f 14953 19406 14954
f 19407 15531 15532
f 15531 19408 15533
f 15534 15535 15536
f 15535 15534 15537
f 15537 15534 15538
f 14952 15539 14955
f 15539 14952 15540
f 15540 14952 15541
f 15541 14952 15542
f 15542 14952 15543
f 15543 14952 14932
f 14932 14952 14935
f 15538 15544 15537
f 15544 15538 15545
f 19409 14863 19410
f 14863 19411 14864
f 15031 15546 15032
f 15546 15031 15547
f 15548 15549 15550
f 15549 15548 15551
f 19412 15552 19413
f 15552 19414 15553
f 19415 15554 19416
f 15554 19417 15555
f 15555 19418 19419
f 19420 19421 19422
f 15556 15117 15118
f 15117 15556 15116
f 15116 15556 15557
f 15116 15557 15115
f 15558 15330 15331
f 15330 15558 14812
f 14812 15558 15559
f 14812 15559 14813
f 19423 15560 19424
f 15560 19425 14801
f 14801 19426 14804
f 15561 15562 15563
f 15562 15561 15146
f 15146 15561 15144
f 15564 15565 15566
f 15565 15564 15567
f 15562 19427 15563
f 19428 15562 19429
f 15568 15569 15570
f 15569 15568 15571
f 19430 15572 15573
f 15572 19431 19432
f 19433 19434 19435
f 19436 19437 15574
f 15574 19438 19439
f 15575 15576 15577
f 15576 15575 15578
f 15578 15575 15579
f 15578 15579 15580
f 19440 15581 15582
f 15581 19441 19442
f 15576 15583 15584
f 15583 15576 15578
f 15012 14987 14984
f 14987 15012 15011
f 15475 14898 14899
f 14898 15475 15476
f 14949 14819 14820
f 14819 14949 14951
f 15585 15586 15587
f 15586 15588 15589
f 15588 15586 15585
f 15590 15591 15592
f 15591 15590 15593
f 15593 15590 15594
f 15595 19443 19444
f 19445 15595 15596
f 19446 15597 19447
f 15597 19448 15598
f 15598 19449 15599
f 15600 15601 15602
f 15601 15600 15603
f 15603 15600 15604
f 15162 19450 19451
f 19452 15162 15164
f 15605 19453 15606
f 19454 15605 19455
f 15607 15608 15609
f 15608 15607 19456
f 19457 15607 19458
f 15594 15610 15611
f 15610 15594 15590
f 15610 15590 15612
f 15613 19459 19460
f 19461 15613 15614
f 15615 15616 15617
f 15616 15615 15618
f 15619 15620 15621
f 15620 15619 15622
f 15623 15624 15625
f 15624 15623 15626
f 15627 15628 15629
f 15628 15627 15630
f 15631 15632 15633
f 15632 15631 15634
f 15634 15631 15635
f 19462 15636 15637
f 15636 19463 19464
f 15638 15639 19465
f 15639 15638 15640
f 15641 19466 15642
f 19467 15641 15636
f 15636 15641 15637
f 15643 19468 15644
f 19469 15643 15624
f 15624 15643 15625
f 15645 15646 15647
f 15646 15645 15648
f 15647 19470 19471
f 19472 15647 15646
f 15649 15650 15651
f 15650 15649 15652
f 15619 15616 15618
f 15616 15619 15653
f 15653 15619 15654
f 15654 15619 15621
f 15655 19473 15656
f 19474 15655 19475
f 15655 15628 15630
f 15628 15655 15656
f 15657 15658 15659
f 15658 15657 15660
f 15660 15657 15661
f 15661 15657 15662
f 19476 15650 19477
f 15650 19478 15651
f 15663 15664 15665
f 15664 15663 19479
f 19480 15663 19481
f 15666 15667 15668
f 15667 15666 15669
f 15670 15671 15672
f 15671 15670 15673
f 15670 19482 15673
f 19483 15670 19484
f 15666 15674 15669
f 15674 15666 15675
f 15676 15672 15671
f 15672 15676 15677
f 15674 19485 19486
f 19487 15674 15675
f 19488 15678 19489
f 15678 19490 15679
f 15680 15681 15682
f 15681 15680 15683
f 15683 15680 15684
f 15683 15684 15685
f 15686 15683 15685
f 15683 15686 15687
f 15688 15689 15690
f 15689 15688 15691
f 15691 15688 15692
f 15691 15692 15693
f 15691 15693 15694
f 15694 15693 15695
f 15694 15695 15696
f 15694 15696 15697
f 15694 15697 15698
f 15694 15698 15699
f 15694 15699 15700
f 15700 15699 15701
f 15700 15701 15702
f 15700 15702 15703
f 15704 15686 15705
f 15686 15704 15687
f 15706 15704 15705
f 15704 15706 15707
f 15708 15709 15710
f 15709 15708 15711
f 19491 15667 15712
f 15667 19492 15668
f 15713 15257 15259
f 15257 15713 15714
f 15148 19493 19494
f 19495 15148 15150
f 15715 19496 15716
f 19497 15715 19498
f 15717 15718 15719
f 15718 15717 15720
f 15720 15717 15721
f 15721 15717 15722
f 15723 15724 15725
f 15724 15723 15726
f 15727 15728 15729
f 15728 15727 15730
f 19499 15731 15732
f 15731 19500 19501
f 15733 15734 15735
f 15734 15733 15736
f 19502 15737 19503
f 15737 19504 15738
f 15738 19505 15739
f 15739 19506 15740
f 15740 19507 15741
f 15741 15742 15743
f 15742 15741 19508
f 15742 19509 15744
f 15742 15744 15745
f 15729 15746 15747
f 15746 15729 15728
f 15732 15748 15749
f 15748 15732 15731
f 15750 15751 15752
f 15751 15750 15753
f 19510 15754 15755
f 15754 19511 19512
f 15756 15757 15758
f 15757 15756 15759
f 15760 15753 15750
f 15753 15760 15761
f 15762 15591 15763
f 15591 15762 15592
f 15764 15765 15766
f 15765 15764 15767
f 15767 15764 15768
f 15768 15764 15769
f 15768 15769 15770
f 15768 15770 15771
f 15772 15773 15774
f 15773 15772 15775
f 15765 15776 15766
f 15776 15765 15777
f 15778 15779 15780
f 15779 15778 15781
f 15774 15782 15783
f 15782 15774 15773
f 15784 15785 15786
f 15785 15784 15787
f 15788 15789 15790
f 15789 15788 15791
f 15785 15792 15793
f 15792 15785 15787
f 15794 15784 15786
f 15784 15794 15795
f 15796 15797 15798
f 15797 15796 15799
f 15800 15770 15801
f 15770 15800 15771
f 15802 15803 15804
f 15803 15802 15805
f 19513 15781 15778
f 15781 19514 19515
f 15806 15807 15808
f 15807 15806 15809
f 15810 19516 19517
f 19518 15810 15811
f 15804 15791 15788
f 15791 15804 15803
f 15797 15802 15798
f 15802 15797 15805
f 15783 15812 15813
f 15812 15783 15782
f 15808 15814 15815
f 15814 15808 15807
f 19519 15747 15746
f 15747 19520 19521
f 15816 15817 15818
f 15817 15816 15819
f 15817 15819 15820
f 15780 15775 15772
f 15775 15780 15821
f 15821 15780 15822
f 15822 15780 15779
f 15823 15811 15810
f 15811 15823 15789
f 15789 15823 15824
f 15789 15824 15790
f 15825 19522 15826
f 19523 15825 19524
f 15827 15828 15829
f 15828 15827 15830
f 15831 15828 15830
f 15828 15831 15832
f 15833 15831 15834
f 15831 15833 15832
f 15832 15833 15835
f 15832 15835 15836
f 15837 15838 15839
f 15838 15837 15840
f 15841 15840 15837
f 15840 15841 15842
f 15843 15841 15844
f 15841 15843 15845
f 15841 15845 15846
f 15841 15846 15842
f 15839 15847 15848
f 15847 15839 15838
f 15849 19525 19526
f 19527 15849 15850
f 15850 15849 15851
f 15851 15849 15852
f 15852 15849 15853
f 15853 15849 15854
f 15855 15854 15849
f 15854 15855 15856
f 15856 15855 15857
f 15857 15855 15858
f 15859 15860 15861
f 15860 15859 15862
f 15863 15864 15865
f 15864 15863 15866
f 15867 15860 15868
f 15860 15867 15861
f 15861 15867 15869
f 15861 15869 15870
f 15871 15872 15873
f 15872 15871 15874
f 15874 15871 15875
f 15874 15875 15876
f 15866 19528 15864
f 19529 15866 19530
f 15877 15878 15879
f 15878 15877 15880
f 15881 15882 15883
f 15882 15881 15884
f 15885 15886 15887
f 15886 15885 15888
f 15888 15885 15889
f 15889 15885 15890
f 15884 19531 15882
f 19532 15884 19533
f 15874 15891 15872
f 15891 15874 15892
f 15893 15894 15895
f 15894 15893 15896
f 15897 15865 15898
f 15865 15897 15863
f 15899 15895 15900
f 15895 15899 15893
f 15901 15867 15868
f 15867 15901 15902
f 15903 15883 15904
f 15883 15903 15881
f 19534 15900 19535
f 15900 19536 15899
f 15892 19537 15891
f 19538 15892 19539
f 15905 15858 15855
f 15858 15905 15906
f 15906 15905 15907
f 15907 15905 15908
f 15908 15905 15909
f 15909 15905 15910
f 15910 15905 15911
f 15912 15913 15914
f 15913 15912 15915
f 15915 15912 15916
f 15915 15916 15917
f 15915 15917 15918
f 15919 19540 19541
f 19542 15919 15920
f 15919 15921 15920
f 15921 15919 15922
f 15922 15919 15923
f 15918 19543 15915
f 19544 15918 19545
f 19546 15904 15924
f 15904 19547 15903
f 15827 15925 15926
f 15925 15827 15829
f 15925 15829 15927
f 15928 15929 15930
f 15929 15928 15927
f 15929 15927 15829
f 19548 15846 15845
f 15846 19549 15931
f 15931 19550 15932
f 15933 15934 15935
f 15934 15933 15936
f 15937 15833 15834
f 15833 15937 15938
f 15938 15937 15939
f 15934 15940 15935
f 15940 15934 15941
f 15942 15943 15944
f 15943 15942 15945
f 15945 15942 15946
f 15947 15948 15949
f 15948 15947 15950
f 15951 15952 15953
f 15952 15951 15954
f 15954 15951 15955
f 15956 15957 15958
f 15957 15956 15959
f 15949 15960 15947
f 15960 15949 15961
f 19551 15962 19552
f 15962 19553 15963
f 19554 19555 19556
f 19557 19558 15964
f 15964 19559 19560
f 15965 15966 15967
f 15966 15965 15968
f 15969 15970 15971
f 15970 15969 15972
f 15973 15972 15969
f 15972 15973 15974
f 15966 15975 15967
f 15975 15966 15976
f 15977 15975 15976
f 15975 15977 15978
f 15979 15980 15981
f 15980 15979 15982
f 15982 15979 15983
f 15982 15983 15984
f 15985 15986 15987
f 15986 15985 15988
f 15989 15990 15991
f 15990 15989 15992
f 19561 15965 19562
f 15965 19563 15968
f 15993 15994 15995
f 15994 15993 15996
f 15997 15998 15999
f 15998 15997 16000
f 16000 15997 16001
f 16000 16001 16002
f 15987 16003 16004
f 16003 15987 15986
f 19564 15974 15973
f 15974 19565 19566
f 16003 16005 16004
f 16005 16003 16006
f 16006 16003 19567
f 19568 16003 19569
f 16007 15985 16008
f 15985 16007 15988
f 16009 15989 15991
f 15989 16009 16010
f 16011 16012 16013
f 16012 16011 16014
f 16015 16016 16017
f 16016 16015 16018
f 16019 16020 16021
f 16020 16019 16022
f 15942 19570 15946
f 19571 15942 19572
f 16023 16024 16025
f 16026 16027 16028
f 16027 16026 16025
f 16027 16025 16029
f 16029 16025 16030
f 16030 16025 16024
f 16031 19573 19574
f 19575 16031 16032
f 16033 16032 16031
f 16032 16033 16034
f 16035 16036 16037
f 16036 16035 16038
f 16039 16040 16041
f 16040 16039 16036
f 16036 16039 16037
f 16042 16035 16043
f 16035 16042 16038
f 16034 16044 16045
f 16044 16034 16033
f 19576 16042 16043
f 16042 19577 16046
f 16046 19578 16047
f 16048 16040 16049
f 16040 16048 16041
f 16002 19579 16000
f 19580 16002 19581
f 16050 16010 16009
f 16010 16050 16051
f 16051 16050 16052
f 16053 16051 16052
f 16051 16053 16054
f 16054 16053 16055
f 16051 16054 16056
f 19582 16054 16055
f 16054 19583 16056
f 16056 19584 16057
f 16057 19585 19586
f 15460 16058 15461
f 16058 15460 16059
f 15943 16060 15944
f 16061 16062 16063
f 16062 16061 16064
f 16065 16066 16067
f 16066 16065 16068
f 16069 16070 16071
f 16070 16069 16072
f 16073 19587 19588
f 19589 16073 16074
f 19590 16075 16076
f 16075 19591 19592
f 19593 19594 19595
f 19596 19597 16077
f 16077 19598 16078
f 16078 19599 16079
f 16079 19600 16080
f 16080 19601 16081
f 16081 19602 16082
f 16082 19603 16083
f 16083 19604 16084
f 16084 19605 19606
f 16085 16086 16087
f 16086 16085 16088
f 16088 16085 16089
f 16088 16089 16090
f 16088 16090 16091
f 16088 16091 16092
f 16088 16092 16093
f 16088 16093 16094
f 16095 19607 19608
f 19609 16095 19610
f 19611 16095 16096
f 16096 16095 16097
f 16098 16099 16100
f 16099 16098 16101
f 16101 16098 16102
f 16101 16102 15913
f 15913 16102 16103
f 15913 16103 16104
f 15913 16104 15914
f 16105 19612 19613
f 19614 16105 16099
f 16099 16105 16106
f 16099 16106 16107
f 16099 16107 16100
f 16108 15544 15545
f 15544 16108 16109
f 16110 19615 19616
f 19617 16110 16111
f 16112 19618 19619
f 19620 16112 16113
f 16113 16112 15950
f 15950 16112 15948
f 16114 16115 16116
f 16115 16114 16117
f 16028 19621 19622
f 19623 16028 16027
f 19624 19625 19626
f 19627 19628 19629
f 19630 16118 19631
f 16118 16119 16120
f 16119 16118 16121
f 16121 16118 19632
f 16122 16123 16124
f 16123 16122 16125
f 19633 16118 16120
f 16118 19634 19635
f 19636 19637 19638
f 19639 19640 19641
f 16126 15246 16127
f 15246 16126 15245
f 19642 16128 16129
f 16128 19643 19644
f 19645 15238 19646
f 15238 19647 15237
f 16130 16131 16132
f 16131 16130 16133
f 16134 16130 16132
f 16130 16134 16135
f 16136 16134 16137
f 16134 16136 16135
f 16137 16138 16136
f 16138 16137 16139
f 16140 19648 19649
f 19650 16140 16141
f 16142 16141 16140
f 16141 16142 16143
f 16144 16142 16145
f 16142 16144 16143
f 16146 16145 16147
f 16145 16146 16144
f 16146 16148 16149
f 16148 16146 16147
f 16150 19651 19652
f 19653 16150 16151
f 16151 16131 16133
f 16131 16151 16150
f 19654 19655 19656
f 19657 19658 19659
f 19660 16152 16153
f 16152 19661 19662
f 15721 19663 19664
f 19665 15721 15722
f 15743 19666 19667
f 19668 15743 15742
f 15689 16154 15690
f 16154 15689 16155
f 16156 15795 15794
f 15795 16156 16157
f 15681 16158 15682
f 16158 15681 16159
f 16160 15799 15796
f 15799 16160 16161
f 16162 16160 16163
f 16160 16162 16161
f 16164 15817 15820
f 15817 16164 16165
f 16121 16166 16119
f 16166 16121 16167
f 19669 16168 19670
f 16168 19671 16169
f 16169 19672 16170
f 16169 16171 16168
f 16171 16169 16172
f 16172 16169 16173
f 16173 16169 14939
f 14939 16169 14938
f 16174 16175 16176
f 16175 16174 16177
f 16178 16179 16180
f 16179 16178 16181
f 16182 16183 16184
f 16183 16182 16185
f 16186 16187 16188
f 16187 16186 16189
f 16190 16191 16192
f 16191 16190 16193
f 16194 16195 16196
f 16195 16194 16197
f 16197 16194 16198
f 16197 16198 16199
f 16200 16201 16202
f 16201 16200 16203
f 16204 16205 16176
f 16205 16204 16206
f 16174 16176 16205
f 16207 16208 16209
f 16208 16207 16210
f 16211 16212 16213
f 16212 16211 16214
f 16215 16216 16217
f 16216 16215 16218
f 16219 16220 16221
f 16220 16219 16222
f 16220 16222 16223
f 16220 16223 16224
f 16225 16226 16227
f 16226 16225 16228
f 16228 16225 16229
f 16229 16225 16230
f 16230 16225 16231
f 16231 16225 16232
f 16228 16233 16226
f 16234 16235 16236
f 16235 16234 16237
f 16238 16204 16239
f 16204 16238 16240
f 16204 16240 16206
f 16240 16238 16241
f 16206 16240 16242
f 16206 16242 16243
f 16206 16243 16244
f 16245 16246 16247
f 16246 16245 16248
f 16249 16250 16251
f 16250 16249 16252
f 16252 16249 16253
f 16252 16253 16254
f 16254 16253 16255
f 16255 16253 16256
f 16250 16255 16251
f 16255 16250 16257
f 16255 16257 16254
f 16258 16259 16260
f 16259 16258 16261
f 16262 16263 16264
f 16263 16262 16265
f 16265 16262 16266
f 16220 16267 16221
f 16267 16220 16268
f 16268 16220 16269
f 16269 16220 16270
f 16270 16220 16271
f 16270 16271 16272
f 16273 16274 16275
f 16274 16273 16276
f 16276 16273 16277
f 16278 16279 16280
f 16279 16278 16201
f 16201 16278 16202
f 16281 16282 16283
f 16282 16281 16284
f 16282 16284 16285
f 16286 16287 16288
f 16287 16286 16289
f 16290 16291 16292
f 16291 16290 16293
f 16294 16295 16296
f 16295 16294 16297
f 16298 16297 16294
f 16297 16298 16299
f 16299 16298 16300
f 16300 16298 16301
f 16289 16188 16287
f 16188 16289 16186
f 16302 16303 16304
f 16305 16302 16306
f 16307 16308 16309
f 16308 16307 16310
f 16310 16307 16311
f 16311 16307 16312
f 16312 16307 16305
f 16303 16313 16314
f 16313 16303 16315
f 16315 16303 16302
f 16315 16302 16305
f 16315 16305 16307
f 16315 16307 16316
f 16315 16316 16317
f 16317 16316 16318
f 16319 16320 16321
f 16320 16319 16322
f 16323 16324 16325
f 16324 16323 16326
f 16326 16323 16319
f 16319 16323 16322
f 16322 16323 16327
f 16327 16323 16328
f 16322 16329 16330
f 16329 16322 16327
f 16330 16329 16331
f 16332 16333 16334
f 16285 16335 16282
f 16335 16285 16336
f 16336 16285 16337
f 16337 16285 16332
f 16333 16338 16339
f 16338 16333 16332
f 16338 16332 16285
f 16338 16285 16340
f 16336 16341 16342
f 16341 16336 16337
f 16343 16344 16345
f 16344 16343 16346
f 16270 16343 16269
f 16343 16270 16346
f 16346 16270 16347
f 16347 16270 16348
f 16348 16270 16349
f 16349 16270 16350
f 16350 16270 16351
f 16351 16270 16352
f 16352 16270 16353
f 16353 16270 16354
f 16354 16270 16355
f 16355 16270 16356
f 16355 16356 16357
f 16357 16356 16226
f 16357 16226 16358
f 16358 16226 16359
f 16359 16226 16360
f 16360 16226 16233
f 16361 16360 16233
f 16362 16352 16353
f 16363 16348 16349
f 16364 16365 16366
f 16367 16368 16364
f 16368 16367 16369
f 16368 16369 16370
f 16365 16371 16372
f 16371 16365 16364
f 16371 16364 16373
f 16373 16364 16368
f 16373 16368 16374
f 16375 16376 16377
f 16376 16375 16378
f 16378 16375 16309
f 16309 16375 16307
f 16307 16375 16379
f 16376 16370 16369
f 16370 16376 16378
f 16380 16381 16382
f 16381 16380 16383
f 16383 16380 16384
f 16384 16380 16385
f 16386 16383 16384
f 16387 16388 16389
f 16390 16272 16271
f 16272 16390 16391
f 16272 16391 16392
f 16392 16391 16388
f 16392 16388 16387
f 16393 16394 16395
f 16394 16393 16396
f 16397 16398 16399
f 16398 16397 16400
f 16255 16401 16251
f 16401 16255 16402
f 16402 16255 16403
f 16404 16402 16403
f 16405 16406 16407
f 16406 16405 16408
f 16408 16405 16409
f 16408 16409 16410
f 16411 16410 16409
f 16412 16413 16414
f 16413 16412 16415
f 16410 16416 16417
f 16416 16410 16406
f 16418 16419 16420
f 16419 16418 16414
f 16414 16418 16412
f 16412 16418 16421
f 16418 16422 16421
f 16423 16424 16425
f 16424 16423 16426
f 16426 16423 16427
f 16428 16429 16430
f 16429 16428 16431
f 16431 16428 16432
f 16432 16428 16433
f 16434 16435 16436
f 16435 16434 16437
f 16438 16437 16439
f 16437 16438 16440
f 16437 16440 16436
f 16437 16436 16435
f 16441 16442 16443
f 16442 16441 16444
f 16445 16446 16443
f 16446 16441 16443
f 16441 16446 16447
f 16441 16447 16448
f 16433 16449 16432
f 16449 16433 16450
f 16450 16433 16451
f 16451 16433 16452
f 16453 16454 16455
f 16454 16453 16456
f 16457 16456 16453
f 16456 16457 16454
f 16454 16457 16458
f 16459 16460 16461
f 16460 16459 16462
f 16462 16459 16455
f 16463 16455 16459
f 16455 16463 16453
f 16453 16463 16457
f 16464 16465 16466
f 16465 16464 16467
f 16467 16464 16468
f 16466 16469 16470
f 16469 16466 16465
f 16461 16471 16472
f 16471 16461 16473
f 16473 16461 16474
f 16474 16461 16475
f 16475 16461 16460
f 16476 16471 16473
f 16472 16477 16478
f 16477 16472 16479
f 16479 16472 16480
f 16480 16472 16481
f 16481 16472 16471
f 16482 16483 16484
f 16483 16482 16485
f 16483 16485 16486
f 16486 16485 16487
f 16488 16489 16490
f 16489 16488 16491
f 16491 16488 16492
f 16492 16488 16493
f 16493 16488 16494
f 16493 16494 16495
f 16493 16495 16496
f 16496 16495 16497
f 16498 16499 16500
f 16499 16498 16501
f 16501 16498 16502
f 16501 16502 16503
f 16501 16503 16314
f 16501 16314 16313
f 16501 16313 16504
f 16504 16313 16315
f 16504 16315 16505
f 16505 16315 16506
f 16505 16506 16507
f 16507 16506 16508
f 16509 16508 16506
f 16510 16504 16505
f 16511 16393 16512
f 16393 16511 16396
f 16396 16511 16398
f 16398 16511 16399
f 16513 16514 16515
f 16514 16513 16516
f 16493 16517 16492
f 16517 16516 16513
f 16516 16517 16518
f 16518 16517 16493
f 16518 16493 16519
f 16520 16488 16521
f 16488 16520 16494
f 16494 16520 16522
f 16523 16524 16525
f 16524 16523 16526
f 16526 16523 16527
f 16528 16529 16530
f 16529 16528 16531
f 16528 16532 16533
f 16532 16528 16534
f 16534 16528 16530
f 16535 16528 16533
f 16528 16535 16536
f 16537 16538 16536
f 16528 16538 16531
f 16538 16528 16536
f 16500 16539 16540
f 16539 16500 16541
f 16541 16500 16542
f 16541 16542 16543
f 16543 16542 16544
f 16544 16542 16545
f 16545 16542 16546
f 16542 16500 16499
f 16547 16548 16549
f 16548 16547 16550
f 16550 16547 16551
f 16550 16551 16552
f 16552 16551 16553
f 16550 16554 16555
f 16554 16550 16552
f 16555 16554 16556
f 16557 16558 16559
f 16558 16560 16561
f 16560 16558 16562
f 16562 16558 16563
f 16563 16558 16564
f 16564 16558 16565
f 16565 16558 16557
f 16564 16565 16566
f 16564 16566 16567
f 16567 16566 16568
f 16568 16566 16569
f 16569 16566 16570
f 16570 16566 16549
f 16570 16549 16548
f 16546 16571 16572
f 16571 16546 16542
f 16571 16542 16573
f 16571 16573 16574
f 16572 16571 16561
f 16572 16561 16575
f 16575 16561 16576
f 16576 16561 16560
f 16577 16545 16546
f 16578 16579 16580
f 16579 16578 16581
f 16581 16578 16582
f 16581 16582 16279
f 16279 16582 16280
f 16477 16583 16478
f 16583 16477 16584
f 16585 16584 16477
f 16584 16585 16586
f 16584 16586 16587
f 16588 16589 16590
f 16589 16588 16591
f 16591 16588 16592
f 16592 16588 16593
f 16594 16595 16596
f 16595 16594 16597
f 16597 16594 16598
f 16599 16600 16601
f 16600 16599 16602
f 16602 16599 16603
f 16602 16603 16604
f 16602 16604 16605
f 16605 16604 16595
f 16605 16595 16606
f 16606 16595 16607
f 16607 16595 16597
f 16608 16606 16607
f 16609 16610 16611
f 16610 16609 16612
f 16613 16614 16615
f 16614 16613 16616
f 16410 16406 16408
f 16426 16617 16424
f 16437 16618 16439
f 16445 16443 16619
f 16437 16620 16618
f 16620 16437 16621
f 16621 16437 16622
f 16622 16437 16623
f 16623 16437 16624
f 16624 16437 16625
f 16625 16437 16626
f 16622 16627 16628
f 16627 16622 16623
f 16620 16629 16630
f 16629 16620 16621
f 16590 16631 16632
f 16631 16590 16633
f 16633 16590 16589
f 16632 16634 16635
f 16634 16632 16631
f 16635 16636 16637
f 16636 16635 16634
f 16634 16638 16636
f 16638 16634 16639
f 16588 16640 16593
f 16640 16588 16641
f 16592 16642 16591
f 16642 16592 16643
f 16593 16643 16592
f 16643 16593 16640
f 16640 16644 16643
f 16644 16640 16645
f 16646 16487 16647
f 16487 16646 16486
f 16486 16646 16648
f 16649 16650 16651
f 16650 16649 16652
f 16653 16651 16654
f 16651 16653 16649
f 16655 16653 16656
f 16653 16657 16649
f 16657 16653 16655
f 16658 16648 16646
f 16648 16658 16650
f 16650 16658 16651
f 16406 16659 16407
f 16407 16416 16448
f 16416 16407 16659
f 16406 16416 16659
f 16407 16448 16447
f 16660 16661 16662
f 16661 16660 16663
f 16663 16660 16664
f 16663 16664 16665
f 16666 16667 16668
f 16667 16666 16669
f 16670 16671 16672
f 16671 16670 16673
f 16674 16675 16676
f 16675 16674 16677
f 16678 16679 16680
f 16679 16678 16681
f 16681 16678 16682
f 16682 16678 16683
f 16683 16678 16684
f 16684 16678 16685
f 16686 16687 16688
f 16687 16686 16689
f 16689 16686 16690
f 16678 16691 16692
f 16691 16678 16680
f 16693 16694 16695
f 16690 16696 16697
f 16696 16690 16686
f 16696 16686 16698
f 16698 16686 16699
f 16696 16698 16694
f 16696 16694 16693
f 16687 16700 16701
f 16700 16687 16689
f 16701 16702 16703
f 16702 16701 16704
f 16704 16701 16700
f 16705 16706 16707
f 16706 16705 16708
f 16709 16710 16711
f 16710 16709 16712
f 16712 16709 16713
f 16712 16713 16714
f 16715 16716 16717
f 16716 16715 16718
f 16718 16715 16719
f 16718 16719 16720
f 16721 16722 16723
f 16722 16721 16724
f 16724 16721 16725
f 16724 16725 16726
f 16727 16728 16729
f 16728 16727 16730
f 16731 16732 16733
f 16732 16731 16734
f 16735 16736 16737
f 16736 16735 16738
f 16738 16735 16739
f 16740 16741 16742
f 16741 16740 16743
f 16744 16745 16746
f 16745 16744 16747
f 16748 16749 16750
f 16749 16748 16751
f 16751 16748 16752
f 16751 16752 16753
f 16754 16755 16756
f 16755 16754 16757
f 16758 16759 16760
f 16759 16758 16761
f 16762 16763 16764
f 16763 16762 16765
f 16766 16767 16768
f 16769 16770 16771
f 16770 16769 16772
f 16773 16774 16775
f 16774 16773 16776
f 16777 16778 16779
f 16778 16777 16780
f 16781 16782 16783
f 16782 16781 16784
f 16768 16767 16785
f 16726 16786 16724
f 16786 16726 16787
f 16788 16721 16789
f 16721 16788 16725
f 16720 16790 16718
f 16790 16720 16791
f 16792 16715 16793
f 16715 16792 16719
f 16794 16795 16796
f 16795 16794 16797
f 16797 16794 16798
f 16798 16794 16799
f 16800 16801 16802
f 16801 16800 16803
f 16804 16805 16806
f 16805 16804 16807
f 16808 16809 16810
f 16810 16811 16812
f 16811 16810 16809
f 16813 16814 16815
f 16814 16813 16816
f 16817 16818 16819
f 16818 16817 16820
f 16820 16817 16821
f 16820 16821 16822
f 16823 16819 16824
f 16819 16823 16817
f 16820 16825 16818
f 16825 16820 16826
f 16827 16828 16829
f 16828 16827 16830
f 16830 16827 16831
f 16830 16831 16832
f 16833 16799 16794
f 16799 16833 16834
f 16796 16835 16836
f 16835 16796 16795
f 16832 16837 16830
f 16837 16832 16838
f 16839 16827 16840
f 16827 16839 16831
f 16841 16842 16843
f 16842 16841 16844
f 16845 16846 16847
f 16846 16845 16848
f 16848 16845 16849
f 16850 16851 16852
f 16851 16850 16853
f 16854 16855 16856
f 16855 16854 16857
f 16858 16859 16860
f 16859 16858 16856
f 16856 16858 16861
f 16856 16861 16854
f 16862 16858 16863
f 16858 16862 16861
f 16864 16865 16866
f 16865 16864 16867
f 16867 16864 16868
f 16868 16864 16869
f 16870 16869 16864
f 16869 16870 16871
f 16866 16872 16873
f 16872 16866 16865
f 16874 16875 16876
f 16875 16874 16877
f 16875 16877 16878
f 16878 16877 16879
f 16880 16881 16882
f 16881 16880 16883
f 16884 16885 16886
f 16885 16884 16887
f 16888 16889 16890
f 16889 16888 16891
f 16892 16893 16894
f 16893 16892 16895
f 16896 16897 16898
f 16897 16896 16899
f 16900 16901 16902
f 16901 16900 16903
f 16904 16905 16906
f 16905 16904 16907
f 16908 16909 16910
f 16909 16908 16911
f 16912 16913 16914
f 16913 16912 16915
f 16916 16917 16918
f 16917 16916 16919
f 16920 16921 16922
f 16921 16920 16923
f 16924 16925 16926
f 16925 16927 16928
f 16927 16925 16929
f 16929 16925 16930
f 16930 16925 16931
f 16931 16925 16924
f 16930 16931 16932
f 16933 16934 16935
f 16936 16937 16938
f 16937 16936 16934
f 16937 16934 16939
f 16939 16934 16933
f 16940 16941 16942
f 16941 16940 16943
f 16941 16943 16944
f 16944 16943 16945
f 16945 16946 16947
f 16946 16945 16948
f 16948 16945 16943
f 16938 16949 16950
f 16949 16938 16937
f 16950 16949 16942
f 16950 16942 16941
f 16951 16952 16953
f 16952 16951 16954
f 16955 16956 16957
f 16956 16955 16958
f 16958 16955 16959
f 16959 16955 16960
f 16961 16956 16958
f 16960 16962 16959
f 16962 16960 16963
f 16964 16965 16966
f 16965 16964 16967
f 16968 16969 16970
f 16968 16970 16971
f 16972 16973 16974
f 16973 16972 16975
f 16975 16972 16976
f 16975 16976 16876
f 16975 16876 16875
f 16977 16978 16979
f 16978 16977 16980
f 16981 16982 16983
f 16982 16981 16984
f 16985 16986 16987
f 16986 16985 16988
f 16988 16985 16989
f 16988 16989 16990
f 16991 16992 16993
f 16992 16991 16994
f 16995 16996 16997
f 16998 16999 17000
f 16999 16998 17001
f 17002 17003 17004
f 17003 17002 17005
f 16995 17006 16996
f 17007 17008 17009
f 17008 17007 17010
f 17010 17007 17011
f 17012 17013 17014
f 17013 17012 17015
f 17016 17017 17018
f 17017 17016 17019
f 17020 17021 17022
f 16994 17023 16992
f 17023 16994 17024
f 17025 17026 17027
f 17026 17028 17029
f 17028 17026 17030
f 17030 17026 17031
f 17031 17026 17025
f 17030 17031 17032
f 17033 17034 17035
f 17034 17033 17036
f 17037 17038 17039
f 17038 17037 17040
f 17041 17042 17043
f 17042 17041 17044
f 17045 17046 17047
f 17046 17045 17048
f 17049 17050 17051
f 17050 17049 17052
f 17053 17054 17055
f 17054 17053 17051
f 17051 17053 17056
f 17051 17056 17049
f 17057 17053 17058
f 17053 17057 17056
f 17059 17060 17061
f 17060 17059 17062
f 17060 17062 17063
f 17064 17065 17066
f 17065 17064 17067
f 17067 17064 17068
f 17068 17064 17069
f 17066 17070 17071
f 17070 17066 17065
f 17072 17069 17064
f 17069 17072 17073
f 17074 17075 17076
f 17075 17074 17077
f 17078 17079 17080
f 17079 17078 17081
f 17082 17083 17084
f 17083 17082 17085
f 17086 17087 17088
f 17087 17086 17089
f 17090 17091 17092
f 17091 17090 17093
f 16802 16807 16804
f 16807 16802 17094
f 17094 16802 17095
f 17095 16802 16801
f 16811 16815 16812
f 16815 16811 16813
f 16813 16811 17096
f 16813 17096 17097
f 17098 17099 17100
f 17099 17098 17101
f 17102 17100 17103
f 17100 17102 17104
f 17100 17104 17098
f 17102 17105 17106
f 17105 17102 17103
f 17107 17108 17109
f 17108 17107 17110
f 19673 17111 19674
f 17111 19675 17112
f 17113 19676 17114
f 19677 17113 19678
f 16849 16841 16848
f 16841 16849 16844
f 16846 17115 17116
f 17115 16846 16841
f 16841 16846 16848
f 17117 17118 17119
f 17118 17120 17121
f 17120 17118 17117
f 17122 17119 17123
f 17119 17122 17117
f 17124 17125 17126
f 17125 17124 17127
f 17128 17129 17130
f 17129 17128 17131
f 17132 17133 17134
f 17133 17132 17135
f 17136 17137 17138
f 17137 17136 17139
f 17140 17141 17142
f 17141 17140 17143
f 17144 17145 17146
f 17145 17144 17147
f 17148 17149 17150
f 17149 17148 17151
f 17120 17152 17121
f 17152 17120 17153
f 17154 17155 17156
f 17155 17154 17157
f 17157 17154 17158
f 17157 17159 17155
f 17160 17161 17162
f 17161 17160 17163
f 17163 17160 17164
f 17165 17160 17162
f 17160 17165 17166
f 17167 17168 17169
f 17168 17167 17170
f 17170 17171 17168
f 17171 17170 17172
f 17171 17172 17173
f 17171 17173 17174
f 17171 17174 19679
f 17171 19680 19681
f 19682 17175 19683
f 17175 19684 17176
f 17177 17178 17179
f 17178 17177 17180
f 17181 17182 17183
f 17182 17181 19685
f 19686 17181 19687
f 19688 17181 17184
f 17184 17181 17176
f 17184 17176 17185
f 17185 17176 17179
f 17179 17176 19689
f 17185 17179 17178
f 17186 17187 17188
f 17187 17186 17189
f 17189 17186 17190
f 17188 17191 17192
f 17191 17188 17193
f 17193 17188 17187
f 17193 17194 17191
f 17194 17193 17195
f 17176 17181 17175
f 17196 17197 17198
f 17197 17196 17199
f 17200 17201 17202
f 17201 17200 17203
f 16689 16704 16700
f 16704 16689 16697
f 16697 16689 16690
f 17204 17205 17206
f 17205 17204 17207
f 17207 17204 17208
f 17207 17208 17209
f 17210 17211 17212
f 17213 17212 17211
f 17212 17213 17214
f 17212 17214 17215
f 19690 17216 19691
f 17216 19692 17217
f 17218 17219 17220
f 17219 17218 17221
f 17221 17218 17222
f 17221 17222 17223
f 17221 17223 17224
f 17224 17223 17225
f 17224 17225 17226
f 17224 17226 17227
f 17227 17226 17228
f 17229 17230 17231
f 17230 17229 17232
f 17232 17229 17233
f 17234 17235 17236
f 17235 17234 17237
f 17236 17235 17238
f 17236 17238 17239
f 17239 17238 17240
f 17239 17240 17241
f 17241 17240 17242
f 17242 17240 17243
f 17243 17240 17233
f 17243 17233 17244
f 17244 17233 17229
f 17245 17237 17234
f 17237 17245 17246
f 17237 17246 17247
f 17247 17246 17248
f 17247 17248 17249
f 17249 17248 17250
f 17249 17250 17251
f 17251 17250 17252
f 17251 17252 17253
f 17253 17252 17254
f 17254 17252 17255
f 17254 17255 17232
f 17232 17255 17230
f 17256 17242 17243
f 17257 17244 17229
f 17244 17257 17258
f 17259 17260 17261
f 17260 17259 17262
f 17260 17262 19693
f 19694 17262 19695
f 17263 17180 17177
f 17180 17263 17162
f 17162 17263 17165
f 17161 17180 17162
f 17264 17265 17266
f 17265 17264 17267
f 17268 17269 17270
f 17269 17268 17271
f 17271 17268 17272
f 17273 17274 17275
f 17274 17273 17276
f 17274 17276 17277
f 17274 17277 17278
f 17274 17278 17279
f 17280 17281 17282
f 17281 17280 17283
f 17283 17280 17284
f 17284 17280 17285
f 17286 17272 17268
f 17272 17286 19696
f 19697 17286 17287
f 19698 17287 19699
f 19700 17287 17288
f 17284 17289 17283
f 17289 17284 17290
f 17291 17292 17293
f 17292 17291 17294
f 17294 17291 17295
f 17294 17295 17296
f 17297 17298 17299
f 17298 17297 17300
f 17300 17297 17301
f 17301 17297 17302
f 17302 17297 17303
f 17302 17303 17304
f 17304 17303 17305
f 17305 17303 17306
f 17306 17303 17307
f 17298 17308 17309
f 17308 17298 17300
f 17310 17311 17312
f 17311 17310 17313
f 17311 17313 17314
f 19701 17315 19702
f 17315 17313 17310
f 17313 17315 19703
f 17313 19704 19705
f 17313 19706 17316
f 17317 19707 17318
f 19708 17317 17319
f 17320 17321 17322
f 17321 17318 17323
f 17318 17321 17317
f 17317 17321 17324
f 17324 17321 17320
f 17317 17324 17325
f 17326 17327 17328
f 17327 17326 17329
f 17329 17326 17330
f 17331 17332 17333
f 17332 17331 17334
f 17334 17331 17326
f 17319 19709 19710
f 19711 17319 19712
f 19713 17285 17280
f 17285 19714 17319
f 17285 17319 17335
f 17285 17335 17336
f 19715 17337 19716
f 17337 19717 17338
f 17338 19718 17331
f 17331 19719 17339
f 17339 19720 19721
f 19722 19723 19724
f 17330 17340 17341
f 17340 17330 17339
f 17339 17330 17326
f 17339 17326 17331
f 17342 17343 17344
f 17343 17342 17345
f 17345 17342 17346
f 17346 17342 17347
f 17345 17346 17348
f 17349 17296 17295
f 17296 17349 17350
f 17350 17349 17351
f 17350 17351 17352
f 17350 17352 17353
f 17350 17353 17354
f 17350 17354 17355
f 17350 17355 17356
f 17356 17355 17357
f 17356 17357 17358
f 17359 17360 17361
f 17360 17359 17362
f 17362 17359 17363
f 17362 17363 17293
f 17362 17293 17364
f 17364 17293 17292
f 17365 17366 17367
f 17366 17365 17368
f 17368 17365 17369
f 17369 17365 17370
f 17369 17370 17371
f 17371 17370 17372
f 17369 17373 17368
f 17374 19725 19726
f 19727 17374 17373
f 19728 17373 17375
f 17375 17373 17369
f 17376 17377 17378
f 17377 17376 17379
f 17380 17381 17382
f 17381 17380 17383
f 17383 17380 17365
f 17365 17380 17378
f 17365 17378 17370
f 17370 17378 17377
f 17381 17384 17385
f 17384 17381 17383
f 17386 17387 17388
f 17387 17386 17389
f 17389 17386 17390
f 17311 17391 17392
f 17391 17311 17390
f 17390 17311 17314
f 17390 17314 17389
f 17389 17314 17393
f 17393 17314 17394
f 17394 17314 17395
f 17396 17393 17394
f 17397 17398 17399
f 17398 17397 17400
f 17401 17402 17403
f 17404 17355 17354
f 17355 17404 17357
f 17405 17358 17357
f 17358 17405 17406
f 17407 17408 17409
f 17408 17407 17410
f 17408 17410 17411
f 17408 17411 17412
f 17412 17411 17413
f 17412 17413 17414
f 17412 17414 17415
f 17415 17414 17416
f 17415 17416 17417
f 17418 17419 17420
f 17419 17418 17421
f 17421 17418 17422
f 17422 17423 17421
f 17424 17425 17426
f 17422 17427 17423
f 17428 17424 17426
f 17424 17428 17427
f 17424 17427 17422
f 17424 17422 17429
f 17430 17431 17432
f 17431 17430 17420
f 17420 17430 17418
f 17433 19729 17434
f 19730 17433 17435
f 17435 17433 17436
f 17435 17436 17437
f 17435 17437 17438
f 17435 17438 17439
f 17435 17439 17440
f 17435 17440 17441
f 17435 17441 17442
f 17435 17442 17361
f 17435 17361 17360
f 17443 17444 17445
f 17430 17443 17446
f 17444 17432 17447
f 17432 17444 17430
f 17430 17444 17443
f 17448 19731 17449
f 19732 17448 19733
f 19734 17448 17434
f 17450 17451 17452
f 17451 17450 17453
f 17453 17450 17454
f 17455 17453 17454
f 17453 17455 17456
f 17456 17455 17457
f 17396 17458 17393
f 17459 17460 17461
f 17460 17459 17462
f 17462 17459 17463
f 17463 17459 17458
f 17463 17458 17464
f 17464 17458 17396
f 17463 17464 17465
f 17463 17465 17402
f 19735 17450 19736
f 17450 19737 17454
f 17454 19738 17455
f 17466 17467 17468
f 17467 17466 17469
f 17469 17466 17470
f 17470 17466 17471
f 17471 17466 17472
f 17471 17472 17473
f 19739 17473 17472
f 17473 19740 17452
f 17452 19741 17450
f 17452 17471 17473
f 17471 17452 17451
f 19742 17472 17466
f 17472 19743 19744
f 17467 17474 17475
f 17474 17467 17469
f 17476 17477 17478
f 17477 17476 17479
f 17479 17476 17480
f 17480 17476 17481
f 17481 17476 17482
f 17482 17476 17483
f 17482 17483 17484
f 17484 17483 17485
f 17484 17485 17486
f 17484 17486 17487
f 17487 17486 19745
f 17487 19746 19747
f 17477 17488 17489
f 17488 17477 17479
f 19748 17409 19749
f 17409 19750 17407
f 17407 19751 17490
f 19752 19753 19754
f 19755 19756 17455
f 17455 19757 17457
f 17457 19758 17491
f 17491 19759 17270
f 17491 17270 17492
f 17492 17270 17269
f 17493 17494 17495
f 17494 17493 17496
f 17497 17498 17499
f 17500 17501 17502
f 17501 17500 17503
f 17504 17505 17506
f 17505 17504 17507
f 17508 17509 17510
f 17509 17508 17511
f 17511 17508 17512
f 17512 17508 17513
f 17514 17515 17516
f 17515 17514 17517
f 17518 17519 17520
f 17519 17518 17521
f 17521 17518 17522
f 17523 17524 17525
f 17524 17523 17526
f 17527 17528 17529
f 17528 17527 17530
f 17531 17532 17533
f 17532 17531 17534
f 17535 17536 17537
f 17536 17535 17538
f 17539 17540 17541
f 17540 17539 17542
f 17543 17544 17545
f 17544 17543 17546
f 17547 17548 17549
f 17548 17547 17550
f 17551 17552 17553
f 17552 17551 17554
f 17555 17556 17557
f 17556 17555 17558
f 17559 17560 17561
f 17560 17559 17562
f 17563 17564 17565
f 17564 17563 17566
f 17567 17568 17569
f 17568 17567 17570
f 17571 17572 17573
f 17572 17571 17574
f 17573 17575 17576
f 17575 17573 17577
f 17577 17573 17572
f 17578 17579 17580
f 17579 17578 17581
f 17581 17578 17582
f 17583 17584 17585
f 17584 17583 17586
f 17584 17587 17588
f 17587 17584 17586
f 17589 17590 17591
f 17590 17589 17592
f 17592 17589 17593
f 17593 17589 17594
f 17595 17596 17597
f 17596 17595 17598
f 17598 17595 17599
f 17599 17595 17600
f 17601 17602 17603
f 17602 17601 17604
f 17605 17606 17607
f 17606 17605 17608
f 17608 17605 17609
f 17608 17609 17610
f 17611 17612 17613
f 17612 17611 17614
f 17614 17611 17615
f 17615 17611 17616
f 17617 17618 17619
f 17618 17617 17620
f 17620 17617 17621
f 17620 17621 17622
f 17623 17624 17625
f 17624 17623 17626
f 17627 17628 17629
f 17628 17627 17630
f 17630 17627 17631
f 17630 17631 17632
f 17633 17634 17635
f 17634 17633 17636
f 17637 17638 17639
f 17638 17637 17640
f 17641 17642 17643
f 17642 17641 17644
f 17645 17646 17647
f 17646 17645 17648
f 17648 17645 17649
f 17650 17651 17652
f 17651 17650 17653
f 17654 17655 17656
f 17655 17654 17657
f 17658 17659 17660
f 17659 17658 17661
f 17662 17663 17664
f 17663 17662 17665
f 17666 17667 17668
f 17667 17666 17669
f 17669 17666 17670
f 17669 17670 17671
f 17672 17673 17674
f 17673 17672 17675
f 17675 17672 17676
f 17676 17672 17677
f 17678 17679 17680
f 17679 17678 17681
f 17682 17683 17684
f 17683 17682 17685
f 17686 17687 17688
f 17687 17686 17689
f 17690 17691 17692
f 17691 17690 17693
f 17694 17695 17696
f 17695 17694 17697
f 17698 17699 17700
f 17699 17698 17701
f 17701 17698 17702
f 17701 17702 17703
f 17704 17705 17706
f 17705 17704 17707
f 17705 17707 17708
f 17708 17707 17709
f 17708 17709 17710
f 17710 17709 17711
f 17710 17711 17712
f 17712 17711 17713
f 17714 17715 17716
f 17715 17714 17717
f 17715 17717 17718
f 17719 17720 17721
f 17719 17722 17720
f 17723 17724 17725
